SET SQL_MODE = "NO_AUTO_VALUE_ON_ZERO";
SET time_zone = "+00:00";
CREATE DATABASE IF NOT EXISTS `kc_primary` DEFAULT CHARACTER SET utf8 COLLATE utf8_general_ci;
USE `kc_primary`;

DROP TABLE IF EXISTS `ADMIN_EVENT_ENTITY`;
CREATE TABLE `ADMIN_EVENT_ENTITY` (
  `ID` varchar(36) NOT NULL,
  `ADMIN_EVENT_TIME` bigint(20) DEFAULT NULL,
  `REALM_ID` varchar(255) DEFAULT NULL,
  `OPERATION_TYPE` varchar(255) DEFAULT NULL,
  `AUTH_REALM_ID` varchar(255) DEFAULT NULL,
  `AUTH_CLIENT_ID` varchar(255) DEFAULT NULL,
  `AUTH_USER_ID` varchar(255) DEFAULT NULL,
  `IP_ADDRESS` varchar(255) DEFAULT NULL,
  `RESOURCE_PATH` text DEFAULT NULL,
  `REPRESENTATION` text DEFAULT NULL,
  `ERROR` varchar(255) DEFAULT NULL,
  `RESOURCE_TYPE` varchar(64) DEFAULT NULL
) ENGINE=InnoDB DEFAULT CHARSET=utf8;

DROP TABLE IF EXISTS `ASSOCIATED_POLICY`;
CREATE TABLE `ASSOCIATED_POLICY` (
  `POLICY_ID` varchar(36) NOT NULL,
  `ASSOCIATED_POLICY_ID` varchar(36) NOT NULL
) ENGINE=InnoDB DEFAULT CHARSET=utf8;

DROP TABLE IF EXISTS `AUTHENTICATION_EXECUTION`;
CREATE TABLE `AUTHENTICATION_EXECUTION` (
  `ID` varchar(36) NOT NULL,
  `ALIAS` varchar(255) DEFAULT NULL,
  `AUTHENTICATOR` varchar(36) DEFAULT NULL,
  `REALM_ID` varchar(36) DEFAULT NULL,
  `FLOW_ID` varchar(36) DEFAULT NULL,
  `REQUIREMENT` int(11) DEFAULT NULL,
  `PRIORITY` int(11) DEFAULT NULL,
  `AUTHENTICATOR_FLOW` bit(1) NOT NULL DEFAULT b'0',
  `AUTH_FLOW_ID` varchar(36) DEFAULT NULL,
  `AUTH_CONFIG` varchar(36) DEFAULT NULL
) ENGINE=InnoDB DEFAULT CHARSET=utf8;

INSERT INTO `AUTHENTICATION_EXECUTION` (`ID`, `ALIAS`, `AUTHENTICATOR`, `REALM_ID`, `FLOW_ID`, `REQUIREMENT`, `PRIORITY`, `AUTHENTICATOR_FLOW`, `AUTH_FLOW_ID`, `AUTH_CONFIG`) VALUES('002e0375-5ac6-4dbb-8c1c-1786a9fd4fce', NULL, 'registration-profile-action', 'master', 'd30337ac-67fa-4c9d-a63c-737d7ac8b720', 0, 40, b'0', NULL, NULL);
INSERT INTO `AUTHENTICATION_EXECUTION` (`ID`, `ALIAS`, `AUTHENTICATOR`, `REALM_ID`, `FLOW_ID`, `REQUIREMENT`, `PRIORITY`, `AUTHENTICATOR_FLOW`, `AUTH_FLOW_ID`, `AUTH_CONFIG`) VALUES('0195944c-1d57-4d4b-a9d0-cf970c09011a', NULL, 'client-secret', 'galaxy', 'f72b7a4f-3e33-44a8-bb0d-979b72e9dfd3', 2, 10, b'0', NULL, NULL);
INSERT INTO `AUTHENTICATION_EXECUTION` (`ID`, `ALIAS`, `AUTHENTICATOR`, `REALM_ID`, `FLOW_ID`, `REQUIREMENT`, `PRIORITY`, `AUTHENTICATOR_FLOW`, `AUTH_FLOW_ID`, `AUTH_CONFIG`) VALUES('02103406-1e37-4e68-9407-c470da492834', NULL, NULL, 'shire', '91a143ec-d189-473a-9745-5e8bc1540d39', 0, 20, b'1', '9396ab07-032c-412e-b5ff-e581110ff2a1', NULL);
INSERT INTO `AUTHENTICATION_EXECUTION` (`ID`, `ALIAS`, `AUTHENTICATOR`, `REALM_ID`, `FLOW_ID`, `REQUIREMENT`, `PRIORITY`, `AUTHENTICATOR_FLOW`, `AUTH_FLOW_ID`, `AUTH_CONFIG`) VALUES('022cd384-06ca-49ad-8e08-0aa68557b653', NULL, 'client-x509', 'galaxy', 'f72b7a4f-3e33-44a8-bb0d-979b72e9dfd3', 2, 40, b'0', NULL, NULL);
INSERT INTO `AUTHENTICATION_EXECUTION` (`ID`, `ALIAS`, `AUTHENTICATOR`, `REALM_ID`, `FLOW_ID`, `REQUIREMENT`, `PRIORITY`, `AUTHENTICATOR_FLOW`, `AUTH_FLOW_ID`, `AUTH_CONFIG`) VALUES('02e77c64-9d1a-4099-af3d-67affa5c4966', NULL, 'conditional-user-configured', 'marvel', '28741e22-47e2-42f3-ab0d-0c9d8be2caeb', 0, 10, b'0', NULL, NULL);
INSERT INTO `AUTHENTICATION_EXECUTION` (`ID`, `ALIAS`, `AUTHENTICATOR`, `REALM_ID`, `FLOW_ID`, `REQUIREMENT`, `PRIORITY`, `AUTHENTICATOR_FLOW`, `AUTH_FLOW_ID`, `AUTH_CONFIG`) VALUES('0763a4d3-162f-47e1-8085-e3bb9cb5b324', NULL, 'idp-email-verification', 'galaxy', '6ba0dd15-5e09-42ba-90ad-1e4b577b32ed', 2, 10, b'0', NULL, NULL);
INSERT INTO `AUTHENTICATION_EXECUTION` (`ID`, `ALIAS`, `AUTHENTICATOR`, `REALM_ID`, `FLOW_ID`, `REQUIREMENT`, `PRIORITY`, `AUTHENTICATOR_FLOW`, `AUTH_FLOW_ID`, `AUTH_CONFIG`) VALUES('07bc0fd7-5a6b-45a3-95ea-9ac095b49d2b', NULL, 'idp-email-verification', 'marvel', '71a466fd-eb6b-4331-a9cb-2a013c79744f', 2, 10, b'0', NULL, NULL);
INSERT INTO `AUTHENTICATION_EXECUTION` (`ID`, `ALIAS`, `AUTHENTICATOR`, `REALM_ID`, `FLOW_ID`, `REQUIREMENT`, `PRIORITY`, `AUTHENTICATOR_FLOW`, `AUTH_FLOW_ID`, `AUTH_CONFIG`) VALUES('0a4d3b89-98e1-4207-8e72-9ab50e05a7a2', NULL, 'direct-grant-validate-password', 'galaxy', 'dd1f16b7-13da-44f4-a7d1-4d6839ff8b0e', 0, 20, b'0', NULL, NULL);
INSERT INTO `AUTHENTICATION_EXECUTION` (`ID`, `ALIAS`, `AUTHENTICATOR`, `REALM_ID`, `FLOW_ID`, `REQUIREMENT`, `PRIORITY`, `AUTHENTICATOR_FLOW`, `AUTH_FLOW_ID`, `AUTH_CONFIG`) VALUES('0c4f7d08-1680-4b23-a10c-0d56db26cba2', NULL, 'conditional-user-configured', 'galaxy', 'efd328b2-bbb5-4280-9201-d6e340d77348', 0, 10, b'0', NULL, NULL);
INSERT INTO `AUTHENTICATION_EXECUTION` (`ID`, `ALIAS`, `AUTHENTICATOR`, `REALM_ID`, `FLOW_ID`, `REQUIREMENT`, `PRIORITY`, `AUTHENTICATOR_FLOW`, `AUTH_FLOW_ID`, `AUTH_CONFIG`) VALUES('0e9f60ab-b4bd-46a3-98a0-ca2372c046fd', NULL, 'client-x509', 'shire', '952fa2c5-c850-48a0-b301-a778c56257e9', 2, 40, b'0', NULL, NULL);
INSERT INTO `AUTHENTICATION_EXECUTION` (`ID`, `ALIAS`, `AUTHENTICATOR`, `REALM_ID`, `FLOW_ID`, `REQUIREMENT`, `PRIORITY`, `AUTHENTICATOR_FLOW`, `AUTH_FLOW_ID`, `AUTH_CONFIG`) VALUES('111624b3-60f4-41f9-abd1-0ebddff0d400', NULL, NULL, 'galaxy', '820d560a-1e9a-4835-bae9-752be863781e', 1, 20, b'1', '9660aabc-f78b-466a-b50b-874cf5934ab0', NULL);
INSERT INTO `AUTHENTICATION_EXECUTION` (`ID`, `ALIAS`, `AUTHENTICATOR`, `REALM_ID`, `FLOW_ID`, `REQUIREMENT`, `PRIORITY`, `AUTHENTICATOR_FLOW`, `AUTH_FLOW_ID`, `AUTH_CONFIG`) VALUES('1162637d-96c7-4280-8aa4-20a15e03e5fd', NULL, 'auth-cookie', 'master', '6347cdba-e8d5-4a30-a9eb-9fabcb13f9ed', 2, 10, b'0', NULL, NULL);
INSERT INTO `AUTHENTICATION_EXECUTION` (`ID`, `ALIAS`, `AUTHENTICATOR`, `REALM_ID`, `FLOW_ID`, `REQUIREMENT`, `PRIORITY`, `AUTHENTICATOR_FLOW`, `AUTH_FLOW_ID`, `AUTH_CONFIG`) VALUES('124492e0-3976-4c1f-b461-d97bbbed5dff', NULL, 'auth-spnego', 'marvel', '702ffc13-9889-429f-8d42-803980ce3ff7', 3, 20, b'0', NULL, NULL);
INSERT INTO `AUTHENTICATION_EXECUTION` (`ID`, `ALIAS`, `AUTHENTICATOR`, `REALM_ID`, `FLOW_ID`, `REQUIREMENT`, `PRIORITY`, `AUTHENTICATOR_FLOW`, `AUTH_FLOW_ID`, `AUTH_CONFIG`) VALUES('12996fff-b1cb-451b-a4c0-88268c884fd9', NULL, 'auth-spnego', 'shire', '9396ab07-032c-412e-b5ff-e581110ff2a1', 3, 30, b'0', NULL, NULL);
INSERT INTO `AUTHENTICATION_EXECUTION` (`ID`, `ALIAS`, `AUTHENTICATOR`, `REALM_ID`, `FLOW_ID`, `REQUIREMENT`, `PRIORITY`, `AUTHENTICATOR_FLOW`, `AUTH_FLOW_ID`, `AUTH_CONFIG`) VALUES('13daf186-1830-415c-97cc-2f2cbe0986d2', NULL, 'conditional-user-configured', 'marvel', 'eaee8b33-db1d-4027-9407-a7a7425cd239', 0, 10, b'0', NULL, NULL);
INSERT INTO `AUTHENTICATION_EXECUTION` (`ID`, `ALIAS`, `AUTHENTICATOR`, `REALM_ID`, `FLOW_ID`, `REQUIREMENT`, `PRIORITY`, `AUTHENTICATOR_FLOW`, `AUTH_FLOW_ID`, `AUTH_CONFIG`) VALUES('153a5d15-cfb9-46cb-a188-180861ea70e0', NULL, 'conditional-user-configured', 'marvel', '80a1c029-5830-4bc3-a731-7618c1b2efed', 0, 10, b'0', NULL, NULL);
INSERT INTO `AUTHENTICATION_EXECUTION` (`ID`, `ALIAS`, `AUTHENTICATOR`, `REALM_ID`, `FLOW_ID`, `REQUIREMENT`, `PRIORITY`, `AUTHENTICATOR_FLOW`, `AUTH_FLOW_ID`, `AUTH_CONFIG`) VALUES('15c0d62b-2274-4841-a115-2a1629d6644b', NULL, 'auth-cookie', 'galaxy', '502b38b7-a1da-4f6f-b10b-89a50ed537d8', 2, 10, b'0', NULL, NULL);
INSERT INTO `AUTHENTICATION_EXECUTION` (`ID`, `ALIAS`, `AUTHENTICATOR`, `REALM_ID`, `FLOW_ID`, `REQUIREMENT`, `PRIORITY`, `AUTHENTICATOR_FLOW`, `AUTH_FLOW_ID`, `AUTH_CONFIG`) VALUES('1685f716-56ac-47fe-bf24-3022e5b6735c', NULL, 'direct-grant-validate-otp', 'galaxy', 'efd328b2-bbb5-4280-9201-d6e340d77348', 0, 20, b'0', NULL, NULL);
INSERT INTO `AUTHENTICATION_EXECUTION` (`ID`, `ALIAS`, `AUTHENTICATOR`, `REALM_ID`, `FLOW_ID`, `REQUIREMENT`, `PRIORITY`, `AUTHENTICATOR_FLOW`, `AUTH_FLOW_ID`, `AUTH_CONFIG`) VALUES('19462d1e-e24d-4606-9bd4-4e9ce0bfafcd', NULL, 'idp-email-verification', 'shire', '68cdd0ca-7454-4298-a3ae-8096bea696e1', 2, 10, b'0', NULL, NULL);
INSERT INTO `AUTHENTICATION_EXECUTION` (`ID`, `ALIAS`, `AUTHENTICATOR`, `REALM_ID`, `FLOW_ID`, `REQUIREMENT`, `PRIORITY`, `AUTHENTICATOR_FLOW`, `AUTH_FLOW_ID`, `AUTH_CONFIG`) VALUES('19b36863-b9e7-4ec1-874a-7754f57426d6', NULL, 'basic-auth-otp', 'shire', '9396ab07-032c-412e-b5ff-e581110ff2a1', 3, 20, b'0', NULL, NULL);
INSERT INTO `AUTHENTICATION_EXECUTION` (`ID`, `ALIAS`, `AUTHENTICATOR`, `REALM_ID`, `FLOW_ID`, `REQUIREMENT`, `PRIORITY`, `AUTHENTICATOR_FLOW`, `AUTH_FLOW_ID`, `AUTH_CONFIG`) VALUES('1b2470a3-ae0f-43d7-94cc-e053b4f0fc81', NULL, 'idp-username-password-form', 'shire', 'e2a97cbb-995d-478e-a308-8300d4501d17', 0, 10, b'0', NULL, NULL);
INSERT INTO `AUTHENTICATION_EXECUTION` (`ID`, `ALIAS`, `AUTHENTICATOR`, `REALM_ID`, `FLOW_ID`, `REQUIREMENT`, `PRIORITY`, `AUTHENTICATOR_FLOW`, `AUTH_FLOW_ID`, `AUTH_CONFIG`) VALUES('1be2b3ba-751e-41d4-963f-17246214cc2b', NULL, 'idp-review-profile', 'master', 'b3409584-f619-4e7a-bcf1-55bf367362a3', 0, 10, b'0', NULL, '297b4146-1aa9-430a-8e2f-88c4ba66ce12');
INSERT INTO `AUTHENTICATION_EXECUTION` (`ID`, `ALIAS`, `AUTHENTICATOR`, `REALM_ID`, `FLOW_ID`, `REQUIREMENT`, `PRIORITY`, `AUTHENTICATOR_FLOW`, `AUTH_FLOW_ID`, `AUTH_CONFIG`) VALUES('1be6299a-2fa7-47ce-9ff3-af1b9990c82f', NULL, 'docker-http-basic-authenticator', 'shire', '62face61-97d9-4506-8c61-28702ea6f23f', 0, 10, b'0', NULL, NULL);
INSERT INTO `AUTHENTICATION_EXECUTION` (`ID`, `ALIAS`, `AUTHENTICATOR`, `REALM_ID`, `FLOW_ID`, `REQUIREMENT`, `PRIORITY`, `AUTHENTICATOR_FLOW`, `AUTH_FLOW_ID`, `AUTH_CONFIG`) VALUES('1c0275d0-8c36-4c31-bca4-8e41dc204b76', NULL, 'http-basic-authenticator', 'shire', 'cce6448c-10b8-4246-9758-2f05b03cb066', 0, 10, b'0', NULL, NULL);
INSERT INTO `AUTHENTICATION_EXECUTION` (`ID`, `ALIAS`, `AUTHENTICATOR`, `REALM_ID`, `FLOW_ID`, `REQUIREMENT`, `PRIORITY`, `AUTHENTICATOR_FLOW`, `AUTH_FLOW_ID`, `AUTH_CONFIG`) VALUES('1c979802-7a7b-4fc9-9c03-623288dc083f', NULL, 'idp-username-password-form', 'master', '60938248-b0cd-4344-9539-d7ec4d0fd7ec', 0, 10, b'0', NULL, NULL);
INSERT INTO `AUTHENTICATION_EXECUTION` (`ID`, `ALIAS`, `AUTHENTICATOR`, `REALM_ID`, `FLOW_ID`, `REQUIREMENT`, `PRIORITY`, `AUTHENTICATOR_FLOW`, `AUTH_FLOW_ID`, `AUTH_CONFIG`) VALUES('1dabf0b7-d43c-4013-9620-c806d0cd35d2', NULL, 'client-jwt', 'shire', '952fa2c5-c850-48a0-b301-a778c56257e9', 2, 20, b'0', NULL, NULL);
INSERT INTO `AUTHENTICATION_EXECUTION` (`ID`, `ALIAS`, `AUTHENTICATOR`, `REALM_ID`, `FLOW_ID`, `REQUIREMENT`, `PRIORITY`, `AUTHENTICATOR_FLOW`, `AUTH_FLOW_ID`, `AUTH_CONFIG`) VALUES('1e440a45-ac39-40b0-9325-57a6daad871f', NULL, 'reset-password', 'master', '1af5d60e-3a6d-40d2-94ab-f3a94ea52557', 0, 30, b'0', NULL, NULL);
INSERT INTO `AUTHENTICATION_EXECUTION` (`ID`, `ALIAS`, `AUTHENTICATOR`, `REALM_ID`, `FLOW_ID`, `REQUIREMENT`, `PRIORITY`, `AUTHENTICATOR_FLOW`, `AUTH_FLOW_ID`, `AUTH_CONFIG`) VALUES('1ec420ee-d913-4a2a-a5d9-2d3b81bfb7cc', NULL, 'reset-credentials-choose-user', 'galaxy', 'b87bdd9d-2601-4eee-9a0d-3bf449cc4f31', 0, 10, b'0', NULL, NULL);
INSERT INTO `AUTHENTICATION_EXECUTION` (`ID`, `ALIAS`, `AUTHENTICATOR`, `REALM_ID`, `FLOW_ID`, `REQUIREMENT`, `PRIORITY`, `AUTHENTICATOR_FLOW`, `AUTH_FLOW_ID`, `AUTH_CONFIG`) VALUES('2005a2e6-731c-473b-88b4-c37ea7ab5f79', NULL, NULL, 'shire', 'c0fd7463-7e4e-4d9e-b8ca-7b0a004683bb', 0, 20, b'1', '2679c926-9286-40d5-8192-9d3df2edfa57', NULL);
INSERT INTO `AUTHENTICATION_EXECUTION` (`ID`, `ALIAS`, `AUTHENTICATOR`, `REALM_ID`, `FLOW_ID`, `REQUIREMENT`, `PRIORITY`, `AUTHENTICATOR_FLOW`, `AUTH_FLOW_ID`, `AUTH_CONFIG`) VALUES('20c11394-bd1d-4e59-8657-aa387b09912f', NULL, 'direct-grant-validate-otp', 'shire', '421146b3-e712-4368-8557-07521547e43d', 0, 20, b'0', NULL, NULL);
INSERT INTO `AUTHENTICATION_EXECUTION` (`ID`, `ALIAS`, `AUTHENTICATOR`, `REALM_ID`, `FLOW_ID`, `REQUIREMENT`, `PRIORITY`, `AUTHENTICATOR_FLOW`, `AUTH_FLOW_ID`, `AUTH_CONFIG`) VALUES('20fcb4b1-ceec-464c-bcb8-8e6aa384fa62', NULL, 'reset-password', 'marvel', '296f6aff-e0f6-4496-9a62-2af029f55486', 0, 30, b'0', NULL, NULL);
INSERT INTO `AUTHENTICATION_EXECUTION` (`ID`, `ALIAS`, `AUTHENTICATOR`, `REALM_ID`, `FLOW_ID`, `REQUIREMENT`, `PRIORITY`, `AUTHENTICATOR_FLOW`, `AUTH_FLOW_ID`, `AUTH_CONFIG`) VALUES('2111ca4f-0509-4074-b217-c702f96c8a3d', NULL, 'conditional-user-configured', 'master', '0cc94a98-588f-4094-9085-1a8fdccab1eb', 0, 10, b'0', NULL, NULL);
INSERT INTO `AUTHENTICATION_EXECUTION` (`ID`, `ALIAS`, `AUTHENTICATOR`, `REALM_ID`, `FLOW_ID`, `REQUIREMENT`, `PRIORITY`, `AUTHENTICATOR_FLOW`, `AUTH_FLOW_ID`, `AUTH_CONFIG`) VALUES('219c4308-8291-4280-b2c3-149956ed1bd7', NULL, 'client-jwt', 'galaxy', 'f72b7a4f-3e33-44a8-bb0d-979b72e9dfd3', 2, 20, b'0', NULL, NULL);
INSERT INTO `AUTHENTICATION_EXECUTION` (`ID`, `ALIAS`, `AUTHENTICATOR`, `REALM_ID`, `FLOW_ID`, `REQUIREMENT`, `PRIORITY`, `AUTHENTICATOR_FLOW`, `AUTH_FLOW_ID`, `AUTH_CONFIG`) VALUES('23bc2d98-f203-44bb-9806-d41ae4fadb40', NULL, 'identity-provider-redirector', 'marvel', '702ffc13-9889-429f-8d42-803980ce3ff7', 2, 25, b'0', NULL, NULL);
INSERT INTO `AUTHENTICATION_EXECUTION` (`ID`, `ALIAS`, `AUTHENTICATOR`, `REALM_ID`, `FLOW_ID`, `REQUIREMENT`, `PRIORITY`, `AUTHENTICATOR_FLOW`, `AUTH_FLOW_ID`, `AUTH_CONFIG`) VALUES('24a278ca-d516-497d-b57e-ae8e4acf869b', NULL, NULL, 'galaxy', 'dd1f16b7-13da-44f4-a7d1-4d6839ff8b0e', 1, 30, b'1', 'efd328b2-bbb5-4280-9201-d6e340d77348', NULL);
INSERT INTO `AUTHENTICATION_EXECUTION` (`ID`, `ALIAS`, `AUTHENTICATOR`, `REALM_ID`, `FLOW_ID`, `REQUIREMENT`, `PRIORITY`, `AUTHENTICATOR_FLOW`, `AUTH_FLOW_ID`, `AUTH_CONFIG`) VALUES('29e86849-fb07-435a-9cca-c039c65d4717', NULL, 'conditional-user-configured', 'master', 'f880768a-4218-484f-bf3b-1eb6fe42fece', 0, 10, b'0', NULL, NULL);
INSERT INTO `AUTHENTICATION_EXECUTION` (`ID`, `ALIAS`, `AUTHENTICATOR`, `REALM_ID`, `FLOW_ID`, `REQUIREMENT`, `PRIORITY`, `AUTHENTICATOR_FLOW`, `AUTH_FLOW_ID`, `AUTH_CONFIG`) VALUES('2b7f0177-d72f-44dc-8e27-9beb9ca577f1', NULL, 'registration-profile-action', 'marvel', 'e1dd17f0-0977-4555-b25a-bae1c9a0eaa5', 0, 40, b'0', NULL, NULL);
INSERT INTO `AUTHENTICATION_EXECUTION` (`ID`, `ALIAS`, `AUTHENTICATOR`, `REALM_ID`, `FLOW_ID`, `REQUIREMENT`, `PRIORITY`, `AUTHENTICATOR_FLOW`, `AUTH_FLOW_ID`, `AUTH_CONFIG`) VALUES('2e67018f-74d1-44a5-b307-be823374ed16', NULL, NULL, 'shire', 'f052a34a-6887-4244-927f-42ebd3dac3d1', 1, 30, b'1', '421146b3-e712-4368-8557-07521547e43d', NULL);
INSERT INTO `AUTHENTICATION_EXECUTION` (`ID`, `ALIAS`, `AUTHENTICATOR`, `REALM_ID`, `FLOW_ID`, `REQUIREMENT`, `PRIORITY`, `AUTHENTICATOR_FLOW`, `AUTH_FLOW_ID`, `AUTH_CONFIG`) VALUES('2e8cda6f-62c7-41de-b727-c1e619cfe8b1', NULL, NULL, 'marvel', '7a7baba6-ed24-4312-82e3-bdba66b448a1', 0, 20, b'1', '0f71257f-15ad-4eda-8b36-d8e9866bfeb6', NULL);
INSERT INTO `AUTHENTICATION_EXECUTION` (`ID`, `ALIAS`, `AUTHENTICATOR`, `REALM_ID`, `FLOW_ID`, `REQUIREMENT`, `PRIORITY`, `AUTHENTICATOR_FLOW`, `AUTH_FLOW_ID`, `AUTH_CONFIG`) VALUES('3093ef30-f186-44ab-934e-9fb1204d84b1', NULL, 'reset-otp', 'master', 'f880768a-4218-484f-bf3b-1eb6fe42fece', 0, 20, b'0', NULL, NULL);
INSERT INTO `AUTHENTICATION_EXECUTION` (`ID`, `ALIAS`, `AUTHENTICATOR`, `REALM_ID`, `FLOW_ID`, `REQUIREMENT`, `PRIORITY`, `AUTHENTICATOR_FLOW`, `AUTH_FLOW_ID`, `AUTH_CONFIG`) VALUES('30ee9a5b-e2ad-47ec-a76f-a5064bd71143', NULL, 'auth-username-password-form', 'galaxy', 'e53eea79-a78e-44a9-b865-e5fa70e0f2a1', 0, 10, b'0', NULL, NULL);
INSERT INTO `AUTHENTICATION_EXECUTION` (`ID`, `ALIAS`, `AUTHENTICATOR`, `REALM_ID`, `FLOW_ID`, `REQUIREMENT`, `PRIORITY`, `AUTHENTICATOR_FLOW`, `AUTH_FLOW_ID`, `AUTH_CONFIG`) VALUES('3116b1d9-9de2-4829-a30a-4d5459b7c700', NULL, 'idp-review-profile', 'marvel', 'e069f88e-ba38-4c71-b911-fb4cd87d1278', 0, 10, b'0', NULL, 'b0452508-1616-4932-92ba-60f72e7862fa');
INSERT INTO `AUTHENTICATION_EXECUTION` (`ID`, `ALIAS`, `AUTHENTICATOR`, `REALM_ID`, `FLOW_ID`, `REQUIREMENT`, `PRIORITY`, `AUTHENTICATOR_FLOW`, `AUTH_FLOW_ID`, `AUTH_CONFIG`) VALUES('31215209-c848-4b5b-ac32-33252cca53d4', NULL, NULL, 'marvel', '71a466fd-eb6b-4331-a9cb-2a013c79744f', 2, 20, b'1', 'dd038aea-906d-4eb5-a7f0-3422aa8ee375', NULL);
INSERT INTO `AUTHENTICATION_EXECUTION` (`ID`, `ALIAS`, `AUTHENTICATOR`, `REALM_ID`, `FLOW_ID`, `REQUIREMENT`, `PRIORITY`, `AUTHENTICATOR_FLOW`, `AUTH_FLOW_ID`, `AUTH_CONFIG`) VALUES('31aff6ce-0b72-485c-b153-a466fcc8347f', NULL, 'basic-auth-otp', 'marvel', '0f71257f-15ad-4eda-8b36-d8e9866bfeb6', 3, 20, b'0', NULL, NULL);
INSERT INTO `AUTHENTICATION_EXECUTION` (`ID`, `ALIAS`, `AUTHENTICATOR`, `REALM_ID`, `FLOW_ID`, `REQUIREMENT`, `PRIORITY`, `AUTHENTICATOR_FLOW`, `AUTH_FLOW_ID`, `AUTH_CONFIG`) VALUES('3315bf12-2f89-4ad5-b6b5-80104517b848', NULL, 'auth-spnego', 'master', '6347cdba-e8d5-4a30-a9eb-9fabcb13f9ed', 3, 20, b'0', NULL, NULL);
INSERT INTO `AUTHENTICATION_EXECUTION` (`ID`, `ALIAS`, `AUTHENTICATOR`, `REALM_ID`, `FLOW_ID`, `REQUIREMENT`, `PRIORITY`, `AUTHENTICATOR_FLOW`, `AUTH_FLOW_ID`, `AUTH_CONFIG`) VALUES('34b54115-644e-478c-b808-5a82cfb06b38', NULL, NULL, 'master', '60938248-b0cd-4344-9539-d7ec4d0fd7ec', 1, 20, b'1', '0cc94a98-588f-4094-9085-1a8fdccab1eb', NULL);
INSERT INTO `AUTHENTICATION_EXECUTION` (`ID`, `ALIAS`, `AUTHENTICATOR`, `REALM_ID`, `FLOW_ID`, `REQUIREMENT`, `PRIORITY`, `AUTHENTICATOR_FLOW`, `AUTH_FLOW_ID`, `AUTH_CONFIG`) VALUES('34da8901-396c-49d9-8dfd-e248e3db9b44', NULL, NULL, 'marvel', '296f6aff-e0f6-4496-9a62-2af029f55486', 1, 40, b'1', 'a09c6a57-462f-42d3-91a8-2990f52f28f9', NULL);
INSERT INTO `AUTHENTICATION_EXECUTION` (`ID`, `ALIAS`, `AUTHENTICATOR`, `REALM_ID`, `FLOW_ID`, `REQUIREMENT`, `PRIORITY`, `AUTHENTICATOR_FLOW`, `AUTH_FLOW_ID`, `AUTH_CONFIG`) VALUES('35c5f64e-8285-48e0-92b8-de8c92c39100', NULL, 'basic-auth-otp', 'master', 'f8f0c426-f2a5-4cab-8eae-9514fe328ce5', 3, 20, b'0', NULL, NULL);
INSERT INTO `AUTHENTICATION_EXECUTION` (`ID`, `ALIAS`, `AUTHENTICATOR`, `REALM_ID`, `FLOW_ID`, `REQUIREMENT`, `PRIORITY`, `AUTHENTICATOR_FLOW`, `AUTH_FLOW_ID`, `AUTH_CONFIG`) VALUES('38e2be34-4f26-4924-8c2d-4abcacfca75c', NULL, 'no-cookie-redirect', 'galaxy', 'a5c7e17e-c2ab-4dda-9f6e-277925e954bd', 0, 10, b'0', NULL, NULL);
INSERT INTO `AUTHENTICATION_EXECUTION` (`ID`, `ALIAS`, `AUTHENTICATOR`, `REALM_ID`, `FLOW_ID`, `REQUIREMENT`, `PRIORITY`, `AUTHENTICATOR_FLOW`, `AUTH_FLOW_ID`, `AUTH_CONFIG`) VALUES('3ab30c98-4340-470f-856b-dd5e262c6221', NULL, 'reset-credential-email', 'shire', 'a78925f3-c5c4-4126-9f51-e8e34439499f', 0, 20, b'0', NULL, NULL);
INSERT INTO `AUTHENTICATION_EXECUTION` (`ID`, `ALIAS`, `AUTHENTICATOR`, `REALM_ID`, `FLOW_ID`, `REQUIREMENT`, `PRIORITY`, `AUTHENTICATOR_FLOW`, `AUTH_FLOW_ID`, `AUTH_CONFIG`) VALUES('3be3bca8-ca53-464b-ab7e-1a14e12ebdbd', NULL, NULL, 'galaxy', 'dbffb225-da8e-471f-9eac-dd5725e1d00e', 0, 20, b'1', 'bcec0839-a3de-4b63-b703-69d90565b9c4', NULL);
INSERT INTO `AUTHENTICATION_EXECUTION` (`ID`, `ALIAS`, `AUTHENTICATOR`, `REALM_ID`, `FLOW_ID`, `REQUIREMENT`, `PRIORITY`, `AUTHENTICATOR_FLOW`, `AUTH_FLOW_ID`, `AUTH_CONFIG`) VALUES('3c1592cc-96d5-4962-91de-3198de6fce10', NULL, NULL, 'shire', '96eb562e-1147-48cf-ab29-9321c7dec1b5', 0, 20, b'1', '68cdd0ca-7454-4298-a3ae-8096bea696e1', NULL);
INSERT INTO `AUTHENTICATION_EXECUTION` (`ID`, `ALIAS`, `AUTHENTICATOR`, `REALM_ID`, `FLOW_ID`, `REQUIREMENT`, `PRIORITY`, `AUTHENTICATOR_FLOW`, `AUTH_FLOW_ID`, `AUTH_CONFIG`) VALUES('3c4e6d7a-1f10-4cd3-9058-01e08e13b67a', NULL, 'client-jwt', 'marvel', '80361bd8-c351-4936-a10f-75bc49461b57', 2, 20, b'0', NULL, NULL);
INSERT INTO `AUTHENTICATION_EXECUTION` (`ID`, `ALIAS`, `AUTHENTICATOR`, `REALM_ID`, `FLOW_ID`, `REQUIREMENT`, `PRIORITY`, `AUTHENTICATOR_FLOW`, `AUTH_FLOW_ID`, `AUTH_CONFIG`) VALUES('3c64fb96-c9b8-45c8-a775-0498e11d770b', NULL, NULL, 'master', '7e511862-ee7a-43a9-b528-69d86310d78f', 0, 20, b'1', 'ce740e0b-1826-40b6-9cd5-596b2b824c96', NULL);
INSERT INTO `AUTHENTICATION_EXECUTION` (`ID`, `ALIAS`, `AUTHENTICATOR`, `REALM_ID`, `FLOW_ID`, `REQUIREMENT`, `PRIORITY`, `AUTHENTICATOR_FLOW`, `AUTH_FLOW_ID`, `AUTH_CONFIG`) VALUES('3ea4f637-8e61-4db9-84e9-aaedfaa3c380', NULL, 'direct-grant-validate-username', 'shire', 'f052a34a-6887-4244-927f-42ebd3dac3d1', 0, 10, b'0', NULL, NULL);
INSERT INTO `AUTHENTICATION_EXECUTION` (`ID`, `ALIAS`, `AUTHENTICATOR`, `REALM_ID`, `FLOW_ID`, `REQUIREMENT`, `PRIORITY`, `AUTHENTICATOR_FLOW`, `AUTH_FLOW_ID`, `AUTH_CONFIG`) VALUES('3f43c4b1-eadc-427f-ab83-c89812726ec9', NULL, NULL, 'master', 'ce740e0b-1826-40b6-9cd5-596b2b824c96', 2, 20, b'1', '60938248-b0cd-4344-9539-d7ec4d0fd7ec', NULL);
INSERT INTO `AUTHENTICATION_EXECUTION` (`ID`, `ALIAS`, `AUTHENTICATOR`, `REALM_ID`, `FLOW_ID`, `REQUIREMENT`, `PRIORITY`, `AUTHENTICATOR_FLOW`, `AUTH_FLOW_ID`, `AUTH_CONFIG`) VALUES('3f5bf618-0293-482f-ab67-b27e45cedec2', NULL, NULL, 'galaxy', 'e53eea79-a78e-44a9-b865-e5fa70e0f2a1', 1, 20, b'1', '0946127a-c85a-43a1-bd49-f004e698dc26', NULL);
INSERT INTO `AUTHENTICATION_EXECUTION` (`ID`, `ALIAS`, `AUTHENTICATOR`, `REALM_ID`, `FLOW_ID`, `REQUIREMENT`, `PRIORITY`, `AUTHENTICATOR_FLOW`, `AUTH_FLOW_ID`, `AUTH_CONFIG`) VALUES('4083df04-7179-4594-9862-eb1d651ee557', NULL, NULL, 'master', '94aec50e-beef-4d83-a16d-ffecefd4fed1', 1, 20, b'1', 'bda9d1fa-0d9f-4d97-9bbf-48468ce35477', NULL);
INSERT INTO `AUTHENTICATION_EXECUTION` (`ID`, `ALIAS`, `AUTHENTICATOR`, `REALM_ID`, `FLOW_ID`, `REQUIREMENT`, `PRIORITY`, `AUTHENTICATOR_FLOW`, `AUTH_FLOW_ID`, `AUTH_CONFIG`) VALUES('409727ec-f073-46e6-834b-228b80cb6215', NULL, 'registration-recaptcha-action', 'galaxy', '027505f1-3a47-4e24-b0e7-b9198ed2cc21', 3, 60, b'0', NULL, NULL);
INSERT INTO `AUTHENTICATION_EXECUTION` (`ID`, `ALIAS`, `AUTHENTICATOR`, `REALM_ID`, `FLOW_ID`, `REQUIREMENT`, `PRIORITY`, `AUTHENTICATOR_FLOW`, `AUTH_FLOW_ID`, `AUTH_CONFIG`) VALUES('4474332a-45aa-4718-89bd-656113f7a9b9', NULL, 'basic-auth-otp', 'galaxy', 'dd2a97f4-ff3f-4b64-b457-d60baead1785', 3, 20, b'0', NULL, NULL);
INSERT INTO `AUTHENTICATION_EXECUTION` (`ID`, `ALIAS`, `AUTHENTICATOR`, `REALM_ID`, `FLOW_ID`, `REQUIREMENT`, `PRIORITY`, `AUTHENTICATOR_FLOW`, `AUTH_FLOW_ID`, `AUTH_CONFIG`) VALUES('44850ea6-eb49-4829-b616-26357e8b654f', NULL, 'auth-username-password-form', 'shire', 'ececc9cd-7ba3-42fc-b942-b796f892aaae', 0, 10, b'0', NULL, NULL);
INSERT INTO `AUTHENTICATION_EXECUTION` (`ID`, `ALIAS`, `AUTHENTICATOR`, `REALM_ID`, `FLOW_ID`, `REQUIREMENT`, `PRIORITY`, `AUTHENTICATOR_FLOW`, `AUTH_FLOW_ID`, `AUTH_CONFIG`) VALUES('4632ca32-b3da-4275-9576-54bf2fec6db3', NULL, NULL, 'master', 'cd30a35e-5ae7-41a5-a267-782f375f151b', 2, 20, b'1', '7e511862-ee7a-43a9-b528-69d86310d78f', NULL);
INSERT INTO `AUTHENTICATION_EXECUTION` (`ID`, `ALIAS`, `AUTHENTICATOR`, `REALM_ID`, `FLOW_ID`, `REQUIREMENT`, `PRIORITY`, `AUTHENTICATOR_FLOW`, `AUTH_FLOW_ID`, `AUTH_CONFIG`) VALUES('46737010-3cd8-4316-9352-2586fef99f7b', NULL, NULL, 'marvel', '396e2faa-f7f2-4db0-89a6-a3113028f1f1', 1, 20, b'1', '28741e22-47e2-42f3-ab0d-0c9d8be2caeb', NULL);
INSERT INTO `AUTHENTICATION_EXECUTION` (`ID`, `ALIAS`, `AUTHENTICATOR`, `REALM_ID`, `FLOW_ID`, `REQUIREMENT`, `PRIORITY`, `AUTHENTICATOR_FLOW`, `AUTH_FLOW_ID`, `AUTH_CONFIG`) VALUES('47162ae3-ecb1-4b99-86ce-6d413bc93bd8', NULL, 'no-cookie-redirect', 'master', '41b9ff46-370d-491f-8d7f-c116f63be540', 0, 10, b'0', NULL, NULL);
INSERT INTO `AUTHENTICATION_EXECUTION` (`ID`, `ALIAS`, `AUTHENTICATOR`, `REALM_ID`, `FLOW_ID`, `REQUIREMENT`, `PRIORITY`, `AUTHENTICATOR_FLOW`, `AUTH_FLOW_ID`, `AUTH_CONFIG`) VALUES('48da211b-c003-49ee-9b1c-d033b13d1852', NULL, 'http-basic-authenticator', 'marvel', 'bf3dbfe4-cf88-4f43-b98b-95c2fbefa8a4', 0, 10, b'0', NULL, NULL);
INSERT INTO `AUTHENTICATION_EXECUTION` (`ID`, `ALIAS`, `AUTHENTICATOR`, `REALM_ID`, `FLOW_ID`, `REQUIREMENT`, `PRIORITY`, `AUTHENTICATOR_FLOW`, `AUTH_FLOW_ID`, `AUTH_CONFIG`) VALUES('49b53b46-9ecb-440f-877d-0feca794ade3', NULL, 'client-x509', 'master', '8749feb7-c5b3-4c13-92ed-aaba493a815a', 2, 40, b'0', NULL, NULL);
INSERT INTO `AUTHENTICATION_EXECUTION` (`ID`, `ALIAS`, `AUTHENTICATOR`, `REALM_ID`, `FLOW_ID`, `REQUIREMENT`, `PRIORITY`, `AUTHENTICATOR_FLOW`, `AUTH_FLOW_ID`, `AUTH_CONFIG`) VALUES('4c666654-af4c-463f-97fd-568dcb185a53', NULL, 'idp-username-password-form', 'galaxy', '820d560a-1e9a-4835-bae9-752be863781e', 0, 10, b'0', NULL, NULL);
INSERT INTO `AUTHENTICATION_EXECUTION` (`ID`, `ALIAS`, `AUTHENTICATOR`, `REALM_ID`, `FLOW_ID`, `REQUIREMENT`, `PRIORITY`, `AUTHENTICATOR_FLOW`, `AUTH_FLOW_ID`, `AUTH_CONFIG`) VALUES('4d58f6ee-acd7-4647-a936-83b040c1b906', NULL, 'registration-recaptcha-action', 'shire', '44886a9c-2682-4b82-9fb7-4459dfe3dceb', 3, 60, b'0', NULL, NULL);
INSERT INTO `AUTHENTICATION_EXECUTION` (`ID`, `ALIAS`, `AUTHENTICATOR`, `REALM_ID`, `FLOW_ID`, `REQUIREMENT`, `PRIORITY`, `AUTHENTICATOR_FLOW`, `AUTH_FLOW_ID`, `AUTH_CONFIG`) VALUES('4d855de7-554a-4df6-b003-1811a25bd40e', NULL, 'direct-grant-validate-username', 'master', '951a62bc-0afb-42a1-805c-d55cd66955db', 0, 10, b'0', NULL, NULL);
INSERT INTO `AUTHENTICATION_EXECUTION` (`ID`, `ALIAS`, `AUTHENTICATOR`, `REALM_ID`, `FLOW_ID`, `REQUIREMENT`, `PRIORITY`, `AUTHENTICATOR_FLOW`, `AUTH_FLOW_ID`, `AUTH_CONFIG`) VALUES('4fb8afec-044b-4f19-bf70-9762a1b350cb', NULL, 'reset-credentials-choose-user', 'marvel', '296f6aff-e0f6-4496-9a62-2af029f55486', 0, 10, b'0', NULL, NULL);
INSERT INTO `AUTHENTICATION_EXECUTION` (`ID`, `ALIAS`, `AUTHENTICATOR`, `REALM_ID`, `FLOW_ID`, `REQUIREMENT`, `PRIORITY`, `AUTHENTICATOR_FLOW`, `AUTH_FLOW_ID`, `AUTH_CONFIG`) VALUES('50d9c13c-8bbb-4731-9e2f-12f095c3413d', NULL, 'auth-cookie', 'shire', '6129685f-9417-4bc6-b792-547d45cb0def', 2, 10, b'0', NULL, NULL);
INSERT INTO `AUTHENTICATION_EXECUTION` (`ID`, `ALIAS`, `AUTHENTICATOR`, `REALM_ID`, `FLOW_ID`, `REQUIREMENT`, `PRIORITY`, `AUTHENTICATOR_FLOW`, `AUTH_FLOW_ID`, `AUTH_CONFIG`) VALUES('522f08e3-54e5-46e1-a6c2-774a8c4f319e', NULL, 'registration-password-action', 'shire', '44886a9c-2682-4b82-9fb7-4459dfe3dceb', 0, 50, b'0', NULL, NULL);
INSERT INTO `AUTHENTICATION_EXECUTION` (`ID`, `ALIAS`, `AUTHENTICATOR`, `REALM_ID`, `FLOW_ID`, `REQUIREMENT`, `PRIORITY`, `AUTHENTICATOR_FLOW`, `AUTH_FLOW_ID`, `AUTH_CONFIG`) VALUES('53ed1780-ef19-4773-b2cd-66534d90831c', NULL, NULL, 'shire', '68cdd0ca-7454-4298-a3ae-8096bea696e1', 2, 20, b'1', 'e2a97cbb-995d-478e-a308-8300d4501d17', NULL);
INSERT INTO `AUTHENTICATION_EXECUTION` (`ID`, `ALIAS`, `AUTHENTICATOR`, `REALM_ID`, `FLOW_ID`, `REQUIREMENT`, `PRIORITY`, `AUTHENTICATOR_FLOW`, `AUTH_FLOW_ID`, `AUTH_CONFIG`) VALUES('55777c21-34c9-41c6-9403-e96720f88e12', NULL, 'registration-page-form', 'marvel', '6367bea6-1afd-45fe-bef4-0246198b9179', 0, 10, b'1', 'e1dd17f0-0977-4555-b25a-bae1c9a0eaa5', NULL);
INSERT INTO `AUTHENTICATION_EXECUTION` (`ID`, `ALIAS`, `AUTHENTICATOR`, `REALM_ID`, `FLOW_ID`, `REQUIREMENT`, `PRIORITY`, `AUTHENTICATOR_FLOW`, `AUTH_FLOW_ID`, `AUTH_CONFIG`) VALUES('56437edc-00f8-481b-b3a0-30e56e680548', NULL, 'registration-password-action', 'galaxy', '027505f1-3a47-4e24-b0e7-b9198ed2cc21', 0, 50, b'0', NULL, NULL);
INSERT INTO `AUTHENTICATION_EXECUTION` (`ID`, `ALIAS`, `AUTHENTICATOR`, `REALM_ID`, `FLOW_ID`, `REQUIREMENT`, `PRIORITY`, `AUTHENTICATOR_FLOW`, `AUTH_FLOW_ID`, `AUTH_CONFIG`) VALUES('56f72dcc-8249-45f5-9f1f-32abaebade4e', NULL, 'conditional-user-configured', 'galaxy', '9660aabc-f78b-466a-b50b-874cf5934ab0', 0, 10, b'0', NULL, NULL);
INSERT INTO `AUTHENTICATION_EXECUTION` (`ID`, `ALIAS`, `AUTHENTICATOR`, `REALM_ID`, `FLOW_ID`, `REQUIREMENT`, `PRIORITY`, `AUTHENTICATOR_FLOW`, `AUTH_FLOW_ID`, `AUTH_CONFIG`) VALUES('56fbc69f-8891-435f-ad91-d831e736a1d3', NULL, 'registration-password-action', 'master', 'd30337ac-67fa-4c9d-a63c-737d7ac8b720', 0, 50, b'0', NULL, NULL);
INSERT INTO `AUTHENTICATION_EXECUTION` (`ID`, `ALIAS`, `AUTHENTICATOR`, `REALM_ID`, `FLOW_ID`, `REQUIREMENT`, `PRIORITY`, `AUTHENTICATOR_FLOW`, `AUTH_FLOW_ID`, `AUTH_CONFIG`) VALUES('5b229797-ca23-44ab-875d-1a00e42cc048', NULL, 'idp-create-user-if-unique', 'galaxy', 'bcec0839-a3de-4b63-b703-69d90565b9c4', 2, 10, b'0', NULL, 'c7201343-90df-4116-bdf8-eae256e3d55a');
INSERT INTO `AUTHENTICATION_EXECUTION` (`ID`, `ALIAS`, `AUTHENTICATOR`, `REALM_ID`, `FLOW_ID`, `REQUIREMENT`, `PRIORITY`, `AUTHENTICATOR_FLOW`, `AUTH_FLOW_ID`, `AUTH_CONFIG`) VALUES('5f01d75c-c021-40cf-b867-afb34e58efc4', NULL, 'basic-auth', 'galaxy', 'dd2a97f4-ff3f-4b64-b457-d60baead1785', 0, 10, b'0', NULL, NULL);
INSERT INTO `AUTHENTICATION_EXECUTION` (`ID`, `ALIAS`, `AUTHENTICATOR`, `REALM_ID`, `FLOW_ID`, `REQUIREMENT`, `PRIORITY`, `AUTHENTICATOR_FLOW`, `AUTH_FLOW_ID`, `AUTH_CONFIG`) VALUES('60c09ae9-250c-42da-8496-61400d4571da', NULL, 'basic-auth', 'master', 'f8f0c426-f2a5-4cab-8eae-9514fe328ce5', 0, 10, b'0', NULL, NULL);
INSERT INTO `AUTHENTICATION_EXECUTION` (`ID`, `ALIAS`, `AUTHENTICATOR`, `REALM_ID`, `FLOW_ID`, `REQUIREMENT`, `PRIORITY`, `AUTHENTICATOR_FLOW`, `AUTH_FLOW_ID`, `AUTH_CONFIG`) VALUES('64799a33-df28-432f-917e-93994bbdcc4e', NULL, NULL, 'galaxy', 'a6823f11-b60b-486f-a393-4238f675b298', 0, 20, b'1', '6ba0dd15-5e09-42ba-90ad-1e4b577b32ed', NULL);
INSERT INTO `AUTHENTICATION_EXECUTION` (`ID`, `ALIAS`, `AUTHENTICATOR`, `REALM_ID`, `FLOW_ID`, `REQUIREMENT`, `PRIORITY`, `AUTHENTICATOR_FLOW`, `AUTH_FLOW_ID`, `AUTH_CONFIG`) VALUES('6593305c-4e50-40e3-95cc-50dad7fbbf9d', NULL, 'reset-otp', 'galaxy', 'f3ca4676-aae4-4ceb-99fe-4a228ade0331', 0, 20, b'0', NULL, NULL);
INSERT INTO `AUTHENTICATION_EXECUTION` (`ID`, `ALIAS`, `AUTHENTICATOR`, `REALM_ID`, `FLOW_ID`, `REQUIREMENT`, `PRIORITY`, `AUTHENTICATOR_FLOW`, `AUTH_FLOW_ID`, `AUTH_CONFIG`) VALUES('6857b642-d775-4ee3-869d-f9b06aa2052f', NULL, 'basic-auth', 'marvel', '0f71257f-15ad-4eda-8b36-d8e9866bfeb6', 0, 10, b'0', NULL, NULL);
INSERT INTO `AUTHENTICATION_EXECUTION` (`ID`, `ALIAS`, `AUTHENTICATOR`, `REALM_ID`, `FLOW_ID`, `REQUIREMENT`, `PRIORITY`, `AUTHENTICATOR_FLOW`, `AUTH_FLOW_ID`, `AUTH_CONFIG`) VALUES('686c8213-c0c5-4b8d-b044-c180f5d19339', NULL, 'idp-create-user-if-unique', 'master', 'cd30a35e-5ae7-41a5-a267-782f375f151b', 2, 10, b'0', NULL, '3c992e9f-c008-4d38-95f3-530f925737f4');
INSERT INTO `AUTHENTICATION_EXECUTION` (`ID`, `ALIAS`, `AUTHENTICATOR`, `REALM_ID`, `FLOW_ID`, `REQUIREMENT`, `PRIORITY`, `AUTHENTICATOR_FLOW`, `AUTH_FLOW_ID`, `AUTH_CONFIG`) VALUES('69847449-1649-44ca-b79c-18322044be27', NULL, NULL, 'shire', '2679c926-9286-40d5-8192-9d3df2edfa57', 2, 20, b'1', '96eb562e-1147-48cf-ab29-9321c7dec1b5', NULL);
INSERT INTO `AUTHENTICATION_EXECUTION` (`ID`, `ALIAS`, `AUTHENTICATOR`, `REALM_ID`, `FLOW_ID`, `REQUIREMENT`, `PRIORITY`, `AUTHENTICATOR_FLOW`, `AUTH_FLOW_ID`, `AUTH_CONFIG`) VALUES('6a5bdeb8-b1a4-4ae9-9f06-5704b5fddce5', NULL, 'auth-spnego', 'shire', '6129685f-9417-4bc6-b792-547d45cb0def', 3, 20, b'0', NULL, NULL);
INSERT INTO `AUTHENTICATION_EXECUTION` (`ID`, `ALIAS`, `AUTHENTICATOR`, `REALM_ID`, `FLOW_ID`, `REQUIREMENT`, `PRIORITY`, `AUTHENTICATOR_FLOW`, `AUTH_FLOW_ID`, `AUTH_CONFIG`) VALUES('6bf072a1-50ce-49cf-9641-f22aa78614b3', NULL, 'auth-cookie', 'marvel', '702ffc13-9889-429f-8d42-803980ce3ff7', 2, 10, b'0', NULL, NULL);
INSERT INTO `AUTHENTICATION_EXECUTION` (`ID`, `ALIAS`, `AUTHENTICATOR`, `REALM_ID`, `FLOW_ID`, `REQUIREMENT`, `PRIORITY`, `AUTHENTICATOR_FLOW`, `AUTH_FLOW_ID`, `AUTH_CONFIG`) VALUES('6bf2bf22-62de-435b-bb28-ecffffcd0074', NULL, 'registration-profile-action', 'shire', '44886a9c-2682-4b82-9fb7-4459dfe3dceb', 0, 40, b'0', NULL, NULL);
INSERT INTO `AUTHENTICATION_EXECUTION` (`ID`, `ALIAS`, `AUTHENTICATOR`, `REALM_ID`, `FLOW_ID`, `REQUIREMENT`, `PRIORITY`, `AUTHENTICATOR_FLOW`, `AUTH_FLOW_ID`, `AUTH_CONFIG`) VALUES('6c4d1865-0f80-413e-ab9e-6f2d9530b51b', NULL, 'basic-auth', 'shire', '9396ab07-032c-412e-b5ff-e581110ff2a1', 0, 10, b'0', NULL, NULL);
INSERT INTO `AUTHENTICATION_EXECUTION` (`ID`, `ALIAS`, `AUTHENTICATOR`, `REALM_ID`, `FLOW_ID`, `REQUIREMENT`, `PRIORITY`, `AUTHENTICATOR_FLOW`, `AUTH_FLOW_ID`, `AUTH_CONFIG`) VALUES('6daa75da-6be8-4269-9907-cc14c4a4b334', NULL, 'auth-spnego', 'galaxy', 'dd2a97f4-ff3f-4b64-b457-d60baead1785', 3, 30, b'0', NULL, NULL);
INSERT INTO `AUTHENTICATION_EXECUTION` (`ID`, `ALIAS`, `AUTHENTICATOR`, `REALM_ID`, `FLOW_ID`, `REQUIREMENT`, `PRIORITY`, `AUTHENTICATOR_FLOW`, `AUTH_FLOW_ID`, `AUTH_CONFIG`) VALUES('6ed11430-1815-414e-a908-42dd21301a24', NULL, 'idp-confirm-link', 'shire', '96eb562e-1147-48cf-ab29-9321c7dec1b5', 0, 10, b'0', NULL, NULL);
INSERT INTO `AUTHENTICATION_EXECUTION` (`ID`, `ALIAS`, `AUTHENTICATOR`, `REALM_ID`, `FLOW_ID`, `REQUIREMENT`, `PRIORITY`, `AUTHENTICATOR_FLOW`, `AUTH_FLOW_ID`, `AUTH_CONFIG`) VALUES('6f675cba-6583-44db-bb36-14b56cdb9126', NULL, 'auth-spnego', 'marvel', '0f71257f-15ad-4eda-8b36-d8e9866bfeb6', 3, 30, b'0', NULL, NULL);
INSERT INTO `AUTHENTICATION_EXECUTION` (`ID`, `ALIAS`, `AUTHENTICATOR`, `REALM_ID`, `FLOW_ID`, `REQUIREMENT`, `PRIORITY`, `AUTHENTICATOR_FLOW`, `AUTH_FLOW_ID`, `AUTH_CONFIG`) VALUES('70003649-79f1-4659-87be-48c6c270874b', NULL, NULL, 'marvel', 'e069f88e-ba38-4c71-b911-fb4cd87d1278', 0, 20, b'1', '9ec0e186-8ba9-4870-852d-222b12900c08', NULL);
INSERT INTO `AUTHENTICATION_EXECUTION` (`ID`, `ALIAS`, `AUTHENTICATOR`, `REALM_ID`, `FLOW_ID`, `REQUIREMENT`, `PRIORITY`, `AUTHENTICATOR_FLOW`, `AUTH_FLOW_ID`, `AUTH_CONFIG`) VALUES('70dc73d8-21ec-49b7-a907-b586f446c4a6', NULL, 'reset-credentials-choose-user', 'master', '1af5d60e-3a6d-40d2-94ab-f3a94ea52557', 0, 10, b'0', NULL, NULL);
INSERT INTO `AUTHENTICATION_EXECUTION` (`ID`, `ALIAS`, `AUTHENTICATOR`, `REALM_ID`, `FLOW_ID`, `REQUIREMENT`, `PRIORITY`, `AUTHENTICATOR_FLOW`, `AUTH_FLOW_ID`, `AUTH_CONFIG`) VALUES('71118687-2726-44e3-82c5-aab9f503f969', NULL, NULL, 'galaxy', 'b87bdd9d-2601-4eee-9a0d-3bf449cc4f31', 1, 40, b'1', 'f3ca4676-aae4-4ceb-99fe-4a228ade0331', NULL);
INSERT INTO `AUTHENTICATION_EXECUTION` (`ID`, `ALIAS`, `AUTHENTICATOR`, `REALM_ID`, `FLOW_ID`, `REQUIREMENT`, `PRIORITY`, `AUTHENTICATOR_FLOW`, `AUTH_FLOW_ID`, `AUTH_CONFIG`) VALUES('71e40521-605b-4410-bd04-c038174b430f', NULL, 'registration-user-creation', 'master', 'd30337ac-67fa-4c9d-a63c-737d7ac8b720', 0, 20, b'0', NULL, NULL);
INSERT INTO `AUTHENTICATION_EXECUTION` (`ID`, `ALIAS`, `AUTHENTICATOR`, `REALM_ID`, `FLOW_ID`, `REQUIREMENT`, `PRIORITY`, `AUTHENTICATOR_FLOW`, `AUTH_FLOW_ID`, `AUTH_CONFIG`) VALUES('7376425c-d844-49ad-93a4-6162d36d078e', NULL, 'auth-otp-form', 'master', 'bda9d1fa-0d9f-4d97-9bbf-48468ce35477', 0, 20, b'0', NULL, NULL);
INSERT INTO `AUTHENTICATION_EXECUTION` (`ID`, `ALIAS`, `AUTHENTICATOR`, `REALM_ID`, `FLOW_ID`, `REQUIREMENT`, `PRIORITY`, `AUTHENTICATOR_FLOW`, `AUTH_FLOW_ID`, `AUTH_CONFIG`) VALUES('73a46f65-4b8e-4433-b997-0639180d4556', NULL, 'http-basic-authenticator', 'galaxy', '0ba1941c-81c3-44ca-887a-20ec9126f887', 0, 10, b'0', NULL, NULL);
INSERT INTO `AUTHENTICATION_EXECUTION` (`ID`, `ALIAS`, `AUTHENTICATOR`, `REALM_ID`, `FLOW_ID`, `REQUIREMENT`, `PRIORITY`, `AUTHENTICATOR_FLOW`, `AUTH_FLOW_ID`, `AUTH_CONFIG`) VALUES('75752da0-e851-408d-9976-4a74f4239a3e', NULL, 'conditional-user-configured', 'master', '437f17e2-6a1f-4461-a97d-77321122cd4d', 0, 10, b'0', NULL, NULL);
INSERT INTO `AUTHENTICATION_EXECUTION` (`ID`, `ALIAS`, `AUTHENTICATOR`, `REALM_ID`, `FLOW_ID`, `REQUIREMENT`, `PRIORITY`, `AUTHENTICATOR_FLOW`, `AUTH_FLOW_ID`, `AUTH_CONFIG`) VALUES('76726fa2-fd6d-473f-a3e4-25cae8998ba0', NULL, NULL, 'marvel', '9ec0e186-8ba9-4870-852d-222b12900c08', 2, 20, b'1', '84af15aa-6ce4-4139-90e8-771aab51c65e', NULL);
INSERT INTO `AUTHENTICATION_EXECUTION` (`ID`, `ALIAS`, `AUTHENTICATOR`, `REALM_ID`, `FLOW_ID`, `REQUIREMENT`, `PRIORITY`, `AUTHENTICATOR_FLOW`, `AUTH_FLOW_ID`, `AUTH_CONFIG`) VALUES('78d0a483-a621-48b3-8adf-c074d964666b', NULL, 'idp-confirm-link', 'galaxy', 'a6823f11-b60b-486f-a393-4238f675b298', 0, 10, b'0', NULL, NULL);
INSERT INTO `AUTHENTICATION_EXECUTION` (`ID`, `ALIAS`, `AUTHENTICATOR`, `REALM_ID`, `FLOW_ID`, `REQUIREMENT`, `PRIORITY`, `AUTHENTICATOR_FLOW`, `AUTH_FLOW_ID`, `AUTH_CONFIG`) VALUES('7a5b7a56-bbfb-4f18-bd79-67d55e542fef', NULL, 'conditional-user-configured', 'galaxy', 'f3ca4676-aae4-4ceb-99fe-4a228ade0331', 0, 10, b'0', NULL, NULL);
INSERT INTO `AUTHENTICATION_EXECUTION` (`ID`, `ALIAS`, `AUTHENTICATOR`, `REALM_ID`, `FLOW_ID`, `REQUIREMENT`, `PRIORITY`, `AUTHENTICATOR_FLOW`, `AUTH_FLOW_ID`, `AUTH_CONFIG`) VALUES('7c389c5b-da3e-46f9-8ecb-43f314284659', NULL, NULL, 'galaxy', '6ba0dd15-5e09-42ba-90ad-1e4b577b32ed', 2, 20, b'1', '820d560a-1e9a-4835-bae9-752be863781e', NULL);
INSERT INTO `AUTHENTICATION_EXECUTION` (`ID`, `ALIAS`, `AUTHENTICATOR`, `REALM_ID`, `FLOW_ID`, `REQUIREMENT`, `PRIORITY`, `AUTHENTICATOR_FLOW`, `AUTH_FLOW_ID`, `AUTH_CONFIG`) VALUES('828fdccd-6afb-41a3-818b-adcd7a611ff1', NULL, NULL, 'shire', 'ececc9cd-7ba3-42fc-b942-b796f892aaae', 1, 20, b'1', 'a4931226-7e8a-40e7-875c-a86636438429', NULL);
INSERT INTO `AUTHENTICATION_EXECUTION` (`ID`, `ALIAS`, `AUTHENTICATOR`, `REALM_ID`, `FLOW_ID`, `REQUIREMENT`, `PRIORITY`, `AUTHENTICATOR_FLOW`, `AUTH_FLOW_ID`, `AUTH_CONFIG`) VALUES('8320bd3f-992a-4555-afae-5637befcab8b', NULL, NULL, 'shire', 'e2a97cbb-995d-478e-a308-8300d4501d17', 1, 20, b'1', 'd29329b7-a847-4409-bdc5-e280628d69c2', NULL);
INSERT INTO `AUTHENTICATION_EXECUTION` (`ID`, `ALIAS`, `AUTHENTICATOR`, `REALM_ID`, `FLOW_ID`, `REQUIREMENT`, `PRIORITY`, `AUTHENTICATOR_FLOW`, `AUTH_FLOW_ID`, `AUTH_CONFIG`) VALUES('8483151f-f904-4aa4-b24c-dd3c5db41833', NULL, 'auth-otp-form', 'marvel', '28741e22-47e2-42f3-ab0d-0c9d8be2caeb', 0, 20, b'0', NULL, NULL);
INSERT INTO `AUTHENTICATION_EXECUTION` (`ID`, `ALIAS`, `AUTHENTICATOR`, `REALM_ID`, `FLOW_ID`, `REQUIREMENT`, `PRIORITY`, `AUTHENTICATOR_FLOW`, `AUTH_FLOW_ID`, `AUTH_CONFIG`) VALUES('85390fe5-6a18-4562-9b19-57a43d3de935', NULL, 'conditional-user-configured', 'shire', 'd29329b7-a847-4409-bdc5-e280628d69c2', 0, 10, b'0', NULL, NULL);
INSERT INTO `AUTHENTICATION_EXECUTION` (`ID`, `ALIAS`, `AUTHENTICATOR`, `REALM_ID`, `FLOW_ID`, `REQUIREMENT`, `PRIORITY`, `AUTHENTICATOR_FLOW`, `AUTH_FLOW_ID`, `AUTH_CONFIG`) VALUES('8630e40f-72c4-4bac-ac5c-acf7efee7fdf', NULL, 'conditional-user-configured', 'galaxy', '0946127a-c85a-43a1-bd49-f004e698dc26', 0, 10, b'0', NULL, NULL);
INSERT INTO `AUTHENTICATION_EXECUTION` (`ID`, `ALIAS`, `AUTHENTICATOR`, `REALM_ID`, `FLOW_ID`, `REQUIREMENT`, `PRIORITY`, `AUTHENTICATOR_FLOW`, `AUTH_FLOW_ID`, `AUTH_CONFIG`) VALUES('8910596c-bec9-4d88-96b0-b0babfa4f340', NULL, 'conditional-user-configured', 'shire', '421146b3-e712-4368-8557-07521547e43d', 0, 10, b'0', NULL, NULL);
INSERT INTO `AUTHENTICATION_EXECUTION` (`ID`, `ALIAS`, `AUTHENTICATOR`, `REALM_ID`, `FLOW_ID`, `REQUIREMENT`, `PRIORITY`, `AUTHENTICATOR_FLOW`, `AUTH_FLOW_ID`, `AUTH_CONFIG`) VALUES('8b65873a-8479-4f37-87a6-1fd3ff605c73', NULL, 'client-jwt', 'master', '8749feb7-c5b3-4c13-92ed-aaba493a815a', 2, 20, b'0', NULL, NULL);
INSERT INTO `AUTHENTICATION_EXECUTION` (`ID`, `ALIAS`, `AUTHENTICATOR`, `REALM_ID`, `FLOW_ID`, `REQUIREMENT`, `PRIORITY`, `AUTHENTICATOR_FLOW`, `AUTH_FLOW_ID`, `AUTH_CONFIG`) VALUES('8d8331c4-8944-48aa-9e10-ee6b5e5e93f4', NULL, 'identity-provider-redirector', 'galaxy', '502b38b7-a1da-4f6f-b10b-89a50ed537d8', 2, 25, b'0', NULL, NULL);
INSERT INTO `AUTHENTICATION_EXECUTION` (`ID`, `ALIAS`, `AUTHENTICATOR`, `REALM_ID`, `FLOW_ID`, `REQUIREMENT`, `PRIORITY`, `AUTHENTICATOR_FLOW`, `AUTH_FLOW_ID`, `AUTH_CONFIG`) VALUES('90841f44-2be5-4a87-a5b0-8729649afc16', NULL, 'idp-review-profile', 'galaxy', 'dbffb225-da8e-471f-9eac-dd5725e1d00e', 0, 10, b'0', NULL, '0d9b4755-dcb4-45c9-b6f7-1ddf193ff6b0');
INSERT INTO `AUTHENTICATION_EXECUTION` (`ID`, `ALIAS`, `AUTHENTICATOR`, `REALM_ID`, `FLOW_ID`, `REQUIREMENT`, `PRIORITY`, `AUTHENTICATOR_FLOW`, `AUTH_FLOW_ID`, `AUTH_CONFIG`) VALUES('9092fde5-6cf9-427a-9491-ec8346be516c', NULL, 'no-cookie-redirect', 'shire', '91a143ec-d189-473a-9745-5e8bc1540d39', 0, 10, b'0', NULL, NULL);
INSERT INTO `AUTHENTICATION_EXECUTION` (`ID`, `ALIAS`, `AUTHENTICATOR`, `REALM_ID`, `FLOW_ID`, `REQUIREMENT`, `PRIORITY`, `AUTHENTICATOR_FLOW`, `AUTH_FLOW_ID`, `AUTH_CONFIG`) VALUES('9156cb54-0fd3-48ad-822f-199ec3336b28', NULL, 'direct-grant-validate-otp', 'marvel', '80a1c029-5830-4bc3-a731-7618c1b2efed', 0, 20, b'0', NULL, NULL);
INSERT INTO `AUTHENTICATION_EXECUTION` (`ID`, `ALIAS`, `AUTHENTICATOR`, `REALM_ID`, `FLOW_ID`, `REQUIREMENT`, `PRIORITY`, `AUTHENTICATOR_FLOW`, `AUTH_FLOW_ID`, `AUTH_CONFIG`) VALUES('91bd1461-5e48-482d-9d2d-374c75973973', NULL, 'docker-http-basic-authenticator', 'master', '21ee8049-1005-43f3-820a-515af7fbc41b', 0, 10, b'0', NULL, NULL);
INSERT INTO `AUTHENTICATION_EXECUTION` (`ID`, `ALIAS`, `AUTHENTICATOR`, `REALM_ID`, `FLOW_ID`, `REQUIREMENT`, `PRIORITY`, `AUTHENTICATOR_FLOW`, `AUTH_FLOW_ID`, `AUTH_CONFIG`) VALUES('94e78871-729c-4eca-a08f-2010eddb2cfb', NULL, 'direct-grant-validate-password', 'master', '951a62bc-0afb-42a1-805c-d55cd66955db', 0, 20, b'0', NULL, NULL);
INSERT INTO `AUTHENTICATION_EXECUTION` (`ID`, `ALIAS`, `AUTHENTICATOR`, `REALM_ID`, `FLOW_ID`, `REQUIREMENT`, `PRIORITY`, `AUTHENTICATOR_FLOW`, `AUTH_FLOW_ID`, `AUTH_CONFIG`) VALUES('99265ce6-ce67-4e10-bca2-ae78a7d0a1b6', NULL, 'conditional-user-configured', 'marvel', 'a09c6a57-462f-42d3-91a8-2990f52f28f9', 0, 10, b'0', NULL, NULL);
INSERT INTO `AUTHENTICATION_EXECUTION` (`ID`, `ALIAS`, `AUTHENTICATOR`, `REALM_ID`, `FLOW_ID`, `REQUIREMENT`, `PRIORITY`, `AUTHENTICATOR_FLOW`, `AUTH_FLOW_ID`, `AUTH_CONFIG`) VALUES('9a68c543-cd6c-45e8-a238-30a428fdc468', NULL, 'idp-username-password-form', 'marvel', 'dd038aea-906d-4eb5-a7f0-3422aa8ee375', 0, 10, b'0', NULL, NULL);
INSERT INTO `AUTHENTICATION_EXECUTION` (`ID`, `ALIAS`, `AUTHENTICATOR`, `REALM_ID`, `FLOW_ID`, `REQUIREMENT`, `PRIORITY`, `AUTHENTICATOR_FLOW`, `AUTH_FLOW_ID`, `AUTH_CONFIG`) VALUES('9a98fa15-e08b-4502-9301-20f13f3c658a', NULL, 'reset-credential-email', 'marvel', '296f6aff-e0f6-4496-9a62-2af029f55486', 0, 20, b'0', NULL, NULL);
INSERT INTO `AUTHENTICATION_EXECUTION` (`ID`, `ALIAS`, `AUTHENTICATOR`, `REALM_ID`, `FLOW_ID`, `REQUIREMENT`, `PRIORITY`, `AUTHENTICATOR_FLOW`, `AUTH_FLOW_ID`, `AUTH_CONFIG`) VALUES('9ca36749-d383-4341-8573-6144230fabe1', NULL, 'docker-http-basic-authenticator', 'galaxy', '0b180ac9-08bb-430d-ad58-bec6b6346a9c', 0, 10, b'0', NULL, NULL);
INSERT INTO `AUTHENTICATION_EXECUTION` (`ID`, `ALIAS`, `AUTHENTICATOR`, `REALM_ID`, `FLOW_ID`, `REQUIREMENT`, `PRIORITY`, `AUTHENTICATOR_FLOW`, `AUTH_FLOW_ID`, `AUTH_CONFIG`) VALUES('9ed6a247-9144-4897-b6e9-985bbdcce48c', NULL, 'reset-credential-email', 'galaxy', 'b87bdd9d-2601-4eee-9a0d-3bf449cc4f31', 0, 20, b'0', NULL, NULL);
INSERT INTO `AUTHENTICATION_EXECUTION` (`ID`, `ALIAS`, `AUTHENTICATOR`, `REALM_ID`, `FLOW_ID`, `REQUIREMENT`, `PRIORITY`, `AUTHENTICATOR_FLOW`, `AUTH_FLOW_ID`, `AUTH_CONFIG`) VALUES('9f22c1b6-f48f-436d-a3f6-52bafa340de4', NULL, 'auth-spnego', 'galaxy', '502b38b7-a1da-4f6f-b10b-89a50ed537d8', 3, 20, b'0', NULL, NULL);
INSERT INTO `AUTHENTICATION_EXECUTION` (`ID`, `ALIAS`, `AUTHENTICATOR`, `REALM_ID`, `FLOW_ID`, `REQUIREMENT`, `PRIORITY`, `AUTHENTICATOR_FLOW`, `AUTH_FLOW_ID`, `AUTH_CONFIG`) VALUES('9f6f5c50-66fc-43f9-a47f-c9de8dd4a2e9', NULL, 'auth-otp-form', 'shire', 'd29329b7-a847-4409-bdc5-e280628d69c2', 0, 20, b'0', NULL, NULL);
INSERT INTO `AUTHENTICATION_EXECUTION` (`ID`, `ALIAS`, `AUTHENTICATOR`, `REALM_ID`, `FLOW_ID`, `REQUIREMENT`, `PRIORITY`, `AUTHENTICATOR_FLOW`, `AUTH_FLOW_ID`, `AUTH_CONFIG`) VALUES('9fcfed13-fea7-461a-9a60-8ba83113f3ec', NULL, 'registration-profile-action', 'galaxy', '027505f1-3a47-4e24-b0e7-b9198ed2cc21', 0, 40, b'0', NULL, NULL);
INSERT INTO `AUTHENTICATION_EXECUTION` (`ID`, `ALIAS`, `AUTHENTICATOR`, `REALM_ID`, `FLOW_ID`, `REQUIREMENT`, `PRIORITY`, `AUTHENTICATOR_FLOW`, `AUTH_FLOW_ID`, `AUTH_CONFIG`) VALUES('a109965d-938f-4251-a139-c777becb9773', NULL, 'client-secret-jwt', 'shire', '952fa2c5-c850-48a0-b301-a778c56257e9', 2, 30, b'0', NULL, NULL);
INSERT INTO `AUTHENTICATION_EXECUTION` (`ID`, `ALIAS`, `AUTHENTICATOR`, `REALM_ID`, `FLOW_ID`, `REQUIREMENT`, `PRIORITY`, `AUTHENTICATOR_FLOW`, `AUTH_FLOW_ID`, `AUTH_CONFIG`) VALUES('a1204d2b-87ed-430f-8bc8-ffa8e8435fab', NULL, 'registration-user-creation', 'galaxy', '027505f1-3a47-4e24-b0e7-b9198ed2cc21', 0, 20, b'0', NULL, NULL);
INSERT INTO `AUTHENTICATION_EXECUTION` (`ID`, `ALIAS`, `AUTHENTICATOR`, `REALM_ID`, `FLOW_ID`, `REQUIREMENT`, `PRIORITY`, `AUTHENTICATOR_FLOW`, `AUTH_FLOW_ID`, `AUTH_CONFIG`) VALUES('a1b96e12-1d47-4dd1-831c-97042d2e2b2c', NULL, 'auth-spnego', 'master', 'f8f0c426-f2a5-4cab-8eae-9514fe328ce5', 3, 30, b'0', NULL, NULL);
INSERT INTO `AUTHENTICATION_EXECUTION` (`ID`, `ALIAS`, `AUTHENTICATOR`, `REALM_ID`, `FLOW_ID`, `REQUIREMENT`, `PRIORITY`, `AUTHENTICATOR_FLOW`, `AUTH_FLOW_ID`, `AUTH_CONFIG`) VALUES('a1e2dc55-23ce-4640-a881-5b872d89a7e3', NULL, 'registration-page-form', 'galaxy', '9148b0fa-e5c3-41d1-a077-35094064baed', 0, 10, b'1', '027505f1-3a47-4e24-b0e7-b9198ed2cc21', NULL);
INSERT INTO `AUTHENTICATION_EXECUTION` (`ID`, `ALIAS`, `AUTHENTICATOR`, `REALM_ID`, `FLOW_ID`, `REQUIREMENT`, `PRIORITY`, `AUTHENTICATOR_FLOW`, `AUTH_FLOW_ID`, `AUTH_CONFIG`) VALUES('a2cd1e64-ca85-4df9-9248-7f4874e3827a', NULL, 'registration-password-action', 'marvel', 'e1dd17f0-0977-4555-b25a-bae1c9a0eaa5', 0, 50, b'0', NULL, NULL);
INSERT INTO `AUTHENTICATION_EXECUTION` (`ID`, `ALIAS`, `AUTHENTICATOR`, `REALM_ID`, `FLOW_ID`, `REQUIREMENT`, `PRIORITY`, `AUTHENTICATOR_FLOW`, `AUTH_FLOW_ID`, `AUTH_CONFIG`) VALUES('a41db904-c9d4-452b-b656-1e8dae35e977', NULL, NULL, 'shire', 'a78925f3-c5c4-4126-9f51-e8e34439499f', 1, 40, b'1', '40d8cb22-e9a8-47ce-9c3f-a67f13317433', NULL);
INSERT INTO `AUTHENTICATION_EXECUTION` (`ID`, `ALIAS`, `AUTHENTICATOR`, `REALM_ID`, `FLOW_ID`, `REQUIREMENT`, `PRIORITY`, `AUTHENTICATOR_FLOW`, `AUTH_FLOW_ID`, `AUTH_CONFIG`) VALUES('ad57e8b0-b2de-4ecc-8c48-80159ea9e51b', NULL, NULL, 'marvel', 'dd038aea-906d-4eb5-a7f0-3422aa8ee375', 1, 20, b'1', 'eaee8b33-db1d-4027-9407-a7a7425cd239', NULL);
INSERT INTO `AUTHENTICATION_EXECUTION` (`ID`, `ALIAS`, `AUTHENTICATOR`, `REALM_ID`, `FLOW_ID`, `REQUIREMENT`, `PRIORITY`, `AUTHENTICATOR_FLOW`, `AUTH_FLOW_ID`, `AUTH_CONFIG`) VALUES('b17755b5-72cf-4015-b905-f4f36a5553c9', NULL, 'reset-otp', 'shire', '40d8cb22-e9a8-47ce-9c3f-a67f13317433', 0, 20, b'0', NULL, NULL);
INSERT INTO `AUTHENTICATION_EXECUTION` (`ID`, `ALIAS`, `AUTHENTICATOR`, `REALM_ID`, `FLOW_ID`, `REQUIREMENT`, `PRIORITY`, `AUTHENTICATOR_FLOW`, `AUTH_FLOW_ID`, `AUTH_CONFIG`) VALUES('b1eacb69-24e9-4ec2-8863-b33a70f04bb4', NULL, 'client-secret', 'marvel', '80361bd8-c351-4936-a10f-75bc49461b57', 2, 10, b'0', NULL, NULL);
INSERT INTO `AUTHENTICATION_EXECUTION` (`ID`, `ALIAS`, `AUTHENTICATOR`, `REALM_ID`, `FLOW_ID`, `REQUIREMENT`, `PRIORITY`, `AUTHENTICATOR_FLOW`, `AUTH_FLOW_ID`, `AUTH_CONFIG`) VALUES('b1fac5db-6236-4892-8246-95bd04866a41', NULL, 'registration-recaptcha-action', 'marvel', 'e1dd17f0-0977-4555-b25a-bae1c9a0eaa5', 3, 60, b'0', NULL, NULL);
INSERT INTO `AUTHENTICATION_EXECUTION` (`ID`, `ALIAS`, `AUTHENTICATOR`, `REALM_ID`, `FLOW_ID`, `REQUIREMENT`, `PRIORITY`, `AUTHENTICATOR_FLOW`, `AUTH_FLOW_ID`, `AUTH_CONFIG`) VALUES('b1fb2807-9cde-45f4-ad75-c128ac16d827', NULL, 'direct-grant-validate-otp', 'master', '437f17e2-6a1f-4461-a97d-77321122cd4d', 0, 20, b'0', NULL, NULL);
INSERT INTO `AUTHENTICATION_EXECUTION` (`ID`, `ALIAS`, `AUTHENTICATOR`, `REALM_ID`, `FLOW_ID`, `REQUIREMENT`, `PRIORITY`, `AUTHENTICATOR_FLOW`, `AUTH_FLOW_ID`, `AUTH_CONFIG`) VALUES('b4268659-3dba-4ccf-808b-d141e5a27781', NULL, NULL, 'marvel', '84af15aa-6ce4-4139-90e8-771aab51c65e', 0, 20, b'1', '71a466fd-eb6b-4331-a9cb-2a013c79744f', NULL);
INSERT INTO `AUTHENTICATION_EXECUTION` (`ID`, `ALIAS`, `AUTHENTICATOR`, `REALM_ID`, `FLOW_ID`, `REQUIREMENT`, `PRIORITY`, `AUTHENTICATOR_FLOW`, `AUTH_FLOW_ID`, `AUTH_CONFIG`) VALUES('b500b758-7d45-4b52-be57-fcb132014589', NULL, 'client-x509', 'marvel', '80361bd8-c351-4936-a10f-75bc49461b57', 2, 40, b'0', NULL, NULL);
INSERT INTO `AUTHENTICATION_EXECUTION` (`ID`, `ALIAS`, `AUTHENTICATOR`, `REALM_ID`, `FLOW_ID`, `REQUIREMENT`, `PRIORITY`, `AUTHENTICATOR_FLOW`, `AUTH_FLOW_ID`, `AUTH_CONFIG`) VALUES('b61a8da9-bdff-4688-8be2-3a77da695b58', NULL, NULL, 'marvel', '9b8de67e-2ce3-4279-bd04-d942e503f6cb', 1, 30, b'1', '80a1c029-5830-4bc3-a731-7618c1b2efed', NULL);
INSERT INTO `AUTHENTICATION_EXECUTION` (`ID`, `ALIAS`, `AUTHENTICATOR`, `REALM_ID`, `FLOW_ID`, `REQUIREMENT`, `PRIORITY`, `AUTHENTICATOR_FLOW`, `AUTH_FLOW_ID`, `AUTH_CONFIG`) VALUES('b64b06cc-f5ff-44ee-a868-59e9c7154862', NULL, 'http-basic-authenticator', 'master', 'afd33de8-d811-4964-9430-0c06b15cb245', 0, 10, b'0', NULL, NULL);
INSERT INTO `AUTHENTICATION_EXECUTION` (`ID`, `ALIAS`, `AUTHENTICATOR`, `REALM_ID`, `FLOW_ID`, `REQUIREMENT`, `PRIORITY`, `AUTHENTICATOR_FLOW`, `AUTH_FLOW_ID`, `AUTH_CONFIG`) VALUES('b8b3dc5e-e30d-4e0f-a6eb-ae47264e6b1d', NULL, 'reset-password', 'shire', 'a78925f3-c5c4-4126-9f51-e8e34439499f', 0, 30, b'0', NULL, NULL);
INSERT INTO `AUTHENTICATION_EXECUTION` (`ID`, `ALIAS`, `AUTHENTICATOR`, `REALM_ID`, `FLOW_ID`, `REQUIREMENT`, `PRIORITY`, `AUTHENTICATOR_FLOW`, `AUTH_FLOW_ID`, `AUTH_CONFIG`) VALUES('b8e61fb2-1e9e-4f7d-bb9c-a4f91f9f2e92', NULL, 'idp-review-profile', 'shire', 'c0fd7463-7e4e-4d9e-b8ca-7b0a004683bb', 0, 10, b'0', NULL, 'dfdbc18d-36c7-470f-a22f-e67c599f0784');
INSERT INTO `AUTHENTICATION_EXECUTION` (`ID`, `ALIAS`, `AUTHENTICATOR`, `REALM_ID`, `FLOW_ID`, `REQUIREMENT`, `PRIORITY`, `AUTHENTICATOR_FLOW`, `AUTH_FLOW_ID`, `AUTH_CONFIG`) VALUES('ba0cbe8e-eb1c-47e2-8ad5-da9625e62812', NULL, NULL, 'master', '951a62bc-0afb-42a1-805c-d55cd66955db', 1, 30, b'1', '437f17e2-6a1f-4461-a97d-77321122cd4d', NULL);
INSERT INTO `AUTHENTICATION_EXECUTION` (`ID`, `ALIAS`, `AUTHENTICATOR`, `REALM_ID`, `FLOW_ID`, `REQUIREMENT`, `PRIORITY`, `AUTHENTICATOR_FLOW`, `AUTH_FLOW_ID`, `AUTH_CONFIG`) VALUES('bb9006d2-b72b-4875-8e04-48b998e953f4', NULL, 'auth-otp-form', 'galaxy', '9660aabc-f78b-466a-b50b-874cf5934ab0', 0, 20, b'0', NULL, NULL);
INSERT INTO `AUTHENTICATION_EXECUTION` (`ID`, `ALIAS`, `AUTHENTICATOR`, `REALM_ID`, `FLOW_ID`, `REQUIREMENT`, `PRIORITY`, `AUTHENTICATOR_FLOW`, `AUTH_FLOW_ID`, `AUTH_CONFIG`) VALUES('beece895-72cd-473c-93af-0685e2cc9527', NULL, NULL, 'master', '1af5d60e-3a6d-40d2-94ab-f3a94ea52557', 1, 40, b'1', 'f880768a-4218-484f-bf3b-1eb6fe42fece', NULL);
INSERT INTO `AUTHENTICATION_EXECUTION` (`ID`, `ALIAS`, `AUTHENTICATOR`, `REALM_ID`, `FLOW_ID`, `REQUIREMENT`, `PRIORITY`, `AUTHENTICATOR_FLOW`, `AUTH_FLOW_ID`, `AUTH_CONFIG`) VALUES('c2919fd1-f111-4c0a-b448-d2b5bb9d6cd7', NULL, 'client-secret', 'shire', '952fa2c5-c850-48a0-b301-a778c56257e9', 2, 10, b'0', NULL, NULL);
INSERT INTO `AUTHENTICATION_EXECUTION` (`ID`, `ALIAS`, `AUTHENTICATOR`, `REALM_ID`, `FLOW_ID`, `REQUIREMENT`, `PRIORITY`, `AUTHENTICATOR_FLOW`, `AUTH_FLOW_ID`, `AUTH_CONFIG`) VALUES('c836c1f4-08e2-486a-b785-6b9bdb648010', NULL, 'reset-credential-email', 'master', '1af5d60e-3a6d-40d2-94ab-f3a94ea52557', 0, 20, b'0', NULL, NULL);
INSERT INTO `AUTHENTICATION_EXECUTION` (`ID`, `ALIAS`, `AUTHENTICATOR`, `REALM_ID`, `FLOW_ID`, `REQUIREMENT`, `PRIORITY`, `AUTHENTICATOR_FLOW`, `AUTH_FLOW_ID`, `AUTH_CONFIG`) VALUES('c9614fb9-d336-447c-a78f-2ac0aa8a39ad', NULL, 'idp-confirm-link', 'master', '7e511862-ee7a-43a9-b528-69d86310d78f', 0, 10, b'0', NULL, NULL);
INSERT INTO `AUTHENTICATION_EXECUTION` (`ID`, `ALIAS`, `AUTHENTICATOR`, `REALM_ID`, `FLOW_ID`, `REQUIREMENT`, `PRIORITY`, `AUTHENTICATOR_FLOW`, `AUTH_FLOW_ID`, `AUTH_CONFIG`) VALUES('cbfad969-4f66-4cf8-92ce-9904c88c039f', NULL, 'client-secret-jwt', 'galaxy', 'f72b7a4f-3e33-44a8-bb0d-979b72e9dfd3', 2, 30, b'0', NULL, NULL);
INSERT INTO `AUTHENTICATION_EXECUTION` (`ID`, `ALIAS`, `AUTHENTICATOR`, `REALM_ID`, `FLOW_ID`, `REQUIREMENT`, `PRIORITY`, `AUTHENTICATOR_FLOW`, `AUTH_FLOW_ID`, `AUTH_CONFIG`) VALUES('ce84b55a-e59f-491f-8bec-ed44b6e52c77', NULL, 'registration-recaptcha-action', 'master', 'd30337ac-67fa-4c9d-a63c-737d7ac8b720', 3, 60, b'0', NULL, NULL);
INSERT INTO `AUTHENTICATION_EXECUTION` (`ID`, `ALIAS`, `AUTHENTICATOR`, `REALM_ID`, `FLOW_ID`, `REQUIREMENT`, `PRIORITY`, `AUTHENTICATOR_FLOW`, `AUTH_FLOW_ID`, `AUTH_CONFIG`) VALUES('cfd53d31-de2c-4366-a9fe-8af2e21ee0e4', NULL, 'no-cookie-redirect', 'marvel', '7a7baba6-ed24-4312-82e3-bdba66b448a1', 0, 10, b'0', NULL, NULL);
INSERT INTO `AUTHENTICATION_EXECUTION` (`ID`, `ALIAS`, `AUTHENTICATOR`, `REALM_ID`, `FLOW_ID`, `REQUIREMENT`, `PRIORITY`, `AUTHENTICATOR_FLOW`, `AUTH_FLOW_ID`, `AUTH_CONFIG`) VALUES('d073ed63-e4fc-4893-ba03-3cf217230324', NULL, NULL, 'master', 'b3409584-f619-4e7a-bcf1-55bf367362a3', 0, 20, b'1', 'cd30a35e-5ae7-41a5-a267-782f375f151b', NULL);
INSERT INTO `AUTHENTICATION_EXECUTION` (`ID`, `ALIAS`, `AUTHENTICATOR`, `REALM_ID`, `FLOW_ID`, `REQUIREMENT`, `PRIORITY`, `AUTHENTICATOR_FLOW`, `AUTH_FLOW_ID`, `AUTH_CONFIG`) VALUES('d10cb832-59c7-453f-b364-6fd90e45982a', NULL, 'reset-otp', 'marvel', 'a09c6a57-462f-42d3-91a8-2990f52f28f9', 0, 20, b'0', NULL, NULL);
INSERT INTO `AUTHENTICATION_EXECUTION` (`ID`, `ALIAS`, `AUTHENTICATOR`, `REALM_ID`, `FLOW_ID`, `REQUIREMENT`, `PRIORITY`, `AUTHENTICATOR_FLOW`, `AUTH_FLOW_ID`, `AUTH_CONFIG`) VALUES('d141f20b-5222-4f85-8630-9676f88cad1c', NULL, 'direct-grant-validate-username', 'galaxy', 'dd1f16b7-13da-44f4-a7d1-4d6839ff8b0e', 0, 10, b'0', NULL, NULL);
INSERT INTO `AUTHENTICATION_EXECUTION` (`ID`, `ALIAS`, `AUTHENTICATOR`, `REALM_ID`, `FLOW_ID`, `REQUIREMENT`, `PRIORITY`, `AUTHENTICATOR_FLOW`, `AUTH_FLOW_ID`, `AUTH_CONFIG`) VALUES('d252e3b5-b625-4b0d-b1a2-fe80333f4d88', NULL, 'auth-otp-form', 'marvel', 'eaee8b33-db1d-4027-9407-a7a7425cd239', 0, 20, b'0', NULL, NULL);
INSERT INTO `AUTHENTICATION_EXECUTION` (`ID`, `ALIAS`, `AUTHENTICATOR`, `REALM_ID`, `FLOW_ID`, `REQUIREMENT`, `PRIORITY`, `AUTHENTICATOR_FLOW`, `AUTH_FLOW_ID`, `AUTH_CONFIG`) VALUES('d369184b-a812-4775-b166-4e3eb6c43d49', NULL, 'auth-otp-form', 'galaxy', '0946127a-c85a-43a1-bd49-f004e698dc26', 0, 20, b'0', NULL, NULL);
INSERT INTO `AUTHENTICATION_EXECUTION` (`ID`, `ALIAS`, `AUTHENTICATOR`, `REALM_ID`, `FLOW_ID`, `REQUIREMENT`, `PRIORITY`, `AUTHENTICATOR_FLOW`, `AUTH_FLOW_ID`, `AUTH_CONFIG`) VALUES('d3881b52-3769-4fdd-822a-e70dcc7e5b04', NULL, 'client-secret', 'master', '8749feb7-c5b3-4c13-92ed-aaba493a815a', 2, 10, b'0', NULL, NULL);
INSERT INTO `AUTHENTICATION_EXECUTION` (`ID`, `ALIAS`, `AUTHENTICATOR`, `REALM_ID`, `FLOW_ID`, `REQUIREMENT`, `PRIORITY`, `AUTHENTICATOR_FLOW`, `AUTH_FLOW_ID`, `AUTH_CONFIG`) VALUES('d4a0ad72-d887-4de7-9612-7b9f46d09712', NULL, 'registration-user-creation', 'marvel', 'e1dd17f0-0977-4555-b25a-bae1c9a0eaa5', 0, 20, b'0', NULL, NULL);
INSERT INTO `AUTHENTICATION_EXECUTION` (`ID`, `ALIAS`, `AUTHENTICATOR`, `REALM_ID`, `FLOW_ID`, `REQUIREMENT`, `PRIORITY`, `AUTHENTICATOR_FLOW`, `AUTH_FLOW_ID`, `AUTH_CONFIG`) VALUES('d6c3011d-14e2-4065-8df1-9fc4f30bda61', NULL, 'auth-username-password-form', 'marvel', '396e2faa-f7f2-4db0-89a6-a3113028f1f1', 0, 10, b'0', NULL, NULL);
INSERT INTO `AUTHENTICATION_EXECUTION` (`ID`, `ALIAS`, `AUTHENTICATOR`, `REALM_ID`, `FLOW_ID`, `REQUIREMENT`, `PRIORITY`, `AUTHENTICATOR_FLOW`, `AUTH_FLOW_ID`, `AUTH_CONFIG`) VALUES('d80565ce-ea1b-424c-8d37-0c4bf477289b', NULL, NULL, 'master', '6347cdba-e8d5-4a30-a9eb-9fabcb13f9ed', 2, 30, b'1', '94aec50e-beef-4d83-a16d-ffecefd4fed1', NULL);
INSERT INTO `AUTHENTICATION_EXECUTION` (`ID`, `ALIAS`, `AUTHENTICATOR`, `REALM_ID`, `FLOW_ID`, `REQUIREMENT`, `PRIORITY`, `AUTHENTICATOR_FLOW`, `AUTH_FLOW_ID`, `AUTH_CONFIG`) VALUES('d8b07f32-334e-4537-9498-894a037db56d', NULL, 'direct-grant-validate-username', 'marvel', '9b8de67e-2ce3-4279-bd04-d942e503f6cb', 0, 10, b'0', NULL, NULL);
INSERT INTO `AUTHENTICATION_EXECUTION` (`ID`, `ALIAS`, `AUTHENTICATOR`, `REALM_ID`, `FLOW_ID`, `REQUIREMENT`, `PRIORITY`, `AUTHENTICATOR_FLOW`, `AUTH_FLOW_ID`, `AUTH_CONFIG`) VALUES('d95bc596-b446-4310-804d-acebe2f6e85d', NULL, NULL, 'master', '41b9ff46-370d-491f-8d7f-c116f63be540', 0, 20, b'1', 'f8f0c426-f2a5-4cab-8eae-9514fe328ce5', NULL);
INSERT INTO `AUTHENTICATION_EXECUTION` (`ID`, `ALIAS`, `AUTHENTICATOR`, `REALM_ID`, `FLOW_ID`, `REQUIREMENT`, `PRIORITY`, `AUTHENTICATOR_FLOW`, `AUTH_FLOW_ID`, `AUTH_CONFIG`) VALUES('dbafa13d-c93e-4f5a-8228-7825da88c1a8', NULL, 'auth-username-password-form', 'master', '94aec50e-beef-4d83-a16d-ffecefd4fed1', 0, 10, b'0', NULL, NULL);
INSERT INTO `AUTHENTICATION_EXECUTION` (`ID`, `ALIAS`, `AUTHENTICATOR`, `REALM_ID`, `FLOW_ID`, `REQUIREMENT`, `PRIORITY`, `AUTHENTICATOR_FLOW`, `AUTH_FLOW_ID`, `AUTH_CONFIG`) VALUES('dc2287e8-19bc-4cf7-a77d-7cef493ba8e7', NULL, 'docker-http-basic-authenticator', 'marvel', '9330f734-e2c5-4baf-8b4e-85a51e9130b1', 0, 10, b'0', NULL, NULL);
INSERT INTO `AUTHENTICATION_EXECUTION` (`ID`, `ALIAS`, `AUTHENTICATOR`, `REALM_ID`, `FLOW_ID`, `REQUIREMENT`, `PRIORITY`, `AUTHENTICATOR_FLOW`, `AUTH_FLOW_ID`, `AUTH_CONFIG`) VALUES('dca1554f-d946-48bd-8579-9941f4569211', NULL, NULL, 'galaxy', 'a5c7e17e-c2ab-4dda-9f6e-277925e954bd', 0, 20, b'1', 'dd2a97f4-ff3f-4b64-b457-d60baead1785', NULL);
INSERT INTO `AUTHENTICATION_EXECUTION` (`ID`, `ALIAS`, `AUTHENTICATOR`, `REALM_ID`, `FLOW_ID`, `REQUIREMENT`, `PRIORITY`, `AUTHENTICATOR_FLOW`, `AUTH_FLOW_ID`, `AUTH_CONFIG`) VALUES('dcf9647a-91dc-42b0-8342-0723e81682e6', NULL, NULL, 'marvel', '702ffc13-9889-429f-8d42-803980ce3ff7', 2, 30, b'1', '396e2faa-f7f2-4db0-89a6-a3113028f1f1', NULL);
INSERT INTO `AUTHENTICATION_EXECUTION` (`ID`, `ALIAS`, `AUTHENTICATOR`, `REALM_ID`, `FLOW_ID`, `REQUIREMENT`, `PRIORITY`, `AUTHENTICATOR_FLOW`, `AUTH_FLOW_ID`, `AUTH_CONFIG`) VALUES('dd94d1fe-38e8-4368-a70c-a29218c0ba4b', NULL, 'identity-provider-redirector', 'shire', '6129685f-9417-4bc6-b792-547d45cb0def', 2, 25, b'0', NULL, NULL);
INSERT INTO `AUTHENTICATION_EXECUTION` (`ID`, `ALIAS`, `AUTHENTICATOR`, `REALM_ID`, `FLOW_ID`, `REQUIREMENT`, `PRIORITY`, `AUTHENTICATOR_FLOW`, `AUTH_FLOW_ID`, `AUTH_CONFIG`) VALUES('de2385b3-58d6-45aa-ad31-d4b9422c2dca', NULL, 'registration-page-form', 'master', 'b9338517-9d0b-4007-85a1-0cff46e0156c', 0, 10, b'1', 'd30337ac-67fa-4c9d-a63c-737d7ac8b720', NULL);
INSERT INTO `AUTHENTICATION_EXECUTION` (`ID`, `ALIAS`, `AUTHENTICATOR`, `REALM_ID`, `FLOW_ID`, `REQUIREMENT`, `PRIORITY`, `AUTHENTICATOR_FLOW`, `AUTH_FLOW_ID`, `AUTH_CONFIG`) VALUES('e13ee1fa-167a-4e8d-9f3d-fb6e46543fe3', NULL, 'auth-otp-form', 'shire', 'a4931226-7e8a-40e7-875c-a86636438429', 0, 20, b'0', NULL, NULL);
INSERT INTO `AUTHENTICATION_EXECUTION` (`ID`, `ALIAS`, `AUTHENTICATOR`, `REALM_ID`, `FLOW_ID`, `REQUIREMENT`, `PRIORITY`, `AUTHENTICATOR_FLOW`, `AUTH_FLOW_ID`, `AUTH_CONFIG`) VALUES('e4535a7f-de86-4d4d-8cab-dc035e15cc2a', NULL, NULL, 'galaxy', 'bcec0839-a3de-4b63-b703-69d90565b9c4', 2, 20, b'1', 'a6823f11-b60b-486f-a393-4238f675b298', NULL);
INSERT INTO `AUTHENTICATION_EXECUTION` (`ID`, `ALIAS`, `AUTHENTICATOR`, `REALM_ID`, `FLOW_ID`, `REQUIREMENT`, `PRIORITY`, `AUTHENTICATOR_FLOW`, `AUTH_FLOW_ID`, `AUTH_CONFIG`) VALUES('e5eda24b-2e34-4bd7-bcc3-c02107a1f8da', NULL, 'reset-credentials-choose-user', 'shire', 'a78925f3-c5c4-4126-9f51-e8e34439499f', 0, 10, b'0', NULL, NULL);
INSERT INTO `AUTHENTICATION_EXECUTION` (`ID`, `ALIAS`, `AUTHENTICATOR`, `REALM_ID`, `FLOW_ID`, `REQUIREMENT`, `PRIORITY`, `AUTHENTICATOR_FLOW`, `AUTH_FLOW_ID`, `AUTH_CONFIG`) VALUES('e618f036-9b49-447c-b78e-a6795108c8ca', NULL, 'client-secret-jwt', 'master', '8749feb7-c5b3-4c13-92ed-aaba493a815a', 2, 30, b'0', NULL, NULL);
INSERT INTO `AUTHENTICATION_EXECUTION` (`ID`, `ALIAS`, `AUTHENTICATOR`, `REALM_ID`, `FLOW_ID`, `REQUIREMENT`, `PRIORITY`, `AUTHENTICATOR_FLOW`, `AUTH_FLOW_ID`, `AUTH_CONFIG`) VALUES('e85cea70-7f07-4ae6-a8d3-10bc145ce4e2', NULL, 'conditional-user-configured', 'master', 'bda9d1fa-0d9f-4d97-9bbf-48468ce35477', 0, 10, b'0', NULL, NULL);
INSERT INTO `AUTHENTICATION_EXECUTION` (`ID`, `ALIAS`, `AUTHENTICATOR`, `REALM_ID`, `FLOW_ID`, `REQUIREMENT`, `PRIORITY`, `AUTHENTICATOR_FLOW`, `AUTH_FLOW_ID`, `AUTH_CONFIG`) VALUES('e8f6e40c-dbb2-40b4-8ed9-faccc3ee2d93', NULL, 'idp-email-verification', 'master', 'ce740e0b-1826-40b6-9cd5-596b2b824c96', 2, 10, b'0', NULL, NULL);
INSERT INTO `AUTHENTICATION_EXECUTION` (`ID`, `ALIAS`, `AUTHENTICATOR`, `REALM_ID`, `FLOW_ID`, `REQUIREMENT`, `PRIORITY`, `AUTHENTICATOR_FLOW`, `AUTH_FLOW_ID`, `AUTH_CONFIG`) VALUES('eb64fb39-8202-43c7-a6bf-1dadce83b3db', NULL, 'identity-provider-redirector', 'master', '6347cdba-e8d5-4a30-a9eb-9fabcb13f9ed', 2, 25, b'0', NULL, NULL);
INSERT INTO `AUTHENTICATION_EXECUTION` (`ID`, `ALIAS`, `AUTHENTICATOR`, `REALM_ID`, `FLOW_ID`, `REQUIREMENT`, `PRIORITY`, `AUTHENTICATOR_FLOW`, `AUTH_FLOW_ID`, `AUTH_CONFIG`) VALUES('ebf5cf4e-c983-4a81-b1a2-59a3228e2500', NULL, 'idp-create-user-if-unique', 'shire', '2679c926-9286-40d5-8192-9d3df2edfa57', 2, 10, b'0', NULL, '8e81d942-ad3b-4075-afcf-6817dc561ecf');
INSERT INTO `AUTHENTICATION_EXECUTION` (`ID`, `ALIAS`, `AUTHENTICATOR`, `REALM_ID`, `FLOW_ID`, `REQUIREMENT`, `PRIORITY`, `AUTHENTICATOR_FLOW`, `AUTH_FLOW_ID`, `AUTH_CONFIG`) VALUES('eddd1529-aba3-4f4b-9d19-116f70400e19', NULL, 'direct-grant-validate-password', 'shire', 'f052a34a-6887-4244-927f-42ebd3dac3d1', 0, 20, b'0', NULL, NULL);
INSERT INTO `AUTHENTICATION_EXECUTION` (`ID`, `ALIAS`, `AUTHENTICATOR`, `REALM_ID`, `FLOW_ID`, `REQUIREMENT`, `PRIORITY`, `AUTHENTICATOR_FLOW`, `AUTH_FLOW_ID`, `AUTH_CONFIG`) VALUES('f3ccafcf-5853-44c6-9fb0-04fb2fccac0b', NULL, 'registration-user-creation', 'shire', '44886a9c-2682-4b82-9fb7-4459dfe3dceb', 0, 20, b'0', NULL, NULL);
INSERT INTO `AUTHENTICATION_EXECUTION` (`ID`, `ALIAS`, `AUTHENTICATOR`, `REALM_ID`, `FLOW_ID`, `REQUIREMENT`, `PRIORITY`, `AUTHENTICATOR_FLOW`, `AUTH_FLOW_ID`, `AUTH_CONFIG`) VALUES('f3cd3863-91a2-471a-bab2-e3e2de44c348', NULL, 'registration-page-form', 'shire', '3cd2c7cf-193c-4801-952d-92c911ba39ff', 0, 10, b'1', '44886a9c-2682-4b82-9fb7-4459dfe3dceb', NULL);
INSERT INTO `AUTHENTICATION_EXECUTION` (`ID`, `ALIAS`, `AUTHENTICATOR`, `REALM_ID`, `FLOW_ID`, `REQUIREMENT`, `PRIORITY`, `AUTHENTICATOR_FLOW`, `AUTH_FLOW_ID`, `AUTH_CONFIG`) VALUES('f3d2c59b-a9e0-4051-86fe-b0031f1a75a3', NULL, NULL, 'galaxy', '502b38b7-a1da-4f6f-b10b-89a50ed537d8', 2, 30, b'1', 'e53eea79-a78e-44a9-b865-e5fa70e0f2a1', NULL);
INSERT INTO `AUTHENTICATION_EXECUTION` (`ID`, `ALIAS`, `AUTHENTICATOR`, `REALM_ID`, `FLOW_ID`, `REQUIREMENT`, `PRIORITY`, `AUTHENTICATOR_FLOW`, `AUTH_FLOW_ID`, `AUTH_CONFIG`) VALUES('f3dbd293-dc5a-40a2-a4b7-651b327d67cd', NULL, 'idp-create-user-if-unique', 'marvel', '9ec0e186-8ba9-4870-852d-222b12900c08', 2, 10, b'0', NULL, '930132f8-80bd-46a7-b0a2-e0866c992a20');
INSERT INTO `AUTHENTICATION_EXECUTION` (`ID`, `ALIAS`, `AUTHENTICATOR`, `REALM_ID`, `FLOW_ID`, `REQUIREMENT`, `PRIORITY`, `AUTHENTICATOR_FLOW`, `AUTH_FLOW_ID`, `AUTH_CONFIG`) VALUES('f43b4503-2918-4a49-9c94-9b01bdf5cabf', NULL, NULL, 'shire', '6129685f-9417-4bc6-b792-547d45cb0def', 2, 30, b'1', 'ececc9cd-7ba3-42fc-b942-b796f892aaae', NULL);
INSERT INTO `AUTHENTICATION_EXECUTION` (`ID`, `ALIAS`, `AUTHENTICATOR`, `REALM_ID`, `FLOW_ID`, `REQUIREMENT`, `PRIORITY`, `AUTHENTICATOR_FLOW`, `AUTH_FLOW_ID`, `AUTH_CONFIG`) VALUES('f507c335-3c17-49fa-86b3-e5420c0eaddb', NULL, 'auth-otp-form', 'master', '0cc94a98-588f-4094-9085-1a8fdccab1eb', 0, 20, b'0', NULL, NULL);
INSERT INTO `AUTHENTICATION_EXECUTION` (`ID`, `ALIAS`, `AUTHENTICATOR`, `REALM_ID`, `FLOW_ID`, `REQUIREMENT`, `PRIORITY`, `AUTHENTICATOR_FLOW`, `AUTH_FLOW_ID`, `AUTH_CONFIG`) VALUES('f5d45095-229c-4ff9-a818-73510720bd62', NULL, 'conditional-user-configured', 'shire', '40d8cb22-e9a8-47ce-9c3f-a67f13317433', 0, 10, b'0', NULL, NULL);
INSERT INTO `AUTHENTICATION_EXECUTION` (`ID`, `ALIAS`, `AUTHENTICATOR`, `REALM_ID`, `FLOW_ID`, `REQUIREMENT`, `PRIORITY`, `AUTHENTICATOR_FLOW`, `AUTH_FLOW_ID`, `AUTH_CONFIG`) VALUES('f5e0e092-c7fc-4989-a70d-896b0d3746c5', NULL, 'idp-confirm-link', 'marvel', '84af15aa-6ce4-4139-90e8-771aab51c65e', 0, 10, b'0', NULL, NULL);
INSERT INTO `AUTHENTICATION_EXECUTION` (`ID`, `ALIAS`, `AUTHENTICATOR`, `REALM_ID`, `FLOW_ID`, `REQUIREMENT`, `PRIORITY`, `AUTHENTICATOR_FLOW`, `AUTH_FLOW_ID`, `AUTH_CONFIG`) VALUES('f5e21ced-81e1-4a0f-9d53-0d31efceedf6', NULL, 'direct-grant-validate-password', 'marvel', '9b8de67e-2ce3-4279-bd04-d942e503f6cb', 0, 20, b'0', NULL, NULL);
INSERT INTO `AUTHENTICATION_EXECUTION` (`ID`, `ALIAS`, `AUTHENTICATOR`, `REALM_ID`, `FLOW_ID`, `REQUIREMENT`, `PRIORITY`, `AUTHENTICATOR_FLOW`, `AUTH_FLOW_ID`, `AUTH_CONFIG`) VALUES('f9b8d767-6c0d-436c-9dbd-dabec3ffe50e', NULL, 'reset-password', 'galaxy', 'b87bdd9d-2601-4eee-9a0d-3bf449cc4f31', 0, 30, b'0', NULL, NULL);
INSERT INTO `AUTHENTICATION_EXECUTION` (`ID`, `ALIAS`, `AUTHENTICATOR`, `REALM_ID`, `FLOW_ID`, `REQUIREMENT`, `PRIORITY`, `AUTHENTICATOR_FLOW`, `AUTH_FLOW_ID`, `AUTH_CONFIG`) VALUES('fa254fed-3e7d-411b-86fd-59d525fb5e14', NULL, 'conditional-user-configured', 'shire', 'a4931226-7e8a-40e7-875c-a86636438429', 0, 10, b'0', NULL, NULL);
INSERT INTO `AUTHENTICATION_EXECUTION` (`ID`, `ALIAS`, `AUTHENTICATOR`, `REALM_ID`, `FLOW_ID`, `REQUIREMENT`, `PRIORITY`, `AUTHENTICATOR_FLOW`, `AUTH_FLOW_ID`, `AUTH_CONFIG`) VALUES('fff49e59-1f68-465d-b623-5c328b161923', NULL, 'client-secret-jwt', 'marvel', '80361bd8-c351-4936-a10f-75bc49461b57', 2, 30, b'0', NULL, NULL);

DROP TABLE IF EXISTS `AUTHENTICATION_FLOW`;
CREATE TABLE `AUTHENTICATION_FLOW` (
  `ID` varchar(36) NOT NULL,
  `ALIAS` varchar(255) DEFAULT NULL,
  `DESCRIPTION` varchar(255) DEFAULT NULL,
  `REALM_ID` varchar(36) DEFAULT NULL,
  `PROVIDER_ID` varchar(36) NOT NULL DEFAULT 'basic-flow',
  `TOP_LEVEL` bit(1) NOT NULL DEFAULT b'0',
  `BUILT_IN` bit(1) NOT NULL DEFAULT b'0'
) ENGINE=InnoDB DEFAULT CHARSET=utf8;

INSERT INTO `AUTHENTICATION_FLOW` (`ID`, `ALIAS`, `DESCRIPTION`, `REALM_ID`, `PROVIDER_ID`, `TOP_LEVEL`, `BUILT_IN`) VALUES('027505f1-3a47-4e24-b0e7-b9198ed2cc21', 'registration form', 'registration form', 'galaxy', 'form-flow', b'0', b'1');
INSERT INTO `AUTHENTICATION_FLOW` (`ID`, `ALIAS`, `DESCRIPTION`, `REALM_ID`, `PROVIDER_ID`, `TOP_LEVEL`, `BUILT_IN`) VALUES('0946127a-c85a-43a1-bd49-f004e698dc26', 'Browser - Conditional OTP', 'Flow to determine if the OTP is required for the authentication', 'galaxy', 'basic-flow', b'0', b'1');
INSERT INTO `AUTHENTICATION_FLOW` (`ID`, `ALIAS`, `DESCRIPTION`, `REALM_ID`, `PROVIDER_ID`, `TOP_LEVEL`, `BUILT_IN`) VALUES('0b180ac9-08bb-430d-ad58-bec6b6346a9c', 'docker auth', 'Used by Docker clients to authenticate against the IDP', 'galaxy', 'basic-flow', b'1', b'1');
INSERT INTO `AUTHENTICATION_FLOW` (`ID`, `ALIAS`, `DESCRIPTION`, `REALM_ID`, `PROVIDER_ID`, `TOP_LEVEL`, `BUILT_IN`) VALUES('0ba1941c-81c3-44ca-887a-20ec9126f887', 'saml ecp', 'SAML ECP Profile Authentication Flow', 'galaxy', 'basic-flow', b'1', b'1');
INSERT INTO `AUTHENTICATION_FLOW` (`ID`, `ALIAS`, `DESCRIPTION`, `REALM_ID`, `PROVIDER_ID`, `TOP_LEVEL`, `BUILT_IN`) VALUES('0cc94a98-588f-4094-9085-1a8fdccab1eb', 'First broker login - Conditional OTP', 'Flow to determine if the OTP is required for the authentication', 'master', 'basic-flow', b'0', b'1');
INSERT INTO `AUTHENTICATION_FLOW` (`ID`, `ALIAS`, `DESCRIPTION`, `REALM_ID`, `PROVIDER_ID`, `TOP_LEVEL`, `BUILT_IN`) VALUES('0f71257f-15ad-4eda-8b36-d8e9866bfeb6', 'Authentication Options', 'Authentication options.', 'marvel', 'basic-flow', b'0', b'1');
INSERT INTO `AUTHENTICATION_FLOW` (`ID`, `ALIAS`, `DESCRIPTION`, `REALM_ID`, `PROVIDER_ID`, `TOP_LEVEL`, `BUILT_IN`) VALUES('1af5d60e-3a6d-40d2-94ab-f3a94ea52557', 'reset credentials', 'Reset credentials for a user if they forgot their password or something', 'master', 'basic-flow', b'1', b'1');
INSERT INTO `AUTHENTICATION_FLOW` (`ID`, `ALIAS`, `DESCRIPTION`, `REALM_ID`, `PROVIDER_ID`, `TOP_LEVEL`, `BUILT_IN`) VALUES('21ee8049-1005-43f3-820a-515af7fbc41b', 'docker auth', 'Used by Docker clients to authenticate against the IDP', 'master', 'basic-flow', b'1', b'1');
INSERT INTO `AUTHENTICATION_FLOW` (`ID`, `ALIAS`, `DESCRIPTION`, `REALM_ID`, `PROVIDER_ID`, `TOP_LEVEL`, `BUILT_IN`) VALUES('2679c926-9286-40d5-8192-9d3df2edfa57', 'User creation or linking', 'Flow for the existing/non-existing user alternatives', 'shire', 'basic-flow', b'0', b'1');
INSERT INTO `AUTHENTICATION_FLOW` (`ID`, `ALIAS`, `DESCRIPTION`, `REALM_ID`, `PROVIDER_ID`, `TOP_LEVEL`, `BUILT_IN`) VALUES('28741e22-47e2-42f3-ab0d-0c9d8be2caeb', 'Browser - Conditional OTP', 'Flow to determine if the OTP is required for the authentication', 'marvel', 'basic-flow', b'0', b'1');
INSERT INTO `AUTHENTICATION_FLOW` (`ID`, `ALIAS`, `DESCRIPTION`, `REALM_ID`, `PROVIDER_ID`, `TOP_LEVEL`, `BUILT_IN`) VALUES('296f6aff-e0f6-4496-9a62-2af029f55486', 'reset credentials', 'Reset credentials for a user if they forgot their password or something', 'marvel', 'basic-flow', b'1', b'1');
INSERT INTO `AUTHENTICATION_FLOW` (`ID`, `ALIAS`, `DESCRIPTION`, `REALM_ID`, `PROVIDER_ID`, `TOP_LEVEL`, `BUILT_IN`) VALUES('396e2faa-f7f2-4db0-89a6-a3113028f1f1', 'forms', 'Username, password, otp and other auth forms.', 'marvel', 'basic-flow', b'0', b'1');
INSERT INTO `AUTHENTICATION_FLOW` (`ID`, `ALIAS`, `DESCRIPTION`, `REALM_ID`, `PROVIDER_ID`, `TOP_LEVEL`, `BUILT_IN`) VALUES('3cd2c7cf-193c-4801-952d-92c911ba39ff', 'registration', 'registration flow', 'shire', 'basic-flow', b'1', b'1');
INSERT INTO `AUTHENTICATION_FLOW` (`ID`, `ALIAS`, `DESCRIPTION`, `REALM_ID`, `PROVIDER_ID`, `TOP_LEVEL`, `BUILT_IN`) VALUES('40d8cb22-e9a8-47ce-9c3f-a67f13317433', 'Reset - Conditional OTP', 'Flow to determine if the OTP should be reset or not. Set to REQUIRED to force.', 'shire', 'basic-flow', b'0', b'1');
INSERT INTO `AUTHENTICATION_FLOW` (`ID`, `ALIAS`, `DESCRIPTION`, `REALM_ID`, `PROVIDER_ID`, `TOP_LEVEL`, `BUILT_IN`) VALUES('41b9ff46-370d-491f-8d7f-c116f63be540', 'http challenge', 'An authentication flow based on challenge-response HTTP Authentication Schemes', 'master', 'basic-flow', b'1', b'1');
INSERT INTO `AUTHENTICATION_FLOW` (`ID`, `ALIAS`, `DESCRIPTION`, `REALM_ID`, `PROVIDER_ID`, `TOP_LEVEL`, `BUILT_IN`) VALUES('421146b3-e712-4368-8557-07521547e43d', 'Direct Grant - Conditional OTP', 'Flow to determine if the OTP is required for the authentication', 'shire', 'basic-flow', b'0', b'1');
INSERT INTO `AUTHENTICATION_FLOW` (`ID`, `ALIAS`, `DESCRIPTION`, `REALM_ID`, `PROVIDER_ID`, `TOP_LEVEL`, `BUILT_IN`) VALUES('437f17e2-6a1f-4461-a97d-77321122cd4d', 'Direct Grant - Conditional OTP', 'Flow to determine if the OTP is required for the authentication', 'master', 'basic-flow', b'0', b'1');
INSERT INTO `AUTHENTICATION_FLOW` (`ID`, `ALIAS`, `DESCRIPTION`, `REALM_ID`, `PROVIDER_ID`, `TOP_LEVEL`, `BUILT_IN`) VALUES('44886a9c-2682-4b82-9fb7-4459dfe3dceb', 'registration form', 'registration form', 'shire', 'form-flow', b'0', b'1');
INSERT INTO `AUTHENTICATION_FLOW` (`ID`, `ALIAS`, `DESCRIPTION`, `REALM_ID`, `PROVIDER_ID`, `TOP_LEVEL`, `BUILT_IN`) VALUES('502b38b7-a1da-4f6f-b10b-89a50ed537d8', 'browser', 'browser based authentication', 'galaxy', 'basic-flow', b'1', b'1');
INSERT INTO `AUTHENTICATION_FLOW` (`ID`, `ALIAS`, `DESCRIPTION`, `REALM_ID`, `PROVIDER_ID`, `TOP_LEVEL`, `BUILT_IN`) VALUES('60938248-b0cd-4344-9539-d7ec4d0fd7ec', 'Verify Existing Account by Re-authentication', 'Reauthentication of existing account', 'master', 'basic-flow', b'0', b'1');
INSERT INTO `AUTHENTICATION_FLOW` (`ID`, `ALIAS`, `DESCRIPTION`, `REALM_ID`, `PROVIDER_ID`, `TOP_LEVEL`, `BUILT_IN`) VALUES('6129685f-9417-4bc6-b792-547d45cb0def', 'browser', 'browser based authentication', 'shire', 'basic-flow', b'1', b'1');
INSERT INTO `AUTHENTICATION_FLOW` (`ID`, `ALIAS`, `DESCRIPTION`, `REALM_ID`, `PROVIDER_ID`, `TOP_LEVEL`, `BUILT_IN`) VALUES('62face61-97d9-4506-8c61-28702ea6f23f', 'docker auth', 'Used by Docker clients to authenticate against the IDP', 'shire', 'basic-flow', b'1', b'1');
INSERT INTO `AUTHENTICATION_FLOW` (`ID`, `ALIAS`, `DESCRIPTION`, `REALM_ID`, `PROVIDER_ID`, `TOP_LEVEL`, `BUILT_IN`) VALUES('6347cdba-e8d5-4a30-a9eb-9fabcb13f9ed', 'browser', 'browser based authentication', 'master', 'basic-flow', b'1', b'1');
INSERT INTO `AUTHENTICATION_FLOW` (`ID`, `ALIAS`, `DESCRIPTION`, `REALM_ID`, `PROVIDER_ID`, `TOP_LEVEL`, `BUILT_IN`) VALUES('6367bea6-1afd-45fe-bef4-0246198b9179', 'registration', 'registration flow', 'marvel', 'basic-flow', b'1', b'1');
INSERT INTO `AUTHENTICATION_FLOW` (`ID`, `ALIAS`, `DESCRIPTION`, `REALM_ID`, `PROVIDER_ID`, `TOP_LEVEL`, `BUILT_IN`) VALUES('68cdd0ca-7454-4298-a3ae-8096bea696e1', 'Account verification options', 'Method with which to verity the existing account', 'shire', 'basic-flow', b'0', b'1');
INSERT INTO `AUTHENTICATION_FLOW` (`ID`, `ALIAS`, `DESCRIPTION`, `REALM_ID`, `PROVIDER_ID`, `TOP_LEVEL`, `BUILT_IN`) VALUES('6ba0dd15-5e09-42ba-90ad-1e4b577b32ed', 'Account verification options', 'Method with which to verity the existing account', 'galaxy', 'basic-flow', b'0', b'1');
INSERT INTO `AUTHENTICATION_FLOW` (`ID`, `ALIAS`, `DESCRIPTION`, `REALM_ID`, `PROVIDER_ID`, `TOP_LEVEL`, `BUILT_IN`) VALUES('702ffc13-9889-429f-8d42-803980ce3ff7', 'browser', 'browser based authentication', 'marvel', 'basic-flow', b'1', b'1');
INSERT INTO `AUTHENTICATION_FLOW` (`ID`, `ALIAS`, `DESCRIPTION`, `REALM_ID`, `PROVIDER_ID`, `TOP_LEVEL`, `BUILT_IN`) VALUES('71a466fd-eb6b-4331-a9cb-2a013c79744f', 'Account verification options', 'Method with which to verity the existing account', 'marvel', 'basic-flow', b'0', b'1');
INSERT INTO `AUTHENTICATION_FLOW` (`ID`, `ALIAS`, `DESCRIPTION`, `REALM_ID`, `PROVIDER_ID`, `TOP_LEVEL`, `BUILT_IN`) VALUES('7a7baba6-ed24-4312-82e3-bdba66b448a1', 'http challenge', 'An authentication flow based on challenge-response HTTP Authentication Schemes', 'marvel', 'basic-flow', b'1', b'1');
INSERT INTO `AUTHENTICATION_FLOW` (`ID`, `ALIAS`, `DESCRIPTION`, `REALM_ID`, `PROVIDER_ID`, `TOP_LEVEL`, `BUILT_IN`) VALUES('7e511862-ee7a-43a9-b528-69d86310d78f', 'Handle Existing Account', 'Handle what to do if there is existing account with same email/username like authenticated identity provider', 'master', 'basic-flow', b'0', b'1');
INSERT INTO `AUTHENTICATION_FLOW` (`ID`, `ALIAS`, `DESCRIPTION`, `REALM_ID`, `PROVIDER_ID`, `TOP_LEVEL`, `BUILT_IN`) VALUES('80361bd8-c351-4936-a10f-75bc49461b57', 'clients', 'Base authentication for clients', 'marvel', 'client-flow', b'1', b'1');
INSERT INTO `AUTHENTICATION_FLOW` (`ID`, `ALIAS`, `DESCRIPTION`, `REALM_ID`, `PROVIDER_ID`, `TOP_LEVEL`, `BUILT_IN`) VALUES('80a1c029-5830-4bc3-a731-7618c1b2efed', 'Direct Grant - Conditional OTP', 'Flow to determine if the OTP is required for the authentication', 'marvel', 'basic-flow', b'0', b'1');
INSERT INTO `AUTHENTICATION_FLOW` (`ID`, `ALIAS`, `DESCRIPTION`, `REALM_ID`, `PROVIDER_ID`, `TOP_LEVEL`, `BUILT_IN`) VALUES('820d560a-1e9a-4835-bae9-752be863781e', 'Verify Existing Account by Re-authentication', 'Reauthentication of existing account', 'galaxy', 'basic-flow', b'0', b'1');
INSERT INTO `AUTHENTICATION_FLOW` (`ID`, `ALIAS`, `DESCRIPTION`, `REALM_ID`, `PROVIDER_ID`, `TOP_LEVEL`, `BUILT_IN`) VALUES('84af15aa-6ce4-4139-90e8-771aab51c65e', 'Handle Existing Account', 'Handle what to do if there is existing account with same email/username like authenticated identity provider', 'marvel', 'basic-flow', b'0', b'1');
INSERT INTO `AUTHENTICATION_FLOW` (`ID`, `ALIAS`, `DESCRIPTION`, `REALM_ID`, `PROVIDER_ID`, `TOP_LEVEL`, `BUILT_IN`) VALUES('8749feb7-c5b3-4c13-92ed-aaba493a815a', 'clients', 'Base authentication for clients', 'master', 'client-flow', b'1', b'1');
INSERT INTO `AUTHENTICATION_FLOW` (`ID`, `ALIAS`, `DESCRIPTION`, `REALM_ID`, `PROVIDER_ID`, `TOP_LEVEL`, `BUILT_IN`) VALUES('9148b0fa-e5c3-41d1-a077-35094064baed', 'registration', 'registration flow', 'galaxy', 'basic-flow', b'1', b'1');
INSERT INTO `AUTHENTICATION_FLOW` (`ID`, `ALIAS`, `DESCRIPTION`, `REALM_ID`, `PROVIDER_ID`, `TOP_LEVEL`, `BUILT_IN`) VALUES('91a143ec-d189-473a-9745-5e8bc1540d39', 'http challenge', 'An authentication flow based on challenge-response HTTP Authentication Schemes', 'shire', 'basic-flow', b'1', b'1');
INSERT INTO `AUTHENTICATION_FLOW` (`ID`, `ALIAS`, `DESCRIPTION`, `REALM_ID`, `PROVIDER_ID`, `TOP_LEVEL`, `BUILT_IN`) VALUES('9330f734-e2c5-4baf-8b4e-85a51e9130b1', 'docker auth', 'Used by Docker clients to authenticate against the IDP', 'marvel', 'basic-flow', b'1', b'1');
INSERT INTO `AUTHENTICATION_FLOW` (`ID`, `ALIAS`, `DESCRIPTION`, `REALM_ID`, `PROVIDER_ID`, `TOP_LEVEL`, `BUILT_IN`) VALUES('9396ab07-032c-412e-b5ff-e581110ff2a1', 'Authentication Options', 'Authentication options.', 'shire', 'basic-flow', b'0', b'1');
INSERT INTO `AUTHENTICATION_FLOW` (`ID`, `ALIAS`, `DESCRIPTION`, `REALM_ID`, `PROVIDER_ID`, `TOP_LEVEL`, `BUILT_IN`) VALUES('94aec50e-beef-4d83-a16d-ffecefd4fed1', 'forms', 'Username, password, otp and other auth forms.', 'master', 'basic-flow', b'0', b'1');
INSERT INTO `AUTHENTICATION_FLOW` (`ID`, `ALIAS`, `DESCRIPTION`, `REALM_ID`, `PROVIDER_ID`, `TOP_LEVEL`, `BUILT_IN`) VALUES('951a62bc-0afb-42a1-805c-d55cd66955db', 'direct grant', 'OpenID Connect Resource Owner Grant', 'master', 'basic-flow', b'1', b'1');
INSERT INTO `AUTHENTICATION_FLOW` (`ID`, `ALIAS`, `DESCRIPTION`, `REALM_ID`, `PROVIDER_ID`, `TOP_LEVEL`, `BUILT_IN`) VALUES('952fa2c5-c850-48a0-b301-a778c56257e9', 'clients', 'Base authentication for clients', 'shire', 'client-flow', b'1', b'1');
INSERT INTO `AUTHENTICATION_FLOW` (`ID`, `ALIAS`, `DESCRIPTION`, `REALM_ID`, `PROVIDER_ID`, `TOP_LEVEL`, `BUILT_IN`) VALUES('9660aabc-f78b-466a-b50b-874cf5934ab0', 'First broker login - Conditional OTP', 'Flow to determine if the OTP is required for the authentication', 'galaxy', 'basic-flow', b'0', b'1');
INSERT INTO `AUTHENTICATION_FLOW` (`ID`, `ALIAS`, `DESCRIPTION`, `REALM_ID`, `PROVIDER_ID`, `TOP_LEVEL`, `BUILT_IN`) VALUES('96eb562e-1147-48cf-ab29-9321c7dec1b5', 'Handle Existing Account', 'Handle what to do if there is existing account with same email/username like authenticated identity provider', 'shire', 'basic-flow', b'0', b'1');
INSERT INTO `AUTHENTICATION_FLOW` (`ID`, `ALIAS`, `DESCRIPTION`, `REALM_ID`, `PROVIDER_ID`, `TOP_LEVEL`, `BUILT_IN`) VALUES('9b8de67e-2ce3-4279-bd04-d942e503f6cb', 'direct grant', 'OpenID Connect Resource Owner Grant', 'marvel', 'basic-flow', b'1', b'1');
INSERT INTO `AUTHENTICATION_FLOW` (`ID`, `ALIAS`, `DESCRIPTION`, `REALM_ID`, `PROVIDER_ID`, `TOP_LEVEL`, `BUILT_IN`) VALUES('9ec0e186-8ba9-4870-852d-222b12900c08', 'User creation or linking', 'Flow for the existing/non-existing user alternatives', 'marvel', 'basic-flow', b'0', b'1');
INSERT INTO `AUTHENTICATION_FLOW` (`ID`, `ALIAS`, `DESCRIPTION`, `REALM_ID`, `PROVIDER_ID`, `TOP_LEVEL`, `BUILT_IN`) VALUES('a09c6a57-462f-42d3-91a8-2990f52f28f9', 'Reset - Conditional OTP', 'Flow to determine if the OTP should be reset or not. Set to REQUIRED to force.', 'marvel', 'basic-flow', b'0', b'1');
INSERT INTO `AUTHENTICATION_FLOW` (`ID`, `ALIAS`, `DESCRIPTION`, `REALM_ID`, `PROVIDER_ID`, `TOP_LEVEL`, `BUILT_IN`) VALUES('a4931226-7e8a-40e7-875c-a86636438429', 'Browser - Conditional OTP', 'Flow to determine if the OTP is required for the authentication', 'shire', 'basic-flow', b'0', b'1');
INSERT INTO `AUTHENTICATION_FLOW` (`ID`, `ALIAS`, `DESCRIPTION`, `REALM_ID`, `PROVIDER_ID`, `TOP_LEVEL`, `BUILT_IN`) VALUES('a5c7e17e-c2ab-4dda-9f6e-277925e954bd', 'http challenge', 'An authentication flow based on challenge-response HTTP Authentication Schemes', 'galaxy', 'basic-flow', b'1', b'1');
INSERT INTO `AUTHENTICATION_FLOW` (`ID`, `ALIAS`, `DESCRIPTION`, `REALM_ID`, `PROVIDER_ID`, `TOP_LEVEL`, `BUILT_IN`) VALUES('a6823f11-b60b-486f-a393-4238f675b298', 'Handle Existing Account', 'Handle what to do if there is existing account with same email/username like authenticated identity provider', 'galaxy', 'basic-flow', b'0', b'1');
INSERT INTO `AUTHENTICATION_FLOW` (`ID`, `ALIAS`, `DESCRIPTION`, `REALM_ID`, `PROVIDER_ID`, `TOP_LEVEL`, `BUILT_IN`) VALUES('a78925f3-c5c4-4126-9f51-e8e34439499f', 'reset credentials', 'Reset credentials for a user if they forgot their password or something', 'shire', 'basic-flow', b'1', b'1');
INSERT INTO `AUTHENTICATION_FLOW` (`ID`, `ALIAS`, `DESCRIPTION`, `REALM_ID`, `PROVIDER_ID`, `TOP_LEVEL`, `BUILT_IN`) VALUES('afd33de8-d811-4964-9430-0c06b15cb245', 'saml ecp', 'SAML ECP Profile Authentication Flow', 'master', 'basic-flow', b'1', b'1');
INSERT INTO `AUTHENTICATION_FLOW` (`ID`, `ALIAS`, `DESCRIPTION`, `REALM_ID`, `PROVIDER_ID`, `TOP_LEVEL`, `BUILT_IN`) VALUES('b3409584-f619-4e7a-bcf1-55bf367362a3', 'first broker login', 'Actions taken after first broker login with identity provider account, which is not yet linked to any Keycloak account', 'master', 'basic-flow', b'1', b'1');
INSERT INTO `AUTHENTICATION_FLOW` (`ID`, `ALIAS`, `DESCRIPTION`, `REALM_ID`, `PROVIDER_ID`, `TOP_LEVEL`, `BUILT_IN`) VALUES('b87bdd9d-2601-4eee-9a0d-3bf449cc4f31', 'reset credentials', 'Reset credentials for a user if they forgot their password or something', 'galaxy', 'basic-flow', b'1', b'1');
INSERT INTO `AUTHENTICATION_FLOW` (`ID`, `ALIAS`, `DESCRIPTION`, `REALM_ID`, `PROVIDER_ID`, `TOP_LEVEL`, `BUILT_IN`) VALUES('b9338517-9d0b-4007-85a1-0cff46e0156c', 'registration', 'registration flow', 'master', 'basic-flow', b'1', b'1');
INSERT INTO `AUTHENTICATION_FLOW` (`ID`, `ALIAS`, `DESCRIPTION`, `REALM_ID`, `PROVIDER_ID`, `TOP_LEVEL`, `BUILT_IN`) VALUES('bcec0839-a3de-4b63-b703-69d90565b9c4', 'User creation or linking', 'Flow for the existing/non-existing user alternatives', 'galaxy', 'basic-flow', b'0', b'1');
INSERT INTO `AUTHENTICATION_FLOW` (`ID`, `ALIAS`, `DESCRIPTION`, `REALM_ID`, `PROVIDER_ID`, `TOP_LEVEL`, `BUILT_IN`) VALUES('bda9d1fa-0d9f-4d97-9bbf-48468ce35477', 'Browser - Conditional OTP', 'Flow to determine if the OTP is required for the authentication', 'master', 'basic-flow', b'0', b'1');
INSERT INTO `AUTHENTICATION_FLOW` (`ID`, `ALIAS`, `DESCRIPTION`, `REALM_ID`, `PROVIDER_ID`, `TOP_LEVEL`, `BUILT_IN`) VALUES('bf3dbfe4-cf88-4f43-b98b-95c2fbefa8a4', 'saml ecp', 'SAML ECP Profile Authentication Flow', 'marvel', 'basic-flow', b'1', b'1');
INSERT INTO `AUTHENTICATION_FLOW` (`ID`, `ALIAS`, `DESCRIPTION`, `REALM_ID`, `PROVIDER_ID`, `TOP_LEVEL`, `BUILT_IN`) VALUES('c0fd7463-7e4e-4d9e-b8ca-7b0a004683bb', 'first broker login', 'Actions taken after first broker login with identity provider account, which is not yet linked to any Keycloak account', 'shire', 'basic-flow', b'1', b'1');
INSERT INTO `AUTHENTICATION_FLOW` (`ID`, `ALIAS`, `DESCRIPTION`, `REALM_ID`, `PROVIDER_ID`, `TOP_LEVEL`, `BUILT_IN`) VALUES('cce6448c-10b8-4246-9758-2f05b03cb066', 'saml ecp', 'SAML ECP Profile Authentication Flow', 'shire', 'basic-flow', b'1', b'1');
INSERT INTO `AUTHENTICATION_FLOW` (`ID`, `ALIAS`, `DESCRIPTION`, `REALM_ID`, `PROVIDER_ID`, `TOP_LEVEL`, `BUILT_IN`) VALUES('cd30a35e-5ae7-41a5-a267-782f375f151b', 'User creation or linking', 'Flow for the existing/non-existing user alternatives', 'master', 'basic-flow', b'0', b'1');
INSERT INTO `AUTHENTICATION_FLOW` (`ID`, `ALIAS`, `DESCRIPTION`, `REALM_ID`, `PROVIDER_ID`, `TOP_LEVEL`, `BUILT_IN`) VALUES('ce740e0b-1826-40b6-9cd5-596b2b824c96', 'Account verification options', 'Method with which to verity the existing account', 'master', 'basic-flow', b'0', b'1');
INSERT INTO `AUTHENTICATION_FLOW` (`ID`, `ALIAS`, `DESCRIPTION`, `REALM_ID`, `PROVIDER_ID`, `TOP_LEVEL`, `BUILT_IN`) VALUES('d29329b7-a847-4409-bdc5-e280628d69c2', 'First broker login - Conditional OTP', 'Flow to determine if the OTP is required for the authentication', 'shire', 'basic-flow', b'0', b'1');
INSERT INTO `AUTHENTICATION_FLOW` (`ID`, `ALIAS`, `DESCRIPTION`, `REALM_ID`, `PROVIDER_ID`, `TOP_LEVEL`, `BUILT_IN`) VALUES('d30337ac-67fa-4c9d-a63c-737d7ac8b720', 'registration form', 'registration form', 'master', 'form-flow', b'0', b'1');
INSERT INTO `AUTHENTICATION_FLOW` (`ID`, `ALIAS`, `DESCRIPTION`, `REALM_ID`, `PROVIDER_ID`, `TOP_LEVEL`, `BUILT_IN`) VALUES('dbffb225-da8e-471f-9eac-dd5725e1d00e', 'first broker login', 'Actions taken after first broker login with identity provider account, which is not yet linked to any Keycloak account', 'galaxy', 'basic-flow', b'1', b'1');
INSERT INTO `AUTHENTICATION_FLOW` (`ID`, `ALIAS`, `DESCRIPTION`, `REALM_ID`, `PROVIDER_ID`, `TOP_LEVEL`, `BUILT_IN`) VALUES('dd038aea-906d-4eb5-a7f0-3422aa8ee375', 'Verify Existing Account by Re-authentication', 'Reauthentication of existing account', 'marvel', 'basic-flow', b'0', b'1');
INSERT INTO `AUTHENTICATION_FLOW` (`ID`, `ALIAS`, `DESCRIPTION`, `REALM_ID`, `PROVIDER_ID`, `TOP_LEVEL`, `BUILT_IN`) VALUES('dd1f16b7-13da-44f4-a7d1-4d6839ff8b0e', 'direct grant', 'OpenID Connect Resource Owner Grant', 'galaxy', 'basic-flow', b'1', b'1');
INSERT INTO `AUTHENTICATION_FLOW` (`ID`, `ALIAS`, `DESCRIPTION`, `REALM_ID`, `PROVIDER_ID`, `TOP_LEVEL`, `BUILT_IN`) VALUES('dd2a97f4-ff3f-4b64-b457-d60baead1785', 'Authentication Options', 'Authentication options.', 'galaxy', 'basic-flow', b'0', b'1');
INSERT INTO `AUTHENTICATION_FLOW` (`ID`, `ALIAS`, `DESCRIPTION`, `REALM_ID`, `PROVIDER_ID`, `TOP_LEVEL`, `BUILT_IN`) VALUES('e069f88e-ba38-4c71-b911-fb4cd87d1278', 'first broker login', 'Actions taken after first broker login with identity provider account, which is not yet linked to any Keycloak account', 'marvel', 'basic-flow', b'1', b'1');
INSERT INTO `AUTHENTICATION_FLOW` (`ID`, `ALIAS`, `DESCRIPTION`, `REALM_ID`, `PROVIDER_ID`, `TOP_LEVEL`, `BUILT_IN`) VALUES('e1dd17f0-0977-4555-b25a-bae1c9a0eaa5', 'registration form', 'registration form', 'marvel', 'form-flow', b'0', b'1');
INSERT INTO `AUTHENTICATION_FLOW` (`ID`, `ALIAS`, `DESCRIPTION`, `REALM_ID`, `PROVIDER_ID`, `TOP_LEVEL`, `BUILT_IN`) VALUES('e2a97cbb-995d-478e-a308-8300d4501d17', 'Verify Existing Account by Re-authentication', 'Reauthentication of existing account', 'shire', 'basic-flow', b'0', b'1');
INSERT INTO `AUTHENTICATION_FLOW` (`ID`, `ALIAS`, `DESCRIPTION`, `REALM_ID`, `PROVIDER_ID`, `TOP_LEVEL`, `BUILT_IN`) VALUES('e53eea79-a78e-44a9-b865-e5fa70e0f2a1', 'forms', 'Username, password, otp and other auth forms.', 'galaxy', 'basic-flow', b'0', b'1');
INSERT INTO `AUTHENTICATION_FLOW` (`ID`, `ALIAS`, `DESCRIPTION`, `REALM_ID`, `PROVIDER_ID`, `TOP_LEVEL`, `BUILT_IN`) VALUES('eaee8b33-db1d-4027-9407-a7a7425cd239', 'First broker login - Conditional OTP', 'Flow to determine if the OTP is required for the authentication', 'marvel', 'basic-flow', b'0', b'1');
INSERT INTO `AUTHENTICATION_FLOW` (`ID`, `ALIAS`, `DESCRIPTION`, `REALM_ID`, `PROVIDER_ID`, `TOP_LEVEL`, `BUILT_IN`) VALUES('ececc9cd-7ba3-42fc-b942-b796f892aaae', 'forms', 'Username, password, otp and other auth forms.', 'shire', 'basic-flow', b'0', b'1');
INSERT INTO `AUTHENTICATION_FLOW` (`ID`, `ALIAS`, `DESCRIPTION`, `REALM_ID`, `PROVIDER_ID`, `TOP_LEVEL`, `BUILT_IN`) VALUES('efd328b2-bbb5-4280-9201-d6e340d77348', 'Direct Grant - Conditional OTP', 'Flow to determine if the OTP is required for the authentication', 'galaxy', 'basic-flow', b'0', b'1');
INSERT INTO `AUTHENTICATION_FLOW` (`ID`, `ALIAS`, `DESCRIPTION`, `REALM_ID`, `PROVIDER_ID`, `TOP_LEVEL`, `BUILT_IN`) VALUES('f052a34a-6887-4244-927f-42ebd3dac3d1', 'direct grant', 'OpenID Connect Resource Owner Grant', 'shire', 'basic-flow', b'1', b'1');
INSERT INTO `AUTHENTICATION_FLOW` (`ID`, `ALIAS`, `DESCRIPTION`, `REALM_ID`, `PROVIDER_ID`, `TOP_LEVEL`, `BUILT_IN`) VALUES('f3ca4676-aae4-4ceb-99fe-4a228ade0331', 'Reset - Conditional OTP', 'Flow to determine if the OTP should be reset or not. Set to REQUIRED to force.', 'galaxy', 'basic-flow', b'0', b'1');
INSERT INTO `AUTHENTICATION_FLOW` (`ID`, `ALIAS`, `DESCRIPTION`, `REALM_ID`, `PROVIDER_ID`, `TOP_LEVEL`, `BUILT_IN`) VALUES('f72b7a4f-3e33-44a8-bb0d-979b72e9dfd3', 'clients', 'Base authentication for clients', 'galaxy', 'client-flow', b'1', b'1');
INSERT INTO `AUTHENTICATION_FLOW` (`ID`, `ALIAS`, `DESCRIPTION`, `REALM_ID`, `PROVIDER_ID`, `TOP_LEVEL`, `BUILT_IN`) VALUES('f880768a-4218-484f-bf3b-1eb6fe42fece', 'Reset - Conditional OTP', 'Flow to determine if the OTP should be reset or not. Set to REQUIRED to force.', 'master', 'basic-flow', b'0', b'1');
INSERT INTO `AUTHENTICATION_FLOW` (`ID`, `ALIAS`, `DESCRIPTION`, `REALM_ID`, `PROVIDER_ID`, `TOP_LEVEL`, `BUILT_IN`) VALUES('f8f0c426-f2a5-4cab-8eae-9514fe328ce5', 'Authentication Options', 'Authentication options.', 'master', 'basic-flow', b'0', b'1');

DROP TABLE IF EXISTS `AUTHENTICATOR_CONFIG`;
CREATE TABLE `AUTHENTICATOR_CONFIG` (
  `ID` varchar(36) NOT NULL,
  `ALIAS` varchar(255) DEFAULT NULL,
  `REALM_ID` varchar(36) DEFAULT NULL
) ENGINE=InnoDB DEFAULT CHARSET=utf8;

INSERT INTO `AUTHENTICATOR_CONFIG` (`ID`, `ALIAS`, `REALM_ID`) VALUES('0d9b4755-dcb4-45c9-b6f7-1ddf193ff6b0', 'review profile config', 'galaxy');
INSERT INTO `AUTHENTICATOR_CONFIG` (`ID`, `ALIAS`, `REALM_ID`) VALUES('297b4146-1aa9-430a-8e2f-88c4ba66ce12', 'review profile config', 'master');
INSERT INTO `AUTHENTICATOR_CONFIG` (`ID`, `ALIAS`, `REALM_ID`) VALUES('3c992e9f-c008-4d38-95f3-530f925737f4', 'create unique user config', 'master');
INSERT INTO `AUTHENTICATOR_CONFIG` (`ID`, `ALIAS`, `REALM_ID`) VALUES('8e81d942-ad3b-4075-afcf-6817dc561ecf', 'create unique user config', 'shire');
INSERT INTO `AUTHENTICATOR_CONFIG` (`ID`, `ALIAS`, `REALM_ID`) VALUES('930132f8-80bd-46a7-b0a2-e0866c992a20', 'create unique user config', 'marvel');
INSERT INTO `AUTHENTICATOR_CONFIG` (`ID`, `ALIAS`, `REALM_ID`) VALUES('b0452508-1616-4932-92ba-60f72e7862fa', 'review profile config', 'marvel');
INSERT INTO `AUTHENTICATOR_CONFIG` (`ID`, `ALIAS`, `REALM_ID`) VALUES('c7201343-90df-4116-bdf8-eae256e3d55a', 'create unique user config', 'galaxy');
INSERT INTO `AUTHENTICATOR_CONFIG` (`ID`, `ALIAS`, `REALM_ID`) VALUES('dfdbc18d-36c7-470f-a22f-e67c599f0784', 'review profile config', 'shire');

DROP TABLE IF EXISTS `AUTHENTICATOR_CONFIG_ENTRY`;
CREATE TABLE `AUTHENTICATOR_CONFIG_ENTRY` (
  `AUTHENTICATOR_ID` varchar(36) NOT NULL,
  `VALUE` longtext DEFAULT NULL,
  `NAME` varchar(255) NOT NULL
) ENGINE=InnoDB DEFAULT CHARSET=utf8;

INSERT INTO `AUTHENTICATOR_CONFIG_ENTRY` (`AUTHENTICATOR_ID`, `VALUE`, `NAME`) VALUES('0d9b4755-dcb4-45c9-b6f7-1ddf193ff6b0', 'missing', 'update.profile.on.first.login');
INSERT INTO `AUTHENTICATOR_CONFIG_ENTRY` (`AUTHENTICATOR_ID`, `VALUE`, `NAME`) VALUES('297b4146-1aa9-430a-8e2f-88c4ba66ce12', 'missing', 'update.profile.on.first.login');
INSERT INTO `AUTHENTICATOR_CONFIG_ENTRY` (`AUTHENTICATOR_ID`, `VALUE`, `NAME`) VALUES('3c992e9f-c008-4d38-95f3-530f925737f4', 'false', 'require.password.update.after.registration');
INSERT INTO `AUTHENTICATOR_CONFIG_ENTRY` (`AUTHENTICATOR_ID`, `VALUE`, `NAME`) VALUES('8e81d942-ad3b-4075-afcf-6817dc561ecf', 'false', 'require.password.update.after.registration');
INSERT INTO `AUTHENTICATOR_CONFIG_ENTRY` (`AUTHENTICATOR_ID`, `VALUE`, `NAME`) VALUES('930132f8-80bd-46a7-b0a2-e0866c992a20', 'false', 'require.password.update.after.registration');
INSERT INTO `AUTHENTICATOR_CONFIG_ENTRY` (`AUTHENTICATOR_ID`, `VALUE`, `NAME`) VALUES('b0452508-1616-4932-92ba-60f72e7862fa', 'missing', 'update.profile.on.first.login');
INSERT INTO `AUTHENTICATOR_CONFIG_ENTRY` (`AUTHENTICATOR_ID`, `VALUE`, `NAME`) VALUES('c7201343-90df-4116-bdf8-eae256e3d55a', 'false', 'require.password.update.after.registration');
INSERT INTO `AUTHENTICATOR_CONFIG_ENTRY` (`AUTHENTICATOR_ID`, `VALUE`, `NAME`) VALUES('dfdbc18d-36c7-470f-a22f-e67c599f0784', 'missing', 'update.profile.on.first.login');

DROP TABLE IF EXISTS `BROKER_LINK`;
CREATE TABLE `BROKER_LINK` (
  `IDENTITY_PROVIDER` varchar(255) NOT NULL,
  `STORAGE_PROVIDER_ID` varchar(255) DEFAULT NULL,
  `REALM_ID` varchar(36) NOT NULL,
  `BROKER_USER_ID` varchar(255) DEFAULT NULL,
  `BROKER_USERNAME` varchar(255) DEFAULT NULL,
  `TOKEN` text DEFAULT NULL,
  `USER_ID` varchar(255) NOT NULL
) ENGINE=InnoDB DEFAULT CHARSET=utf8;

DROP TABLE IF EXISTS `CLIENT`;
CREATE TABLE `CLIENT` (
  `ID` varchar(36) NOT NULL,
  `ENABLED` bit(1) NOT NULL DEFAULT b'0',
  `FULL_SCOPE_ALLOWED` bit(1) NOT NULL DEFAULT b'0',
  `CLIENT_ID` varchar(255) DEFAULT NULL,
  `NOT_BEFORE` int(11) DEFAULT NULL,
  `PUBLIC_CLIENT` bit(1) NOT NULL DEFAULT b'0',
  `SECRET` varchar(255) DEFAULT NULL,
  `BASE_URL` varchar(255) DEFAULT NULL,
  `BEARER_ONLY` bit(1) NOT NULL DEFAULT b'0',
  `MANAGEMENT_URL` varchar(255) DEFAULT NULL,
  `SURROGATE_AUTH_REQUIRED` bit(1) NOT NULL DEFAULT b'0',
  `REALM_ID` varchar(36) DEFAULT NULL,
  `PROTOCOL` varchar(255) DEFAULT NULL,
  `NODE_REREG_TIMEOUT` int(11) DEFAULT 0,
  `FRONTCHANNEL_LOGOUT` bit(1) NOT NULL DEFAULT b'0',
  `CONSENT_REQUIRED` bit(1) NOT NULL DEFAULT b'0',
  `NAME` varchar(255) DEFAULT NULL,
  `SERVICE_ACCOUNTS_ENABLED` bit(1) NOT NULL DEFAULT b'0',
  `CLIENT_AUTHENTICATOR_TYPE` varchar(255) DEFAULT NULL,
  `ROOT_URL` varchar(255) DEFAULT NULL,
  `DESCRIPTION` varchar(255) DEFAULT NULL,
  `REGISTRATION_TOKEN` varchar(255) DEFAULT NULL,
  `STANDARD_FLOW_ENABLED` bit(1) NOT NULL DEFAULT b'1',
  `IMPLICIT_FLOW_ENABLED` bit(1) NOT NULL DEFAULT b'0',
  `DIRECT_ACCESS_GRANTS_ENABLED` bit(1) NOT NULL DEFAULT b'0',
  `ALWAYS_DISPLAY_IN_CONSOLE` bit(1) NOT NULL DEFAULT b'0'
) ENGINE=InnoDB DEFAULT CHARSET=utf8;

INSERT INTO `CLIENT` (`ID`, `ENABLED`, `FULL_SCOPE_ALLOWED`, `CLIENT_ID`, `NOT_BEFORE`, `PUBLIC_CLIENT`, `SECRET`, `BASE_URL`, `BEARER_ONLY`, `MANAGEMENT_URL`, `SURROGATE_AUTH_REQUIRED`, `REALM_ID`, `PROTOCOL`, `NODE_REREG_TIMEOUT`, `FRONTCHANNEL_LOGOUT`, `CONSENT_REQUIRED`, `NAME`, `SERVICE_ACCOUNTS_ENABLED`, `CLIENT_AUTHENTICATOR_TYPE`, `ROOT_URL`, `DESCRIPTION`, `REGISTRATION_TOKEN`, `STANDARD_FLOW_ENABLED`, `IMPLICIT_FLOW_ENABLED`, `DIRECT_ACCESS_GRANTS_ENABLED`, `ALWAYS_DISPLAY_IN_CONSOLE`) VALUES('076ea7ad-877b-4966-8425-aa913dd2ded3', b'1', b'0', 'security-admin-console', 0, b'1', NULL, '/admin/shire/console/', b'0', NULL, b'0', 'shire', 'openid-connect', 0, b'0', b'0', '${client_security-admin-console}', b'0', 'client-secret', '${authAdminUrl}', NULL, NULL, b'1', b'0', b'0', b'0');
INSERT INTO `CLIENT` (`ID`, `ENABLED`, `FULL_SCOPE_ALLOWED`, `CLIENT_ID`, `NOT_BEFORE`, `PUBLIC_CLIENT`, `SECRET`, `BASE_URL`, `BEARER_ONLY`, `MANAGEMENT_URL`, `SURROGATE_AUTH_REQUIRED`, `REALM_ID`, `PROTOCOL`, `NODE_REREG_TIMEOUT`, `FRONTCHANNEL_LOGOUT`, `CONSENT_REQUIRED`, `NAME`, `SERVICE_ACCOUNTS_ENABLED`, `CLIENT_AUTHENTICATOR_TYPE`, `ROOT_URL`, `DESCRIPTION`, `REGISTRATION_TOKEN`, `STANDARD_FLOW_ENABLED`, `IMPLICIT_FLOW_ENABLED`, `DIRECT_ACCESS_GRANTS_ENABLED`, `ALWAYS_DISPLAY_IN_CONSOLE`) VALUES('1431f78b-7304-4502-ab74-ad58e9e7f851', b'1', b'0', 'account', 0, b'1', NULL, '/realms/master/account/', b'0', NULL, b'0', 'master', 'openid-connect', 0, b'0', b'0', '${client_account}', b'0', 'client-secret', '${authBaseUrl}', NULL, NULL, b'1', b'0', b'0', b'0');
INSERT INTO `CLIENT` (`ID`, `ENABLED`, `FULL_SCOPE_ALLOWED`, `CLIENT_ID`, `NOT_BEFORE`, `PUBLIC_CLIENT`, `SECRET`, `BASE_URL`, `BEARER_ONLY`, `MANAGEMENT_URL`, `SURROGATE_AUTH_REQUIRED`, `REALM_ID`, `PROTOCOL`, `NODE_REREG_TIMEOUT`, `FRONTCHANNEL_LOGOUT`, `CONSENT_REQUIRED`, `NAME`, `SERVICE_ACCOUNTS_ENABLED`, `CLIENT_AUTHENTICATOR_TYPE`, `ROOT_URL`, `DESCRIPTION`, `REGISTRATION_TOKEN`, `STANDARD_FLOW_ENABLED`, `IMPLICIT_FLOW_ENABLED`, `DIRECT_ACCESS_GRANTS_ENABLED`, `ALWAYS_DISPLAY_IN_CONSOLE`) VALUES('2459a934-6cc0-4051-9db0-e92d0f1f06aa', b'1', b'0', 'account-console', 0, b'1', NULL, '/realms/master/account/', b'0', NULL, b'0', 'master', 'openid-connect', 0, b'0', b'0', '${client_account-console}', b'0', 'client-secret', '${authBaseUrl}', NULL, NULL, b'1', b'0', b'0', b'0');
INSERT INTO `CLIENT` (`ID`, `ENABLED`, `FULL_SCOPE_ALLOWED`, `CLIENT_ID`, `NOT_BEFORE`, `PUBLIC_CLIENT`, `SECRET`, `BASE_URL`, `BEARER_ONLY`, `MANAGEMENT_URL`, `SURROGATE_AUTH_REQUIRED`, `REALM_ID`, `PROTOCOL`, `NODE_REREG_TIMEOUT`, `FRONTCHANNEL_LOGOUT`, `CONSENT_REQUIRED`, `NAME`, `SERVICE_ACCOUNTS_ENABLED`, `CLIENT_AUTHENTICATOR_TYPE`, `ROOT_URL`, `DESCRIPTION`, `REGISTRATION_TOKEN`, `STANDARD_FLOW_ENABLED`, `IMPLICIT_FLOW_ENABLED`, `DIRECT_ACCESS_GRANTS_ENABLED`, `ALWAYS_DISPLAY_IN_CONSOLE`) VALUES('2a6550f4-4bc1-4d18-bda9-019c9ac2479b', b'1', b'0', 'shire-realm', 0, b'0', NULL, NULL, b'1', NULL, b'0', 'master', NULL, 0, b'0', b'0', 'shire Realm', b'0', 'client-secret', NULL, NULL, NULL, b'1', b'0', b'0', b'0');
INSERT INTO `CLIENT` (`ID`, `ENABLED`, `FULL_SCOPE_ALLOWED`, `CLIENT_ID`, `NOT_BEFORE`, `PUBLIC_CLIENT`, `SECRET`, `BASE_URL`, `BEARER_ONLY`, `MANAGEMENT_URL`, `SURROGATE_AUTH_REQUIRED`, `REALM_ID`, `PROTOCOL`, `NODE_REREG_TIMEOUT`, `FRONTCHANNEL_LOGOUT`, `CONSENT_REQUIRED`, `NAME`, `SERVICE_ACCOUNTS_ENABLED`, `CLIENT_AUTHENTICATOR_TYPE`, `ROOT_URL`, `DESCRIPTION`, `REGISTRATION_TOKEN`, `STANDARD_FLOW_ENABLED`, `IMPLICIT_FLOW_ENABLED`, `DIRECT_ACCESS_GRANTS_ENABLED`, `ALWAYS_DISPLAY_IN_CONSOLE`) VALUES('3c5e3d81-7315-4591-b594-605be218a994', b'1', b'0', 'broker', 0, b'0', NULL, NULL, b'1', NULL, b'0', 'marvel', 'openid-connect', 0, b'0', b'0', '${client_broker}', b'0', 'client-secret', NULL, NULL, NULL, b'1', b'0', b'0', b'0');
INSERT INTO `CLIENT` (`ID`, `ENABLED`, `FULL_SCOPE_ALLOWED`, `CLIENT_ID`, `NOT_BEFORE`, `PUBLIC_CLIENT`, `SECRET`, `BASE_URL`, `BEARER_ONLY`, `MANAGEMENT_URL`, `SURROGATE_AUTH_REQUIRED`, `REALM_ID`, `PROTOCOL`, `NODE_REREG_TIMEOUT`, `FRONTCHANNEL_LOGOUT`, `CONSENT_REQUIRED`, `NAME`, `SERVICE_ACCOUNTS_ENABLED`, `CLIENT_AUTHENTICATOR_TYPE`, `ROOT_URL`, `DESCRIPTION`, `REGISTRATION_TOKEN`, `STANDARD_FLOW_ENABLED`, `IMPLICIT_FLOW_ENABLED`, `DIRECT_ACCESS_GRANTS_ENABLED`, `ALWAYS_DISPLAY_IN_CONSOLE`) VALUES('3ce87c07-43f7-4fd1-98dc-98d0bef89416', b'1', b'0', 'security-admin-console', 0, b'1', NULL, '/admin/master/console/', b'0', NULL, b'0', 'master', 'openid-connect', 0, b'0', b'0', '${client_security-admin-console}', b'0', 'client-secret', '${authAdminUrl}', NULL, NULL, b'1', b'0', b'0', b'0');
INSERT INTO `CLIENT` (`ID`, `ENABLED`, `FULL_SCOPE_ALLOWED`, `CLIENT_ID`, `NOT_BEFORE`, `PUBLIC_CLIENT`, `SECRET`, `BASE_URL`, `BEARER_ONLY`, `MANAGEMENT_URL`, `SURROGATE_AUTH_REQUIRED`, `REALM_ID`, `PROTOCOL`, `NODE_REREG_TIMEOUT`, `FRONTCHANNEL_LOGOUT`, `CONSENT_REQUIRED`, `NAME`, `SERVICE_ACCOUNTS_ENABLED`, `CLIENT_AUTHENTICATOR_TYPE`, `ROOT_URL`, `DESCRIPTION`, `REGISTRATION_TOKEN`, `STANDARD_FLOW_ENABLED`, `IMPLICIT_FLOW_ENABLED`, `DIRECT_ACCESS_GRANTS_ENABLED`, `ALWAYS_DISPLAY_IN_CONSOLE`) VALUES('421f8f27-9b2c-4c8e-a84c-0fdee96ca882', b'1', b'1', 'articles-webapp', 0, b'0', '67487ed3-1dec-4698-a84f-63bf28e8f9f1', NULL, b'0', 'http://marvel.articles.example.com', b'0', 'marvel', 'openid-connect', -1, b'0', b'0', NULL, b'0', 'client-secret', 'http://marvel.articles.example.com', NULL, NULL, b'1', b'0', b'1', b'0');
INSERT INTO `CLIENT` (`ID`, `ENABLED`, `FULL_SCOPE_ALLOWED`, `CLIENT_ID`, `NOT_BEFORE`, `PUBLIC_CLIENT`, `SECRET`, `BASE_URL`, `BEARER_ONLY`, `MANAGEMENT_URL`, `SURROGATE_AUTH_REQUIRED`, `REALM_ID`, `PROTOCOL`, `NODE_REREG_TIMEOUT`, `FRONTCHANNEL_LOGOUT`, `CONSENT_REQUIRED`, `NAME`, `SERVICE_ACCOUNTS_ENABLED`, `CLIENT_AUTHENTICATOR_TYPE`, `ROOT_URL`, `DESCRIPTION`, `REGISTRATION_TOKEN`, `STANDARD_FLOW_ENABLED`, `IMPLICIT_FLOW_ENABLED`, `DIRECT_ACCESS_GRANTS_ENABLED`, `ALWAYS_DISPLAY_IN_CONSOLE`) VALUES('49ee7d11-160c-4f50-bc39-973c71d0d256', b'1', b'0', 'broker', 0, b'0', NULL, NULL, b'1', NULL, b'0', 'galaxy', 'openid-connect', 0, b'0', b'0', '${client_broker}', b'0', 'client-secret', NULL, NULL, NULL, b'1', b'0', b'0', b'0');
INSERT INTO `CLIENT` (`ID`, `ENABLED`, `FULL_SCOPE_ALLOWED`, `CLIENT_ID`, `NOT_BEFORE`, `PUBLIC_CLIENT`, `SECRET`, `BASE_URL`, `BEARER_ONLY`, `MANAGEMENT_URL`, `SURROGATE_AUTH_REQUIRED`, `REALM_ID`, `PROTOCOL`, `NODE_REREG_TIMEOUT`, `FRONTCHANNEL_LOGOUT`, `CONSENT_REQUIRED`, `NAME`, `SERVICE_ACCOUNTS_ENABLED`, `CLIENT_AUTHENTICATOR_TYPE`, `ROOT_URL`, `DESCRIPTION`, `REGISTRATION_TOKEN`, `STANDARD_FLOW_ENABLED`, `IMPLICIT_FLOW_ENABLED`, `DIRECT_ACCESS_GRANTS_ENABLED`, `ALWAYS_DISPLAY_IN_CONSOLE`) VALUES('53d12d05-2b37-4194-9008-277e7f7607c1', b'1', b'0', 'marvel-realm', 0, b'0', NULL, NULL, b'1', NULL, b'0', 'master', NULL, 0, b'0', b'0', 'marvel Realm', b'0', 'client-secret', NULL, NULL, NULL, b'1', b'0', b'0', b'0');
INSERT INTO `CLIENT` (`ID`, `ENABLED`, `FULL_SCOPE_ALLOWED`, `CLIENT_ID`, `NOT_BEFORE`, `PUBLIC_CLIENT`, `SECRET`, `BASE_URL`, `BEARER_ONLY`, `MANAGEMENT_URL`, `SURROGATE_AUTH_REQUIRED`, `REALM_ID`, `PROTOCOL`, `NODE_REREG_TIMEOUT`, `FRONTCHANNEL_LOGOUT`, `CONSENT_REQUIRED`, `NAME`, `SERVICE_ACCOUNTS_ENABLED`, `CLIENT_AUTHENTICATOR_TYPE`, `ROOT_URL`, `DESCRIPTION`, `REGISTRATION_TOKEN`, `STANDARD_FLOW_ENABLED`, `IMPLICIT_FLOW_ENABLED`, `DIRECT_ACCESS_GRANTS_ENABLED`, `ALWAYS_DISPLAY_IN_CONSOLE`) VALUES('57e1d944-ec62-4f12-88fd-304e5c4237d8', b'1', b'0', 'admin-cli', 0, b'1', NULL, NULL, b'0', NULL, b'0', 'shire', 'openid-connect', 0, b'0', b'0', '${client_admin-cli}', b'0', 'client-secret', NULL, NULL, NULL, b'0', b'0', b'1', b'0');
INSERT INTO `CLIENT` (`ID`, `ENABLED`, `FULL_SCOPE_ALLOWED`, `CLIENT_ID`, `NOT_BEFORE`, `PUBLIC_CLIENT`, `SECRET`, `BASE_URL`, `BEARER_ONLY`, `MANAGEMENT_URL`, `SURROGATE_AUTH_REQUIRED`, `REALM_ID`, `PROTOCOL`, `NODE_REREG_TIMEOUT`, `FRONTCHANNEL_LOGOUT`, `CONSENT_REQUIRED`, `NAME`, `SERVICE_ACCOUNTS_ENABLED`, `CLIENT_AUTHENTICATOR_TYPE`, `ROOT_URL`, `DESCRIPTION`, `REGISTRATION_TOKEN`, `STANDARD_FLOW_ENABLED`, `IMPLICIT_FLOW_ENABLED`, `DIRECT_ACCESS_GRANTS_ENABLED`, `ALWAYS_DISPLAY_IN_CONSOLE`) VALUES('5ba321eb-19dc-4fb5-acee-127e931e3686', b'1', b'0', 'account', 0, b'1', NULL, '/realms/shire/account/', b'0', NULL, b'0', 'shire', 'openid-connect', 0, b'0', b'0', '${client_account}', b'0', 'client-secret', '${authBaseUrl}', NULL, NULL, b'1', b'0', b'0', b'0');
INSERT INTO `CLIENT` (`ID`, `ENABLED`, `FULL_SCOPE_ALLOWED`, `CLIENT_ID`, `NOT_BEFORE`, `PUBLIC_CLIENT`, `SECRET`, `BASE_URL`, `BEARER_ONLY`, `MANAGEMENT_URL`, `SURROGATE_AUTH_REQUIRED`, `REALM_ID`, `PROTOCOL`, `NODE_REREG_TIMEOUT`, `FRONTCHANNEL_LOGOUT`, `CONSENT_REQUIRED`, `NAME`, `SERVICE_ACCOUNTS_ENABLED`, `CLIENT_AUTHENTICATOR_TYPE`, `ROOT_URL`, `DESCRIPTION`, `REGISTRATION_TOKEN`, `STANDARD_FLOW_ENABLED`, `IMPLICIT_FLOW_ENABLED`, `DIRECT_ACCESS_GRANTS_ENABLED`, `ALWAYS_DISPLAY_IN_CONSOLE`) VALUES('613e357d-3ac8-4de5-8c84-5d9af8d475d3', b'1', b'0', 'realm-management', 0, b'0', NULL, NULL, b'1', NULL, b'0', 'marvel', 'openid-connect', 0, b'0', b'0', '${client_realm-management}', b'0', 'client-secret', NULL, NULL, NULL, b'1', b'0', b'0', b'0');
INSERT INTO `CLIENT` (`ID`, `ENABLED`, `FULL_SCOPE_ALLOWED`, `CLIENT_ID`, `NOT_BEFORE`, `PUBLIC_CLIENT`, `SECRET`, `BASE_URL`, `BEARER_ONLY`, `MANAGEMENT_URL`, `SURROGATE_AUTH_REQUIRED`, `REALM_ID`, `PROTOCOL`, `NODE_REREG_TIMEOUT`, `FRONTCHANNEL_LOGOUT`, `CONSENT_REQUIRED`, `NAME`, `SERVICE_ACCOUNTS_ENABLED`, `CLIENT_AUTHENTICATOR_TYPE`, `ROOT_URL`, `DESCRIPTION`, `REGISTRATION_TOKEN`, `STANDARD_FLOW_ENABLED`, `IMPLICIT_FLOW_ENABLED`, `DIRECT_ACCESS_GRANTS_ENABLED`, `ALWAYS_DISPLAY_IN_CONSOLE`) VALUES('68c65011-e97a-4d4c-94fe-7ee636893f9e', b'1', b'0', 'admin-cli', 0, b'1', NULL, NULL, b'0', NULL, b'0', 'master', 'openid-connect', 0, b'0', b'0', '${client_admin-cli}', b'0', 'client-secret', NULL, NULL, NULL, b'0', b'0', b'1', b'0');
INSERT INTO `CLIENT` (`ID`, `ENABLED`, `FULL_SCOPE_ALLOWED`, `CLIENT_ID`, `NOT_BEFORE`, `PUBLIC_CLIENT`, `SECRET`, `BASE_URL`, `BEARER_ONLY`, `MANAGEMENT_URL`, `SURROGATE_AUTH_REQUIRED`, `REALM_ID`, `PROTOCOL`, `NODE_REREG_TIMEOUT`, `FRONTCHANNEL_LOGOUT`, `CONSENT_REQUIRED`, `NAME`, `SERVICE_ACCOUNTS_ENABLED`, `CLIENT_AUTHENTICATOR_TYPE`, `ROOT_URL`, `DESCRIPTION`, `REGISTRATION_TOKEN`, `STANDARD_FLOW_ENABLED`, `IMPLICIT_FLOW_ENABLED`, `DIRECT_ACCESS_GRANTS_ENABLED`, `ALWAYS_DISPLAY_IN_CONSOLE`) VALUES('6d7ed351-badd-40e3-833f-aa5d041d3fe3', b'1', b'0', 'realm-management', 0, b'0', NULL, NULL, b'1', NULL, b'0', 'galaxy', 'openid-connect', 0, b'0', b'0', '${client_realm-management}', b'0', 'client-secret', NULL, NULL, NULL, b'1', b'0', b'0', b'0');
INSERT INTO `CLIENT` (`ID`, `ENABLED`, `FULL_SCOPE_ALLOWED`, `CLIENT_ID`, `NOT_BEFORE`, `PUBLIC_CLIENT`, `SECRET`, `BASE_URL`, `BEARER_ONLY`, `MANAGEMENT_URL`, `SURROGATE_AUTH_REQUIRED`, `REALM_ID`, `PROTOCOL`, `NODE_REREG_TIMEOUT`, `FRONTCHANNEL_LOGOUT`, `CONSENT_REQUIRED`, `NAME`, `SERVICE_ACCOUNTS_ENABLED`, `CLIENT_AUTHENTICATOR_TYPE`, `ROOT_URL`, `DESCRIPTION`, `REGISTRATION_TOKEN`, `STANDARD_FLOW_ENABLED`, `IMPLICIT_FLOW_ENABLED`, `DIRECT_ACCESS_GRANTS_ENABLED`, `ALWAYS_DISPLAY_IN_CONSOLE`) VALUES('8366d8af-a665-4f19-95d5-558f8d178519', b'1', b'0', 'security-admin-console', 0, b'1', NULL, '/admin/marvel/console/', b'0', NULL, b'0', 'marvel', 'openid-connect', 0, b'0', b'0', '${client_security-admin-console}', b'0', 'client-secret', '${authAdminUrl}', NULL, NULL, b'1', b'0', b'0', b'0');
INSERT INTO `CLIENT` (`ID`, `ENABLED`, `FULL_SCOPE_ALLOWED`, `CLIENT_ID`, `NOT_BEFORE`, `PUBLIC_CLIENT`, `SECRET`, `BASE_URL`, `BEARER_ONLY`, `MANAGEMENT_URL`, `SURROGATE_AUTH_REQUIRED`, `REALM_ID`, `PROTOCOL`, `NODE_REREG_TIMEOUT`, `FRONTCHANNEL_LOGOUT`, `CONSENT_REQUIRED`, `NAME`, `SERVICE_ACCOUNTS_ENABLED`, `CLIENT_AUTHENTICATOR_TYPE`, `ROOT_URL`, `DESCRIPTION`, `REGISTRATION_TOKEN`, `STANDARD_FLOW_ENABLED`, `IMPLICIT_FLOW_ENABLED`, `DIRECT_ACCESS_GRANTS_ENABLED`, `ALWAYS_DISPLAY_IN_CONSOLE`) VALUES('8eb73012-440c-4d87-9a13-6e2c69617d75', b'1', b'0', 'security-admin-console', 0, b'1', NULL, '/admin/galaxy/console/', b'0', NULL, b'0', 'galaxy', 'openid-connect', 0, b'0', b'0', '${client_security-admin-console}', b'0', 'client-secret', '${authAdminUrl}', NULL, NULL, b'1', b'0', b'0', b'0');
INSERT INTO `CLIENT` (`ID`, `ENABLED`, `FULL_SCOPE_ALLOWED`, `CLIENT_ID`, `NOT_BEFORE`, `PUBLIC_CLIENT`, `SECRET`, `BASE_URL`, `BEARER_ONLY`, `MANAGEMENT_URL`, `SURROGATE_AUTH_REQUIRED`, `REALM_ID`, `PROTOCOL`, `NODE_REREG_TIMEOUT`, `FRONTCHANNEL_LOGOUT`, `CONSENT_REQUIRED`, `NAME`, `SERVICE_ACCOUNTS_ENABLED`, `CLIENT_AUTHENTICATOR_TYPE`, `ROOT_URL`, `DESCRIPTION`, `REGISTRATION_TOKEN`, `STANDARD_FLOW_ENABLED`, `IMPLICIT_FLOW_ENABLED`, `DIRECT_ACCESS_GRANTS_ENABLED`, `ALWAYS_DISPLAY_IN_CONSOLE`) VALUES('955173f2-d038-41eb-ba27-436ae182a2da', b'1', b'0', 'realm-management', 0, b'0', NULL, NULL, b'1', NULL, b'0', 'shire', 'openid-connect', 0, b'0', b'0', '${client_realm-management}', b'0', 'client-secret', NULL, NULL, NULL, b'1', b'0', b'0', b'0');
INSERT INTO `CLIENT` (`ID`, `ENABLED`, `FULL_SCOPE_ALLOWED`, `CLIENT_ID`, `NOT_BEFORE`, `PUBLIC_CLIENT`, `SECRET`, `BASE_URL`, `BEARER_ONLY`, `MANAGEMENT_URL`, `SURROGATE_AUTH_REQUIRED`, `REALM_ID`, `PROTOCOL`, `NODE_REREG_TIMEOUT`, `FRONTCHANNEL_LOGOUT`, `CONSENT_REQUIRED`, `NAME`, `SERVICE_ACCOUNTS_ENABLED`, `CLIENT_AUTHENTICATOR_TYPE`, `ROOT_URL`, `DESCRIPTION`, `REGISTRATION_TOKEN`, `STANDARD_FLOW_ENABLED`, `IMPLICIT_FLOW_ENABLED`, `DIRECT_ACCESS_GRANTS_ENABLED`, `ALWAYS_DISPLAY_IN_CONSOLE`) VALUES('9776dcf2-c359-438e-9117-c74c736994bd', b'1', b'0', 'broker', 0, b'0', NULL, NULL, b'1', NULL, b'0', 'master', 'openid-connect', 0, b'0', b'0', '${client_broker}', b'0', 'client-secret', NULL, NULL, NULL, b'1', b'0', b'0', b'0');
INSERT INTO `CLIENT` (`ID`, `ENABLED`, `FULL_SCOPE_ALLOWED`, `CLIENT_ID`, `NOT_BEFORE`, `PUBLIC_CLIENT`, `SECRET`, `BASE_URL`, `BEARER_ONLY`, `MANAGEMENT_URL`, `SURROGATE_AUTH_REQUIRED`, `REALM_ID`, `PROTOCOL`, `NODE_REREG_TIMEOUT`, `FRONTCHANNEL_LOGOUT`, `CONSENT_REQUIRED`, `NAME`, `SERVICE_ACCOUNTS_ENABLED`, `CLIENT_AUTHENTICATOR_TYPE`, `ROOT_URL`, `DESCRIPTION`, `REGISTRATION_TOKEN`, `STANDARD_FLOW_ENABLED`, `IMPLICIT_FLOW_ENABLED`, `DIRECT_ACCESS_GRANTS_ENABLED`, `ALWAYS_DISPLAY_IN_CONSOLE`) VALUES('a17811e5-8ed8-4152-972c-8148cbc40894', b'1', b'0', 'account', 0, b'1', NULL, '/realms/galaxy/account/', b'0', NULL, b'0', 'galaxy', 'openid-connect', 0, b'0', b'0', '${client_account}', b'0', 'client-secret', '${authBaseUrl}', NULL, NULL, b'1', b'0', b'0', b'0');
INSERT INTO `CLIENT` (`ID`, `ENABLED`, `FULL_SCOPE_ALLOWED`, `CLIENT_ID`, `NOT_BEFORE`, `PUBLIC_CLIENT`, `SECRET`, `BASE_URL`, `BEARER_ONLY`, `MANAGEMENT_URL`, `SURROGATE_AUTH_REQUIRED`, `REALM_ID`, `PROTOCOL`, `NODE_REREG_TIMEOUT`, `FRONTCHANNEL_LOGOUT`, `CONSENT_REQUIRED`, `NAME`, `SERVICE_ACCOUNTS_ENABLED`, `CLIENT_AUTHENTICATOR_TYPE`, `ROOT_URL`, `DESCRIPTION`, `REGISTRATION_TOKEN`, `STANDARD_FLOW_ENABLED`, `IMPLICIT_FLOW_ENABLED`, `DIRECT_ACCESS_GRANTS_ENABLED`, `ALWAYS_DISPLAY_IN_CONSOLE`) VALUES('aec94d56-647f-4ba7-b90c-75360f7248ce', b'1', b'0', 'broker', 0, b'0', NULL, NULL, b'1', NULL, b'0', 'shire', 'openid-connect', 0, b'0', b'0', '${client_broker}', b'0', 'client-secret', NULL, NULL, NULL, b'1', b'0', b'0', b'0');
INSERT INTO `CLIENT` (`ID`, `ENABLED`, `FULL_SCOPE_ALLOWED`, `CLIENT_ID`, `NOT_BEFORE`, `PUBLIC_CLIENT`, `SECRET`, `BASE_URL`, `BEARER_ONLY`, `MANAGEMENT_URL`, `SURROGATE_AUTH_REQUIRED`, `REALM_ID`, `PROTOCOL`, `NODE_REREG_TIMEOUT`, `FRONTCHANNEL_LOGOUT`, `CONSENT_REQUIRED`, `NAME`, `SERVICE_ACCOUNTS_ENABLED`, `CLIENT_AUTHENTICATOR_TYPE`, `ROOT_URL`, `DESCRIPTION`, `REGISTRATION_TOKEN`, `STANDARD_FLOW_ENABLED`, `IMPLICIT_FLOW_ENABLED`, `DIRECT_ACCESS_GRANTS_ENABLED`, `ALWAYS_DISPLAY_IN_CONSOLE`) VALUES('b6e3d4d5-d802-439f-9be9-760232c3ec6a', b'1', b'0', 'account', 0, b'1', NULL, '/realms/marvel/account/', b'0', NULL, b'0', 'marvel', 'openid-connect', 0, b'0', b'0', '${client_account}', b'0', 'client-secret', '${authBaseUrl}', NULL, NULL, b'1', b'0', b'0', b'0');
INSERT INTO `CLIENT` (`ID`, `ENABLED`, `FULL_SCOPE_ALLOWED`, `CLIENT_ID`, `NOT_BEFORE`, `PUBLIC_CLIENT`, `SECRET`, `BASE_URL`, `BEARER_ONLY`, `MANAGEMENT_URL`, `SURROGATE_AUTH_REQUIRED`, `REALM_ID`, `PROTOCOL`, `NODE_REREG_TIMEOUT`, `FRONTCHANNEL_LOGOUT`, `CONSENT_REQUIRED`, `NAME`, `SERVICE_ACCOUNTS_ENABLED`, `CLIENT_AUTHENTICATOR_TYPE`, `ROOT_URL`, `DESCRIPTION`, `REGISTRATION_TOKEN`, `STANDARD_FLOW_ENABLED`, `IMPLICIT_FLOW_ENABLED`, `DIRECT_ACCESS_GRANTS_ENABLED`, `ALWAYS_DISPLAY_IN_CONSOLE`) VALUES('b9044e4f-9888-4b65-814c-c7dc91a8fa35', b'1', b'0', 'account-console', 0, b'1', NULL, '/realms/shire/account/', b'0', NULL, b'0', 'shire', 'openid-connect', 0, b'0', b'0', '${client_account-console}', b'0', 'client-secret', '${authBaseUrl}', NULL, NULL, b'1', b'0', b'0', b'0');
INSERT INTO `CLIENT` (`ID`, `ENABLED`, `FULL_SCOPE_ALLOWED`, `CLIENT_ID`, `NOT_BEFORE`, `PUBLIC_CLIENT`, `SECRET`, `BASE_URL`, `BEARER_ONLY`, `MANAGEMENT_URL`, `SURROGATE_AUTH_REQUIRED`, `REALM_ID`, `PROTOCOL`, `NODE_REREG_TIMEOUT`, `FRONTCHANNEL_LOGOUT`, `CONSENT_REQUIRED`, `NAME`, `SERVICE_ACCOUNTS_ENABLED`, `CLIENT_AUTHENTICATOR_TYPE`, `ROOT_URL`, `DESCRIPTION`, `REGISTRATION_TOKEN`, `STANDARD_FLOW_ENABLED`, `IMPLICIT_FLOW_ENABLED`, `DIRECT_ACCESS_GRANTS_ENABLED`, `ALWAYS_DISPLAY_IN_CONSOLE`) VALUES('b9ba5583-6313-4b30-a6f0-61e137f55a66', b'1', b'0', 'account-console', 0, b'1', NULL, '/realms/galaxy/account/', b'0', NULL, b'0', 'galaxy', 'openid-connect', 0, b'0', b'0', '${client_account-console}', b'0', 'client-secret', '${authBaseUrl}', NULL, NULL, b'1', b'0', b'0', b'0');
INSERT INTO `CLIENT` (`ID`, `ENABLED`, `FULL_SCOPE_ALLOWED`, `CLIENT_ID`, `NOT_BEFORE`, `PUBLIC_CLIENT`, `SECRET`, `BASE_URL`, `BEARER_ONLY`, `MANAGEMENT_URL`, `SURROGATE_AUTH_REQUIRED`, `REALM_ID`, `PROTOCOL`, `NODE_REREG_TIMEOUT`, `FRONTCHANNEL_LOGOUT`, `CONSENT_REQUIRED`, `NAME`, `SERVICE_ACCOUNTS_ENABLED`, `CLIENT_AUTHENTICATOR_TYPE`, `ROOT_URL`, `DESCRIPTION`, `REGISTRATION_TOKEN`, `STANDARD_FLOW_ENABLED`, `IMPLICIT_FLOW_ENABLED`, `DIRECT_ACCESS_GRANTS_ENABLED`, `ALWAYS_DISPLAY_IN_CONSOLE`) VALUES('baba616f-01c4-43c4-b563-075a5ef8c394', b'1', b'0', 'admin-cli', 0, b'1', NULL, NULL, b'0', NULL, b'0', 'galaxy', 'openid-connect', 0, b'0', b'0', '${client_admin-cli}', b'0', 'client-secret', NULL, NULL, NULL, b'0', b'0', b'1', b'0');
INSERT INTO `CLIENT` (`ID`, `ENABLED`, `FULL_SCOPE_ALLOWED`, `CLIENT_ID`, `NOT_BEFORE`, `PUBLIC_CLIENT`, `SECRET`, `BASE_URL`, `BEARER_ONLY`, `MANAGEMENT_URL`, `SURROGATE_AUTH_REQUIRED`, `REALM_ID`, `PROTOCOL`, `NODE_REREG_TIMEOUT`, `FRONTCHANNEL_LOGOUT`, `CONSENT_REQUIRED`, `NAME`, `SERVICE_ACCOUNTS_ENABLED`, `CLIENT_AUTHENTICATOR_TYPE`, `ROOT_URL`, `DESCRIPTION`, `REGISTRATION_TOKEN`, `STANDARD_FLOW_ENABLED`, `IMPLICIT_FLOW_ENABLED`, `DIRECT_ACCESS_GRANTS_ENABLED`, `ALWAYS_DISPLAY_IN_CONSOLE`) VALUES('ca4f5265-533f-4970-a7ef-3901071eb658', b'1', b'0', 'galaxy-realm', 0, b'0', NULL, NULL, b'1', NULL, b'0', 'master', NULL, 0, b'0', b'0', 'galaxy Realm', b'0', 'client-secret', NULL, NULL, NULL, b'1', b'0', b'0', b'0');
INSERT INTO `CLIENT` (`ID`, `ENABLED`, `FULL_SCOPE_ALLOWED`, `CLIENT_ID`, `NOT_BEFORE`, `PUBLIC_CLIENT`, `SECRET`, `BASE_URL`, `BEARER_ONLY`, `MANAGEMENT_URL`, `SURROGATE_AUTH_REQUIRED`, `REALM_ID`, `PROTOCOL`, `NODE_REREG_TIMEOUT`, `FRONTCHANNEL_LOGOUT`, `CONSENT_REQUIRED`, `NAME`, `SERVICE_ACCOUNTS_ENABLED`, `CLIENT_AUTHENTICATOR_TYPE`, `ROOT_URL`, `DESCRIPTION`, `REGISTRATION_TOKEN`, `STANDARD_FLOW_ENABLED`, `IMPLICIT_FLOW_ENABLED`, `DIRECT_ACCESS_GRANTS_ENABLED`, `ALWAYS_DISPLAY_IN_CONSOLE`) VALUES('e57c7cfa-8d1a-4de9-9fcc-cfa9a87956c0', b'1', b'0', 'admin-cli', 0, b'1', NULL, NULL, b'0', NULL, b'0', 'marvel', 'openid-connect', 0, b'0', b'0', '${client_admin-cli}', b'0', 'client-secret', NULL, NULL, NULL, b'0', b'0', b'1', b'0');
INSERT INTO `CLIENT` (`ID`, `ENABLED`, `FULL_SCOPE_ALLOWED`, `CLIENT_ID`, `NOT_BEFORE`, `PUBLIC_CLIENT`, `SECRET`, `BASE_URL`, `BEARER_ONLY`, `MANAGEMENT_URL`, `SURROGATE_AUTH_REQUIRED`, `REALM_ID`, `PROTOCOL`, `NODE_REREG_TIMEOUT`, `FRONTCHANNEL_LOGOUT`, `CONSENT_REQUIRED`, `NAME`, `SERVICE_ACCOUNTS_ENABLED`, `CLIENT_AUTHENTICATOR_TYPE`, `ROOT_URL`, `DESCRIPTION`, `REGISTRATION_TOKEN`, `STANDARD_FLOW_ENABLED`, `IMPLICIT_FLOW_ENABLED`, `DIRECT_ACCESS_GRANTS_ENABLED`, `ALWAYS_DISPLAY_IN_CONSOLE`) VALUES('e5e864b0-8e37-4183-8411-c8188d18e903', b'1', b'1', 'articles-webapp', 0, b'0', '3035dff0-a8ff-449d-8f7c-34d13febcc14', NULL, b'0', 'http://galaxy.articles.example.com', b'0', 'galaxy', 'openid-connect', -1, b'0', b'0', 'Articles WebApp', b'0', 'client-secret', 'http://galaxy.articles.example.com', NULL, NULL, b'1', b'0', b'1', b'0');
INSERT INTO `CLIENT` (`ID`, `ENABLED`, `FULL_SCOPE_ALLOWED`, `CLIENT_ID`, `NOT_BEFORE`, `PUBLIC_CLIENT`, `SECRET`, `BASE_URL`, `BEARER_ONLY`, `MANAGEMENT_URL`, `SURROGATE_AUTH_REQUIRED`, `REALM_ID`, `PROTOCOL`, `NODE_REREG_TIMEOUT`, `FRONTCHANNEL_LOGOUT`, `CONSENT_REQUIRED`, `NAME`, `SERVICE_ACCOUNTS_ENABLED`, `CLIENT_AUTHENTICATOR_TYPE`, `ROOT_URL`, `DESCRIPTION`, `REGISTRATION_TOKEN`, `STANDARD_FLOW_ENABLED`, `IMPLICIT_FLOW_ENABLED`, `DIRECT_ACCESS_GRANTS_ENABLED`, `ALWAYS_DISPLAY_IN_CONSOLE`) VALUES('f1f6538d-9e40-48b7-b6d6-0bf28778a482', b'1', b'0', 'master-realm', 0, b'0', NULL, NULL, b'1', NULL, b'0', 'master', NULL, 0, b'0', b'0', 'master Realm', b'0', 'client-secret', NULL, NULL, NULL, b'1', b'0', b'0', b'0');
INSERT INTO `CLIENT` (`ID`, `ENABLED`, `FULL_SCOPE_ALLOWED`, `CLIENT_ID`, `NOT_BEFORE`, `PUBLIC_CLIENT`, `SECRET`, `BASE_URL`, `BEARER_ONLY`, `MANAGEMENT_URL`, `SURROGATE_AUTH_REQUIRED`, `REALM_ID`, `PROTOCOL`, `NODE_REREG_TIMEOUT`, `FRONTCHANNEL_LOGOUT`, `CONSENT_REQUIRED`, `NAME`, `SERVICE_ACCOUNTS_ENABLED`, `CLIENT_AUTHENTICATOR_TYPE`, `ROOT_URL`, `DESCRIPTION`, `REGISTRATION_TOKEN`, `STANDARD_FLOW_ENABLED`, `IMPLICIT_FLOW_ENABLED`, `DIRECT_ACCESS_GRANTS_ENABLED`, `ALWAYS_DISPLAY_IN_CONSOLE`) VALUES('f67208be-79d2-46a2-8dc3-733a546bd1e7', b'1', b'0', 'account-console', 0, b'1', NULL, '/realms/marvel/account/', b'0', NULL, b'0', 'marvel', 'openid-connect', 0, b'0', b'0', '${client_account-console}', b'0', 'client-secret', '${authBaseUrl}', NULL, NULL, b'1', b'0', b'0', b'0');
INSERT INTO `CLIENT` (`ID`, `ENABLED`, `FULL_SCOPE_ALLOWED`, `CLIENT_ID`, `NOT_BEFORE`, `PUBLIC_CLIENT`, `SECRET`, `BASE_URL`, `BEARER_ONLY`, `MANAGEMENT_URL`, `SURROGATE_AUTH_REQUIRED`, `REALM_ID`, `PROTOCOL`, `NODE_REREG_TIMEOUT`, `FRONTCHANNEL_LOGOUT`, `CONSENT_REQUIRED`, `NAME`, `SERVICE_ACCOUNTS_ENABLED`, `CLIENT_AUTHENTICATOR_TYPE`, `ROOT_URL`, `DESCRIPTION`, `REGISTRATION_TOKEN`, `STANDARD_FLOW_ENABLED`, `IMPLICIT_FLOW_ENABLED`, `DIRECT_ACCESS_GRANTS_ENABLED`, `ALWAYS_DISPLAY_IN_CONSOLE`) VALUES('fbae2ee7-7a42-49a0-924f-6e42d687e2e5', b'1', b'1', 'articles-webapp', 0, b'0', '268b08c4-ae72-47ae-8cbb-c0f00f2e6691', NULL, b'0', 'http://shire.articles.example.com', b'0', 'shire', 'openid-connect', -1, b'0', b'0', NULL, b'0', 'client-secret', 'http://shire.articles.example.com', NULL, NULL, b'1', b'0', b'1', b'0');

DROP TABLE IF EXISTS `CLIENT_ATTRIBUTES`;
CREATE TABLE `CLIENT_ATTRIBUTES` (
  `CLIENT_ID` varchar(36) NOT NULL,
  `VALUE` text DEFAULT NULL,
  `NAME` varchar(255) NOT NULL
) ENGINE=InnoDB DEFAULT CHARSET=utf8;

INSERT INTO `CLIENT_ATTRIBUTES` (`CLIENT_ID`, `VALUE`, `NAME`) VALUES('076ea7ad-877b-4966-8425-aa913dd2ded3', 'S256', 'pkce.code.challenge.method');
INSERT INTO `CLIENT_ATTRIBUTES` (`CLIENT_ID`, `VALUE`, `NAME`) VALUES('2459a934-6cc0-4051-9db0-e92d0f1f06aa', 'S256', 'pkce.code.challenge.method');
INSERT INTO `CLIENT_ATTRIBUTES` (`CLIENT_ID`, `VALUE`, `NAME`) VALUES('3ce87c07-43f7-4fd1-98dc-98d0bef89416', 'S256', 'pkce.code.challenge.method');
INSERT INTO `CLIENT_ATTRIBUTES` (`CLIENT_ID`, `VALUE`, `NAME`) VALUES('421f8f27-9b2c-4c8e-a84c-0fdee96ca882', 'false', 'backchannel.logout.revoke.offline.tokens');
INSERT INTO `CLIENT_ATTRIBUTES` (`CLIENT_ID`, `VALUE`, `NAME`) VALUES('421f8f27-9b2c-4c8e-a84c-0fdee96ca882', 'true', 'backchannel.logout.session.required');
INSERT INTO `CLIENT_ATTRIBUTES` (`CLIENT_ID`, `VALUE`, `NAME`) VALUES('421f8f27-9b2c-4c8e-a84c-0fdee96ca882', 'false', 'client_credentials.use_refresh_token');
INSERT INTO `CLIENT_ATTRIBUTES` (`CLIENT_ID`, `VALUE`, `NAME`) VALUES('421f8f27-9b2c-4c8e-a84c-0fdee96ca882', 'false', 'display.on.consent.screen');
INSERT INTO `CLIENT_ATTRIBUTES` (`CLIENT_ID`, `VALUE`, `NAME`) VALUES('421f8f27-9b2c-4c8e-a84c-0fdee96ca882', 'false', 'exclude.session.state.from.auth.response');
INSERT INTO `CLIENT_ATTRIBUTES` (`CLIENT_ID`, `VALUE`, `NAME`) VALUES('421f8f27-9b2c-4c8e-a84c-0fdee96ca882', 'false', 'id.token.as.detached.signature');
INSERT INTO `CLIENT_ATTRIBUTES` (`CLIENT_ID`, `VALUE`, `NAME`) VALUES('421f8f27-9b2c-4c8e-a84c-0fdee96ca882', 'false', 'oauth2.device.authorization.grant.enabled');
INSERT INTO `CLIENT_ATTRIBUTES` (`CLIENT_ID`, `VALUE`, `NAME`) VALUES('421f8f27-9b2c-4c8e-a84c-0fdee96ca882', 'false', 'oidc.ciba.grant.enabled');
INSERT INTO `CLIENT_ATTRIBUTES` (`CLIENT_ID`, `VALUE`, `NAME`) VALUES('421f8f27-9b2c-4c8e-a84c-0fdee96ca882', 'false', 'require.pushed.authorization.requests');
INSERT INTO `CLIENT_ATTRIBUTES` (`CLIENT_ID`, `VALUE`, `NAME`) VALUES('421f8f27-9b2c-4c8e-a84c-0fdee96ca882', 'false', 'saml.artifact.binding');
INSERT INTO `CLIENT_ATTRIBUTES` (`CLIENT_ID`, `VALUE`, `NAME`) VALUES('421f8f27-9b2c-4c8e-a84c-0fdee96ca882', 'false', 'saml.assertion.signature');
INSERT INTO `CLIENT_ATTRIBUTES` (`CLIENT_ID`, `VALUE`, `NAME`) VALUES('421f8f27-9b2c-4c8e-a84c-0fdee96ca882', 'false', 'saml.authnstatement');
INSERT INTO `CLIENT_ATTRIBUTES` (`CLIENT_ID`, `VALUE`, `NAME`) VALUES('421f8f27-9b2c-4c8e-a84c-0fdee96ca882', 'false', 'saml.client.signature');
INSERT INTO `CLIENT_ATTRIBUTES` (`CLIENT_ID`, `VALUE`, `NAME`) VALUES('421f8f27-9b2c-4c8e-a84c-0fdee96ca882', 'false', 'saml.encrypt');
INSERT INTO `CLIENT_ATTRIBUTES` (`CLIENT_ID`, `VALUE`, `NAME`) VALUES('421f8f27-9b2c-4c8e-a84c-0fdee96ca882', 'false', 'saml.force.post.binding');
INSERT INTO `CLIENT_ATTRIBUTES` (`CLIENT_ID`, `VALUE`, `NAME`) VALUES('421f8f27-9b2c-4c8e-a84c-0fdee96ca882', 'false', 'saml.multivalued.roles');
INSERT INTO `CLIENT_ATTRIBUTES` (`CLIENT_ID`, `VALUE`, `NAME`) VALUES('421f8f27-9b2c-4c8e-a84c-0fdee96ca882', 'false', 'saml.onetimeuse.condition');
INSERT INTO `CLIENT_ATTRIBUTES` (`CLIENT_ID`, `VALUE`, `NAME`) VALUES('421f8f27-9b2c-4c8e-a84c-0fdee96ca882', 'false', 'saml.server.signature');
INSERT INTO `CLIENT_ATTRIBUTES` (`CLIENT_ID`, `VALUE`, `NAME`) VALUES('421f8f27-9b2c-4c8e-a84c-0fdee96ca882', 'false', 'saml.server.signature.keyinfo.ext');
INSERT INTO `CLIENT_ATTRIBUTES` (`CLIENT_ID`, `VALUE`, `NAME`) VALUES('421f8f27-9b2c-4c8e-a84c-0fdee96ca882', 'false', 'saml_force_name_id_format');
INSERT INTO `CLIENT_ATTRIBUTES` (`CLIENT_ID`, `VALUE`, `NAME`) VALUES('421f8f27-9b2c-4c8e-a84c-0fdee96ca882', 'false', 'tls.client.certificate.bound.access.tokens');
INSERT INTO `CLIENT_ATTRIBUTES` (`CLIENT_ID`, `VALUE`, `NAME`) VALUES('421f8f27-9b2c-4c8e-a84c-0fdee96ca882', 'true', 'use.refresh.tokens');
INSERT INTO `CLIENT_ATTRIBUTES` (`CLIENT_ID`, `VALUE`, `NAME`) VALUES('8366d8af-a665-4f19-95d5-558f8d178519', 'S256', 'pkce.code.challenge.method');
INSERT INTO `CLIENT_ATTRIBUTES` (`CLIENT_ID`, `VALUE`, `NAME`) VALUES('8eb73012-440c-4d87-9a13-6e2c69617d75', 'S256', 'pkce.code.challenge.method');
INSERT INTO `CLIENT_ATTRIBUTES` (`CLIENT_ID`, `VALUE`, `NAME`) VALUES('b9044e4f-9888-4b65-814c-c7dc91a8fa35', 'S256', 'pkce.code.challenge.method');
INSERT INTO `CLIENT_ATTRIBUTES` (`CLIENT_ID`, `VALUE`, `NAME`) VALUES('b9ba5583-6313-4b30-a6f0-61e137f55a66', 'S256', 'pkce.code.challenge.method');
INSERT INTO `CLIENT_ATTRIBUTES` (`CLIENT_ID`, `VALUE`, `NAME`) VALUES('e5e864b0-8e37-4183-8411-c8188d18e903', 'false', 'backchannel.logout.revoke.offline.tokens');
INSERT INTO `CLIENT_ATTRIBUTES` (`CLIENT_ID`, `VALUE`, `NAME`) VALUES('e5e864b0-8e37-4183-8411-c8188d18e903', 'true', 'backchannel.logout.session.required');
INSERT INTO `CLIENT_ATTRIBUTES` (`CLIENT_ID`, `VALUE`, `NAME`) VALUES('e5e864b0-8e37-4183-8411-c8188d18e903', 'false', 'client_credentials.use_refresh_token');
INSERT INTO `CLIENT_ATTRIBUTES` (`CLIENT_ID`, `VALUE`, `NAME`) VALUES('e5e864b0-8e37-4183-8411-c8188d18e903', 'false', 'display.on.consent.screen');
INSERT INTO `CLIENT_ATTRIBUTES` (`CLIENT_ID`, `VALUE`, `NAME`) VALUES('e5e864b0-8e37-4183-8411-c8188d18e903', 'false', 'exclude.session.state.from.auth.response');
INSERT INTO `CLIENT_ATTRIBUTES` (`CLIENT_ID`, `VALUE`, `NAME`) VALUES('e5e864b0-8e37-4183-8411-c8188d18e903', 'false', 'id.token.as.detached.signature');
INSERT INTO `CLIENT_ATTRIBUTES` (`CLIENT_ID`, `VALUE`, `NAME`) VALUES('e5e864b0-8e37-4183-8411-c8188d18e903', 'false', 'oauth2.device.authorization.grant.enabled');
INSERT INTO `CLIENT_ATTRIBUTES` (`CLIENT_ID`, `VALUE`, `NAME`) VALUES('e5e864b0-8e37-4183-8411-c8188d18e903', 'false', 'oidc.ciba.grant.enabled');
INSERT INTO `CLIENT_ATTRIBUTES` (`CLIENT_ID`, `VALUE`, `NAME`) VALUES('e5e864b0-8e37-4183-8411-c8188d18e903', 'false', 'require.pushed.authorization.requests');
INSERT INTO `CLIENT_ATTRIBUTES` (`CLIENT_ID`, `VALUE`, `NAME`) VALUES('e5e864b0-8e37-4183-8411-c8188d18e903', 'false', 'saml.artifact.binding');
INSERT INTO `CLIENT_ATTRIBUTES` (`CLIENT_ID`, `VALUE`, `NAME`) VALUES('e5e864b0-8e37-4183-8411-c8188d18e903', 'false', 'saml.assertion.signature');
INSERT INTO `CLIENT_ATTRIBUTES` (`CLIENT_ID`, `VALUE`, `NAME`) VALUES('e5e864b0-8e37-4183-8411-c8188d18e903', 'false', 'saml.authnstatement');
INSERT INTO `CLIENT_ATTRIBUTES` (`CLIENT_ID`, `VALUE`, `NAME`) VALUES('e5e864b0-8e37-4183-8411-c8188d18e903', 'false', 'saml.client.signature');
INSERT INTO `CLIENT_ATTRIBUTES` (`CLIENT_ID`, `VALUE`, `NAME`) VALUES('e5e864b0-8e37-4183-8411-c8188d18e903', 'false', 'saml.encrypt');
INSERT INTO `CLIENT_ATTRIBUTES` (`CLIENT_ID`, `VALUE`, `NAME`) VALUES('e5e864b0-8e37-4183-8411-c8188d18e903', 'false', 'saml.force.post.binding');
INSERT INTO `CLIENT_ATTRIBUTES` (`CLIENT_ID`, `VALUE`, `NAME`) VALUES('e5e864b0-8e37-4183-8411-c8188d18e903', 'false', 'saml.multivalued.roles');
INSERT INTO `CLIENT_ATTRIBUTES` (`CLIENT_ID`, `VALUE`, `NAME`) VALUES('e5e864b0-8e37-4183-8411-c8188d18e903', 'false', 'saml.onetimeuse.condition');
INSERT INTO `CLIENT_ATTRIBUTES` (`CLIENT_ID`, `VALUE`, `NAME`) VALUES('e5e864b0-8e37-4183-8411-c8188d18e903', 'false', 'saml.server.signature');
INSERT INTO `CLIENT_ATTRIBUTES` (`CLIENT_ID`, `VALUE`, `NAME`) VALUES('e5e864b0-8e37-4183-8411-c8188d18e903', 'false', 'saml.server.signature.keyinfo.ext');
INSERT INTO `CLIENT_ATTRIBUTES` (`CLIENT_ID`, `VALUE`, `NAME`) VALUES('e5e864b0-8e37-4183-8411-c8188d18e903', 'false', 'saml_force_name_id_format');
INSERT INTO `CLIENT_ATTRIBUTES` (`CLIENT_ID`, `VALUE`, `NAME`) VALUES('e5e864b0-8e37-4183-8411-c8188d18e903', 'false', 'tls.client.certificate.bound.access.tokens');
INSERT INTO `CLIENT_ATTRIBUTES` (`CLIENT_ID`, `VALUE`, `NAME`) VALUES('e5e864b0-8e37-4183-8411-c8188d18e903', 'true', 'use.refresh.tokens');
INSERT INTO `CLIENT_ATTRIBUTES` (`CLIENT_ID`, `VALUE`, `NAME`) VALUES('f67208be-79d2-46a2-8dc3-733a546bd1e7', 'S256', 'pkce.code.challenge.method');
INSERT INTO `CLIENT_ATTRIBUTES` (`CLIENT_ID`, `VALUE`, `NAME`) VALUES('fbae2ee7-7a42-49a0-924f-6e42d687e2e5', 'false', 'backchannel.logout.revoke.offline.tokens');
INSERT INTO `CLIENT_ATTRIBUTES` (`CLIENT_ID`, `VALUE`, `NAME`) VALUES('fbae2ee7-7a42-49a0-924f-6e42d687e2e5', 'true', 'backchannel.logout.session.required');
INSERT INTO `CLIENT_ATTRIBUTES` (`CLIENT_ID`, `VALUE`, `NAME`) VALUES('fbae2ee7-7a42-49a0-924f-6e42d687e2e5', 'false', 'client_credentials.use_refresh_token');
INSERT INTO `CLIENT_ATTRIBUTES` (`CLIENT_ID`, `VALUE`, `NAME`) VALUES('fbae2ee7-7a42-49a0-924f-6e42d687e2e5', 'false', 'display.on.consent.screen');
INSERT INTO `CLIENT_ATTRIBUTES` (`CLIENT_ID`, `VALUE`, `NAME`) VALUES('fbae2ee7-7a42-49a0-924f-6e42d687e2e5', 'false', 'exclude.session.state.from.auth.response');
INSERT INTO `CLIENT_ATTRIBUTES` (`CLIENT_ID`, `VALUE`, `NAME`) VALUES('fbae2ee7-7a42-49a0-924f-6e42d687e2e5', 'false', 'id.token.as.detached.signature');
INSERT INTO `CLIENT_ATTRIBUTES` (`CLIENT_ID`, `VALUE`, `NAME`) VALUES('fbae2ee7-7a42-49a0-924f-6e42d687e2e5', 'false', 'oauth2.device.authorization.grant.enabled');
INSERT INTO `CLIENT_ATTRIBUTES` (`CLIENT_ID`, `VALUE`, `NAME`) VALUES('fbae2ee7-7a42-49a0-924f-6e42d687e2e5', 'false', 'oidc.ciba.grant.enabled');
INSERT INTO `CLIENT_ATTRIBUTES` (`CLIENT_ID`, `VALUE`, `NAME`) VALUES('fbae2ee7-7a42-49a0-924f-6e42d687e2e5', 'false', 'require.pushed.authorization.requests');
INSERT INTO `CLIENT_ATTRIBUTES` (`CLIENT_ID`, `VALUE`, `NAME`) VALUES('fbae2ee7-7a42-49a0-924f-6e42d687e2e5', 'false', 'saml.artifact.binding');
INSERT INTO `CLIENT_ATTRIBUTES` (`CLIENT_ID`, `VALUE`, `NAME`) VALUES('fbae2ee7-7a42-49a0-924f-6e42d687e2e5', 'false', 'saml.assertion.signature');
INSERT INTO `CLIENT_ATTRIBUTES` (`CLIENT_ID`, `VALUE`, `NAME`) VALUES('fbae2ee7-7a42-49a0-924f-6e42d687e2e5', 'false', 'saml.authnstatement');
INSERT INTO `CLIENT_ATTRIBUTES` (`CLIENT_ID`, `VALUE`, `NAME`) VALUES('fbae2ee7-7a42-49a0-924f-6e42d687e2e5', 'false', 'saml.client.signature');
INSERT INTO `CLIENT_ATTRIBUTES` (`CLIENT_ID`, `VALUE`, `NAME`) VALUES('fbae2ee7-7a42-49a0-924f-6e42d687e2e5', 'false', 'saml.encrypt');
INSERT INTO `CLIENT_ATTRIBUTES` (`CLIENT_ID`, `VALUE`, `NAME`) VALUES('fbae2ee7-7a42-49a0-924f-6e42d687e2e5', 'false', 'saml.force.post.binding');
INSERT INTO `CLIENT_ATTRIBUTES` (`CLIENT_ID`, `VALUE`, `NAME`) VALUES('fbae2ee7-7a42-49a0-924f-6e42d687e2e5', 'false', 'saml.multivalued.roles');
INSERT INTO `CLIENT_ATTRIBUTES` (`CLIENT_ID`, `VALUE`, `NAME`) VALUES('fbae2ee7-7a42-49a0-924f-6e42d687e2e5', 'false', 'saml.onetimeuse.condition');
INSERT INTO `CLIENT_ATTRIBUTES` (`CLIENT_ID`, `VALUE`, `NAME`) VALUES('fbae2ee7-7a42-49a0-924f-6e42d687e2e5', 'false', 'saml.server.signature');
INSERT INTO `CLIENT_ATTRIBUTES` (`CLIENT_ID`, `VALUE`, `NAME`) VALUES('fbae2ee7-7a42-49a0-924f-6e42d687e2e5', 'false', 'saml.server.signature.keyinfo.ext');
INSERT INTO `CLIENT_ATTRIBUTES` (`CLIENT_ID`, `VALUE`, `NAME`) VALUES('fbae2ee7-7a42-49a0-924f-6e42d687e2e5', 'false', 'saml_force_name_id_format');
INSERT INTO `CLIENT_ATTRIBUTES` (`CLIENT_ID`, `VALUE`, `NAME`) VALUES('fbae2ee7-7a42-49a0-924f-6e42d687e2e5', 'false', 'tls.client.certificate.bound.access.tokens');
INSERT INTO `CLIENT_ATTRIBUTES` (`CLIENT_ID`, `VALUE`, `NAME`) VALUES('fbae2ee7-7a42-49a0-924f-6e42d687e2e5', 'true', 'use.refresh.tokens');

DROP TABLE IF EXISTS `CLIENT_AUTH_FLOW_BINDINGS`;
CREATE TABLE `CLIENT_AUTH_FLOW_BINDINGS` (
  `CLIENT_ID` varchar(36) NOT NULL,
  `FLOW_ID` varchar(36) DEFAULT NULL,
  `BINDING_NAME` varchar(255) NOT NULL
) ENGINE=InnoDB DEFAULT CHARSET=utf8;

DROP TABLE IF EXISTS `CLIENT_INITIAL_ACCESS`;
CREATE TABLE `CLIENT_INITIAL_ACCESS` (
  `ID` varchar(36) NOT NULL,
  `REALM_ID` varchar(36) NOT NULL,
  `TIMESTAMP` int(11) DEFAULT NULL,
  `EXPIRATION` int(11) DEFAULT NULL,
  `COUNT` int(11) DEFAULT NULL,
  `REMAINING_COUNT` int(11) DEFAULT NULL
) ENGINE=InnoDB DEFAULT CHARSET=utf8;

DROP TABLE IF EXISTS `CLIENT_NODE_REGISTRATIONS`;
CREATE TABLE `CLIENT_NODE_REGISTRATIONS` (
  `CLIENT_ID` varchar(36) NOT NULL,
  `VALUE` int(11) DEFAULT NULL,
  `NAME` varchar(255) NOT NULL
) ENGINE=InnoDB DEFAULT CHARSET=utf8;

DROP TABLE IF EXISTS `CLIENT_SCOPE`;
CREATE TABLE `CLIENT_SCOPE` (
  `ID` varchar(36) NOT NULL,
  `NAME` varchar(255) DEFAULT NULL,
  `REALM_ID` varchar(36) DEFAULT NULL,
  `DESCRIPTION` varchar(255) DEFAULT NULL,
  `PROTOCOL` varchar(255) DEFAULT NULL
) ENGINE=InnoDB DEFAULT CHARSET=utf8;

INSERT INTO `CLIENT_SCOPE` (`ID`, `NAME`, `REALM_ID`, `DESCRIPTION`, `PROTOCOL`) VALUES('02aa6c9d-b12e-4afc-9f2b-8ac459fce845', 'roles', 'marvel', 'OpenID Connect scope for add user roles to the access token', 'openid-connect');
INSERT INTO `CLIENT_SCOPE` (`ID`, `NAME`, `REALM_ID`, `DESCRIPTION`, `PROTOCOL`) VALUES('0411d69b-2fc9-49be-a7cc-298ab9e17032', 'offline_access', 'galaxy', 'OpenID Connect built-in scope: offline_access', 'openid-connect');
INSERT INTO `CLIENT_SCOPE` (`ID`, `NAME`, `REALM_ID`, `DESCRIPTION`, `PROTOCOL`) VALUES('0f99a1ea-b1fa-435a-aaa5-c4f1f6ead0d1', 'web-origins', 'galaxy', 'OpenID Connect scope for add allowed web origins to the access token', 'openid-connect');
INSERT INTO `CLIENT_SCOPE` (`ID`, `NAME`, `REALM_ID`, `DESCRIPTION`, `PROTOCOL`) VALUES('15fc8161-70e5-4848-b078-f686ed78c8f9', 'address', 'master', 'OpenID Connect built-in scope: address', 'openid-connect');
INSERT INTO `CLIENT_SCOPE` (`ID`, `NAME`, `REALM_ID`, `DESCRIPTION`, `PROTOCOL`) VALUES('1ea6de3d-d7a1-4312-aeb7-e63860bb9047', 'profile', 'shire', 'OpenID Connect built-in scope: profile', 'openid-connect');
INSERT INTO `CLIENT_SCOPE` (`ID`, `NAME`, `REALM_ID`, `DESCRIPTION`, `PROTOCOL`) VALUES('24c83f17-ad46-4548-8078-e3ad7b770280', 'address', 'marvel', 'OpenID Connect built-in scope: address', 'openid-connect');
INSERT INTO `CLIENT_SCOPE` (`ID`, `NAME`, `REALM_ID`, `DESCRIPTION`, `PROTOCOL`) VALUES('27ff3c26-da3d-4f5b-a02f-0150538e586e', 'offline_access', 'marvel', 'OpenID Connect built-in scope: offline_access', 'openid-connect');
INSERT INTO `CLIENT_SCOPE` (`ID`, `NAME`, `REALM_ID`, `DESCRIPTION`, `PROTOCOL`) VALUES('2c522681-4b24-4bbf-a5cb-1f575a012903', 'microprofile-jwt', 'galaxy', 'Microprofile - JWT built-in scope', 'openid-connect');
INSERT INTO `CLIENT_SCOPE` (`ID`, `NAME`, `REALM_ID`, `DESCRIPTION`, `PROTOCOL`) VALUES('2d5f0af5-e6ae-4411-80cb-12b8a18a23cf', 'web-origins', 'master', 'OpenID Connect scope for add allowed web origins to the access token', 'openid-connect');
INSERT INTO `CLIENT_SCOPE` (`ID`, `NAME`, `REALM_ID`, `DESCRIPTION`, `PROTOCOL`) VALUES('328cfa31-ff02-4b0c-bff1-8d7e9c916a98', 'profile', 'marvel', 'OpenID Connect built-in scope: profile', 'openid-connect');
INSERT INTO `CLIENT_SCOPE` (`ID`, `NAME`, `REALM_ID`, `DESCRIPTION`, `PROTOCOL`) VALUES('37152741-48f9-4c11-a38e-c46a5b1caf1d', 'role_list', 'marvel', 'SAML role list', 'saml');
INSERT INTO `CLIENT_SCOPE` (`ID`, `NAME`, `REALM_ID`, `DESCRIPTION`, `PROTOCOL`) VALUES('3d863fdf-b7bb-45fc-be7a-07b27512b53d', 'email', 'master', 'OpenID Connect built-in scope: email', 'openid-connect');
INSERT INTO `CLIENT_SCOPE` (`ID`, `NAME`, `REALM_ID`, `DESCRIPTION`, `PROTOCOL`) VALUES('3f7d577c-2bf2-4ac8-b8ec-1489910ece97', 'phone', 'galaxy', 'OpenID Connect built-in scope: phone', 'openid-connect');
INSERT INTO `CLIENT_SCOPE` (`ID`, `NAME`, `REALM_ID`, `DESCRIPTION`, `PROTOCOL`) VALUES('416843f0-505c-4baf-82d6-b5987e80d47f', 'role_list', 'galaxy', 'SAML role list', 'saml');
INSERT INTO `CLIENT_SCOPE` (`ID`, `NAME`, `REALM_ID`, `DESCRIPTION`, `PROTOCOL`) VALUES('51f1d912-7f39-4cdc-b7a1-08b610508778', 'roles', 'shire', 'OpenID Connect scope for add user roles to the access token', 'openid-connect');
INSERT INTO `CLIENT_SCOPE` (`ID`, `NAME`, `REALM_ID`, `DESCRIPTION`, `PROTOCOL`) VALUES('57416cf1-18e5-4d41-8ecf-034970d4fcb4', 'email', 'galaxy', 'OpenID Connect built-in scope: email', 'openid-connect');
INSERT INTO `CLIENT_SCOPE` (`ID`, `NAME`, `REALM_ID`, `DESCRIPTION`, `PROTOCOL`) VALUES('5f287cae-1e91-4552-8fee-463c80acf42c', 'profile', 'master', 'OpenID Connect built-in scope: profile', 'openid-connect');
INSERT INTO `CLIENT_SCOPE` (`ID`, `NAME`, `REALM_ID`, `DESCRIPTION`, `PROTOCOL`) VALUES('697aa7cc-1e72-4477-9f76-05264324de5d', 'address', 'galaxy', 'OpenID Connect built-in scope: address', 'openid-connect');
INSERT INTO `CLIENT_SCOPE` (`ID`, `NAME`, `REALM_ID`, `DESCRIPTION`, `PROTOCOL`) VALUES('6f3d6b73-4d9d-4e93-9ccf-b5fa282e5c00', 'email', 'shire', 'OpenID Connect built-in scope: email', 'openid-connect');
INSERT INTO `CLIENT_SCOPE` (`ID`, `NAME`, `REALM_ID`, `DESCRIPTION`, `PROTOCOL`) VALUES('8a529876-ae0c-4e6f-a541-1f5d69b8401c', 'email', 'marvel', 'OpenID Connect built-in scope: email', 'openid-connect');
INSERT INTO `CLIENT_SCOPE` (`ID`, `NAME`, `REALM_ID`, `DESCRIPTION`, `PROTOCOL`) VALUES('8eb63c81-e51a-4a4f-8322-ceabb67485a7', 'roles', 'galaxy', 'OpenID Connect scope for add user roles to the access token', 'openid-connect');
INSERT INTO `CLIENT_SCOPE` (`ID`, `NAME`, `REALM_ID`, `DESCRIPTION`, `PROTOCOL`) VALUES('9794822e-acab-41a1-9fdd-1e3677852ef3', 'offline_access', 'master', 'OpenID Connect built-in scope: offline_access', 'openid-connect');
INSERT INTO `CLIENT_SCOPE` (`ID`, `NAME`, `REALM_ID`, `DESCRIPTION`, `PROTOCOL`) VALUES('9a3a5269-507a-47ce-9d9c-ca5eee739604', 'role_list', 'master', 'SAML role list', 'saml');
INSERT INTO `CLIENT_SCOPE` (`ID`, `NAME`, `REALM_ID`, `DESCRIPTION`, `PROTOCOL`) VALUES('a8a7255e-2a69-40f4-bb89-6913d19d968b', 'phone', 'shire', 'OpenID Connect built-in scope: phone', 'openid-connect');
INSERT INTO `CLIENT_SCOPE` (`ID`, `NAME`, `REALM_ID`, `DESCRIPTION`, `PROTOCOL`) VALUES('a98031b6-d077-42df-89e6-95d9f54fec0e', 'role_list', 'shire', 'SAML role list', 'saml');
INSERT INTO `CLIENT_SCOPE` (`ID`, `NAME`, `REALM_ID`, `DESCRIPTION`, `PROTOCOL`) VALUES('b8254efa-c132-4bc3-9d6f-8227517845f2', 'web-origins', 'marvel', 'OpenID Connect scope for add allowed web origins to the access token', 'openid-connect');
INSERT INTO `CLIENT_SCOPE` (`ID`, `NAME`, `REALM_ID`, `DESCRIPTION`, `PROTOCOL`) VALUES('c0ff7e2e-cb9f-455a-ad48-c3a62f70eb3a', 'address', 'shire', 'OpenID Connect built-in scope: address', 'openid-connect');
INSERT INTO `CLIENT_SCOPE` (`ID`, `NAME`, `REALM_ID`, `DESCRIPTION`, `PROTOCOL`) VALUES('c243d721-0cf1-4755-b530-06f3577f05f9', 'microprofile-jwt', 'master', 'Microprofile - JWT built-in scope', 'openid-connect');
INSERT INTO `CLIENT_SCOPE` (`ID`, `NAME`, `REALM_ID`, `DESCRIPTION`, `PROTOCOL`) VALUES('c846b4db-877d-468f-98b7-059a6a83abca', 'profile', 'galaxy', 'OpenID Connect built-in scope: profile', 'openid-connect');
INSERT INTO `CLIENT_SCOPE` (`ID`, `NAME`, `REALM_ID`, `DESCRIPTION`, `PROTOCOL`) VALUES('d4256bca-0178-4af6-a538-6fac9339a4a5', 'roles', 'master', 'OpenID Connect scope for add user roles to the access token', 'openid-connect');
INSERT INTO `CLIENT_SCOPE` (`ID`, `NAME`, `REALM_ID`, `DESCRIPTION`, `PROTOCOL`) VALUES('e9814c10-e9b1-4603-a67c-b4b5fcc3991c', 'phone', 'master', 'OpenID Connect built-in scope: phone', 'openid-connect');
INSERT INTO `CLIENT_SCOPE` (`ID`, `NAME`, `REALM_ID`, `DESCRIPTION`, `PROTOCOL`) VALUES('e9960a90-1489-4a86-ba21-807b01cedb4e', 'web-origins', 'shire', 'OpenID Connect scope for add allowed web origins to the access token', 'openid-connect');
INSERT INTO `CLIENT_SCOPE` (`ID`, `NAME`, `REALM_ID`, `DESCRIPTION`, `PROTOCOL`) VALUES('ea4d6cd9-e5e7-44f8-926f-ab640f7b31e8', 'phone', 'marvel', 'OpenID Connect built-in scope: phone', 'openid-connect');
INSERT INTO `CLIENT_SCOPE` (`ID`, `NAME`, `REALM_ID`, `DESCRIPTION`, `PROTOCOL`) VALUES('eadb042c-0b98-45f5-aa04-c9785a617212', 'offline_access', 'shire', 'OpenID Connect built-in scope: offline_access', 'openid-connect');
INSERT INTO `CLIENT_SCOPE` (`ID`, `NAME`, `REALM_ID`, `DESCRIPTION`, `PROTOCOL`) VALUES('fe0c1253-9bb7-4c3a-9aab-dc093ccc713a', 'microprofile-jwt', 'marvel', 'Microprofile - JWT built-in scope', 'openid-connect');
INSERT INTO `CLIENT_SCOPE` (`ID`, `NAME`, `REALM_ID`, `DESCRIPTION`, `PROTOCOL`) VALUES('ff8b1ee3-737f-4757-b82b-08d333bf34d3', 'microprofile-jwt', 'shire', 'Microprofile - JWT built-in scope', 'openid-connect');

DROP TABLE IF EXISTS `CLIENT_SCOPE_ATTRIBUTES`;
CREATE TABLE `CLIENT_SCOPE_ATTRIBUTES` (
  `SCOPE_ID` varchar(36) NOT NULL,
  `VALUE` text DEFAULT NULL,
  `NAME` varchar(255) NOT NULL
) ENGINE=InnoDB DEFAULT CHARSET=utf8;

INSERT INTO `CLIENT_SCOPE_ATTRIBUTES` (`SCOPE_ID`, `VALUE`, `NAME`) VALUES('02aa6c9d-b12e-4afc-9f2b-8ac459fce845', '${rolesScopeConsentText}', 'consent.screen.text');
INSERT INTO `CLIENT_SCOPE_ATTRIBUTES` (`SCOPE_ID`, `VALUE`, `NAME`) VALUES('02aa6c9d-b12e-4afc-9f2b-8ac459fce845', 'true', 'display.on.consent.screen');
INSERT INTO `CLIENT_SCOPE_ATTRIBUTES` (`SCOPE_ID`, `VALUE`, `NAME`) VALUES('02aa6c9d-b12e-4afc-9f2b-8ac459fce845', 'false', 'include.in.token.scope');
INSERT INTO `CLIENT_SCOPE_ATTRIBUTES` (`SCOPE_ID`, `VALUE`, `NAME`) VALUES('0411d69b-2fc9-49be-a7cc-298ab9e17032', '${offlineAccessScopeConsentText}', 'consent.screen.text');
INSERT INTO `CLIENT_SCOPE_ATTRIBUTES` (`SCOPE_ID`, `VALUE`, `NAME`) VALUES('0411d69b-2fc9-49be-a7cc-298ab9e17032', 'true', 'display.on.consent.screen');
INSERT INTO `CLIENT_SCOPE_ATTRIBUTES` (`SCOPE_ID`, `VALUE`, `NAME`) VALUES('0f99a1ea-b1fa-435a-aaa5-c4f1f6ead0d1', '', 'consent.screen.text');
INSERT INTO `CLIENT_SCOPE_ATTRIBUTES` (`SCOPE_ID`, `VALUE`, `NAME`) VALUES('0f99a1ea-b1fa-435a-aaa5-c4f1f6ead0d1', 'false', 'display.on.consent.screen');
INSERT INTO `CLIENT_SCOPE_ATTRIBUTES` (`SCOPE_ID`, `VALUE`, `NAME`) VALUES('0f99a1ea-b1fa-435a-aaa5-c4f1f6ead0d1', 'false', 'include.in.token.scope');
INSERT INTO `CLIENT_SCOPE_ATTRIBUTES` (`SCOPE_ID`, `VALUE`, `NAME`) VALUES('15fc8161-70e5-4848-b078-f686ed78c8f9', '${addressScopeConsentText}', 'consent.screen.text');
INSERT INTO `CLIENT_SCOPE_ATTRIBUTES` (`SCOPE_ID`, `VALUE`, `NAME`) VALUES('15fc8161-70e5-4848-b078-f686ed78c8f9', 'true', 'display.on.consent.screen');
INSERT INTO `CLIENT_SCOPE_ATTRIBUTES` (`SCOPE_ID`, `VALUE`, `NAME`) VALUES('15fc8161-70e5-4848-b078-f686ed78c8f9', 'true', 'include.in.token.scope');
INSERT INTO `CLIENT_SCOPE_ATTRIBUTES` (`SCOPE_ID`, `VALUE`, `NAME`) VALUES('1ea6de3d-d7a1-4312-aeb7-e63860bb9047', '${profileScopeConsentText}', 'consent.screen.text');
INSERT INTO `CLIENT_SCOPE_ATTRIBUTES` (`SCOPE_ID`, `VALUE`, `NAME`) VALUES('1ea6de3d-d7a1-4312-aeb7-e63860bb9047', 'true', 'display.on.consent.screen');
INSERT INTO `CLIENT_SCOPE_ATTRIBUTES` (`SCOPE_ID`, `VALUE`, `NAME`) VALUES('1ea6de3d-d7a1-4312-aeb7-e63860bb9047', 'true', 'include.in.token.scope');
INSERT INTO `CLIENT_SCOPE_ATTRIBUTES` (`SCOPE_ID`, `VALUE`, `NAME`) VALUES('24c83f17-ad46-4548-8078-e3ad7b770280', '${addressScopeConsentText}', 'consent.screen.text');
INSERT INTO `CLIENT_SCOPE_ATTRIBUTES` (`SCOPE_ID`, `VALUE`, `NAME`) VALUES('24c83f17-ad46-4548-8078-e3ad7b770280', 'true', 'display.on.consent.screen');
INSERT INTO `CLIENT_SCOPE_ATTRIBUTES` (`SCOPE_ID`, `VALUE`, `NAME`) VALUES('24c83f17-ad46-4548-8078-e3ad7b770280', 'true', 'include.in.token.scope');
INSERT INTO `CLIENT_SCOPE_ATTRIBUTES` (`SCOPE_ID`, `VALUE`, `NAME`) VALUES('27ff3c26-da3d-4f5b-a02f-0150538e586e', '${offlineAccessScopeConsentText}', 'consent.screen.text');
INSERT INTO `CLIENT_SCOPE_ATTRIBUTES` (`SCOPE_ID`, `VALUE`, `NAME`) VALUES('27ff3c26-da3d-4f5b-a02f-0150538e586e', 'true', 'display.on.consent.screen');
INSERT INTO `CLIENT_SCOPE_ATTRIBUTES` (`SCOPE_ID`, `VALUE`, `NAME`) VALUES('2c522681-4b24-4bbf-a5cb-1f575a012903', 'false', 'display.on.consent.screen');
INSERT INTO `CLIENT_SCOPE_ATTRIBUTES` (`SCOPE_ID`, `VALUE`, `NAME`) VALUES('2c522681-4b24-4bbf-a5cb-1f575a012903', 'true', 'include.in.token.scope');
INSERT INTO `CLIENT_SCOPE_ATTRIBUTES` (`SCOPE_ID`, `VALUE`, `NAME`) VALUES('2d5f0af5-e6ae-4411-80cb-12b8a18a23cf', '', 'consent.screen.text');
INSERT INTO `CLIENT_SCOPE_ATTRIBUTES` (`SCOPE_ID`, `VALUE`, `NAME`) VALUES('2d5f0af5-e6ae-4411-80cb-12b8a18a23cf', 'false', 'display.on.consent.screen');
INSERT INTO `CLIENT_SCOPE_ATTRIBUTES` (`SCOPE_ID`, `VALUE`, `NAME`) VALUES('2d5f0af5-e6ae-4411-80cb-12b8a18a23cf', 'false', 'include.in.token.scope');
INSERT INTO `CLIENT_SCOPE_ATTRIBUTES` (`SCOPE_ID`, `VALUE`, `NAME`) VALUES('328cfa31-ff02-4b0c-bff1-8d7e9c916a98', '${profileScopeConsentText}', 'consent.screen.text');
INSERT INTO `CLIENT_SCOPE_ATTRIBUTES` (`SCOPE_ID`, `VALUE`, `NAME`) VALUES('328cfa31-ff02-4b0c-bff1-8d7e9c916a98', 'true', 'display.on.consent.screen');
INSERT INTO `CLIENT_SCOPE_ATTRIBUTES` (`SCOPE_ID`, `VALUE`, `NAME`) VALUES('328cfa31-ff02-4b0c-bff1-8d7e9c916a98', 'true', 'include.in.token.scope');
INSERT INTO `CLIENT_SCOPE_ATTRIBUTES` (`SCOPE_ID`, `VALUE`, `NAME`) VALUES('37152741-48f9-4c11-a38e-c46a5b1caf1d', '${samlRoleListScopeConsentText}', 'consent.screen.text');
INSERT INTO `CLIENT_SCOPE_ATTRIBUTES` (`SCOPE_ID`, `VALUE`, `NAME`) VALUES('37152741-48f9-4c11-a38e-c46a5b1caf1d', 'true', 'display.on.consent.screen');
INSERT INTO `CLIENT_SCOPE_ATTRIBUTES` (`SCOPE_ID`, `VALUE`, `NAME`) VALUES('3d863fdf-b7bb-45fc-be7a-07b27512b53d', '${emailScopeConsentText}', 'consent.screen.text');
INSERT INTO `CLIENT_SCOPE_ATTRIBUTES` (`SCOPE_ID`, `VALUE`, `NAME`) VALUES('3d863fdf-b7bb-45fc-be7a-07b27512b53d', 'true', 'display.on.consent.screen');
INSERT INTO `CLIENT_SCOPE_ATTRIBUTES` (`SCOPE_ID`, `VALUE`, `NAME`) VALUES('3d863fdf-b7bb-45fc-be7a-07b27512b53d', 'true', 'include.in.token.scope');
INSERT INTO `CLIENT_SCOPE_ATTRIBUTES` (`SCOPE_ID`, `VALUE`, `NAME`) VALUES('3f7d577c-2bf2-4ac8-b8ec-1489910ece97', '${phoneScopeConsentText}', 'consent.screen.text');
INSERT INTO `CLIENT_SCOPE_ATTRIBUTES` (`SCOPE_ID`, `VALUE`, `NAME`) VALUES('3f7d577c-2bf2-4ac8-b8ec-1489910ece97', 'true', 'display.on.consent.screen');
INSERT INTO `CLIENT_SCOPE_ATTRIBUTES` (`SCOPE_ID`, `VALUE`, `NAME`) VALUES('3f7d577c-2bf2-4ac8-b8ec-1489910ece97', 'true', 'include.in.token.scope');
INSERT INTO `CLIENT_SCOPE_ATTRIBUTES` (`SCOPE_ID`, `VALUE`, `NAME`) VALUES('416843f0-505c-4baf-82d6-b5987e80d47f', '${samlRoleListScopeConsentText}', 'consent.screen.text');
INSERT INTO `CLIENT_SCOPE_ATTRIBUTES` (`SCOPE_ID`, `VALUE`, `NAME`) VALUES('416843f0-505c-4baf-82d6-b5987e80d47f', 'true', 'display.on.consent.screen');
INSERT INTO `CLIENT_SCOPE_ATTRIBUTES` (`SCOPE_ID`, `VALUE`, `NAME`) VALUES('51f1d912-7f39-4cdc-b7a1-08b610508778', '${rolesScopeConsentText}', 'consent.screen.text');
INSERT INTO `CLIENT_SCOPE_ATTRIBUTES` (`SCOPE_ID`, `VALUE`, `NAME`) VALUES('51f1d912-7f39-4cdc-b7a1-08b610508778', 'true', 'display.on.consent.screen');
INSERT INTO `CLIENT_SCOPE_ATTRIBUTES` (`SCOPE_ID`, `VALUE`, `NAME`) VALUES('51f1d912-7f39-4cdc-b7a1-08b610508778', 'false', 'include.in.token.scope');
INSERT INTO `CLIENT_SCOPE_ATTRIBUTES` (`SCOPE_ID`, `VALUE`, `NAME`) VALUES('57416cf1-18e5-4d41-8ecf-034970d4fcb4', '${emailScopeConsentText}', 'consent.screen.text');
INSERT INTO `CLIENT_SCOPE_ATTRIBUTES` (`SCOPE_ID`, `VALUE`, `NAME`) VALUES('57416cf1-18e5-4d41-8ecf-034970d4fcb4', 'true', 'display.on.consent.screen');
INSERT INTO `CLIENT_SCOPE_ATTRIBUTES` (`SCOPE_ID`, `VALUE`, `NAME`) VALUES('57416cf1-18e5-4d41-8ecf-034970d4fcb4', 'true', 'include.in.token.scope');
INSERT INTO `CLIENT_SCOPE_ATTRIBUTES` (`SCOPE_ID`, `VALUE`, `NAME`) VALUES('5f287cae-1e91-4552-8fee-463c80acf42c', '${profileScopeConsentText}', 'consent.screen.text');
INSERT INTO `CLIENT_SCOPE_ATTRIBUTES` (`SCOPE_ID`, `VALUE`, `NAME`) VALUES('5f287cae-1e91-4552-8fee-463c80acf42c', 'true', 'display.on.consent.screen');
INSERT INTO `CLIENT_SCOPE_ATTRIBUTES` (`SCOPE_ID`, `VALUE`, `NAME`) VALUES('5f287cae-1e91-4552-8fee-463c80acf42c', 'true', 'include.in.token.scope');
INSERT INTO `CLIENT_SCOPE_ATTRIBUTES` (`SCOPE_ID`, `VALUE`, `NAME`) VALUES('697aa7cc-1e72-4477-9f76-05264324de5d', '${addressScopeConsentText}', 'consent.screen.text');
INSERT INTO `CLIENT_SCOPE_ATTRIBUTES` (`SCOPE_ID`, `VALUE`, `NAME`) VALUES('697aa7cc-1e72-4477-9f76-05264324de5d', 'true', 'display.on.consent.screen');
INSERT INTO `CLIENT_SCOPE_ATTRIBUTES` (`SCOPE_ID`, `VALUE`, `NAME`) VALUES('697aa7cc-1e72-4477-9f76-05264324de5d', 'true', 'include.in.token.scope');
INSERT INTO `CLIENT_SCOPE_ATTRIBUTES` (`SCOPE_ID`, `VALUE`, `NAME`) VALUES('6f3d6b73-4d9d-4e93-9ccf-b5fa282e5c00', '${emailScopeConsentText}', 'consent.screen.text');
INSERT INTO `CLIENT_SCOPE_ATTRIBUTES` (`SCOPE_ID`, `VALUE`, `NAME`) VALUES('6f3d6b73-4d9d-4e93-9ccf-b5fa282e5c00', 'true', 'display.on.consent.screen');
INSERT INTO `CLIENT_SCOPE_ATTRIBUTES` (`SCOPE_ID`, `VALUE`, `NAME`) VALUES('6f3d6b73-4d9d-4e93-9ccf-b5fa282e5c00', 'true', 'include.in.token.scope');
INSERT INTO `CLIENT_SCOPE_ATTRIBUTES` (`SCOPE_ID`, `VALUE`, `NAME`) VALUES('8a529876-ae0c-4e6f-a541-1f5d69b8401c', '${emailScopeConsentText}', 'consent.screen.text');
INSERT INTO `CLIENT_SCOPE_ATTRIBUTES` (`SCOPE_ID`, `VALUE`, `NAME`) VALUES('8a529876-ae0c-4e6f-a541-1f5d69b8401c', 'true', 'display.on.consent.screen');
INSERT INTO `CLIENT_SCOPE_ATTRIBUTES` (`SCOPE_ID`, `VALUE`, `NAME`) VALUES('8a529876-ae0c-4e6f-a541-1f5d69b8401c', 'true', 'include.in.token.scope');
INSERT INTO `CLIENT_SCOPE_ATTRIBUTES` (`SCOPE_ID`, `VALUE`, `NAME`) VALUES('8eb63c81-e51a-4a4f-8322-ceabb67485a7', '${rolesScopeConsentText}', 'consent.screen.text');
INSERT INTO `CLIENT_SCOPE_ATTRIBUTES` (`SCOPE_ID`, `VALUE`, `NAME`) VALUES('8eb63c81-e51a-4a4f-8322-ceabb67485a7', 'true', 'display.on.consent.screen');
INSERT INTO `CLIENT_SCOPE_ATTRIBUTES` (`SCOPE_ID`, `VALUE`, `NAME`) VALUES('8eb63c81-e51a-4a4f-8322-ceabb67485a7', 'false', 'include.in.token.scope');
INSERT INTO `CLIENT_SCOPE_ATTRIBUTES` (`SCOPE_ID`, `VALUE`, `NAME`) VALUES('9794822e-acab-41a1-9fdd-1e3677852ef3', '${offlineAccessScopeConsentText}', 'consent.screen.text');
INSERT INTO `CLIENT_SCOPE_ATTRIBUTES` (`SCOPE_ID`, `VALUE`, `NAME`) VALUES('9794822e-acab-41a1-9fdd-1e3677852ef3', 'true', 'display.on.consent.screen');
INSERT INTO `CLIENT_SCOPE_ATTRIBUTES` (`SCOPE_ID`, `VALUE`, `NAME`) VALUES('9a3a5269-507a-47ce-9d9c-ca5eee739604', '${samlRoleListScopeConsentText}', 'consent.screen.text');
INSERT INTO `CLIENT_SCOPE_ATTRIBUTES` (`SCOPE_ID`, `VALUE`, `NAME`) VALUES('9a3a5269-507a-47ce-9d9c-ca5eee739604', 'true', 'display.on.consent.screen');
INSERT INTO `CLIENT_SCOPE_ATTRIBUTES` (`SCOPE_ID`, `VALUE`, `NAME`) VALUES('a8a7255e-2a69-40f4-bb89-6913d19d968b', '${phoneScopeConsentText}', 'consent.screen.text');
INSERT INTO `CLIENT_SCOPE_ATTRIBUTES` (`SCOPE_ID`, `VALUE`, `NAME`) VALUES('a8a7255e-2a69-40f4-bb89-6913d19d968b', 'true', 'display.on.consent.screen');
INSERT INTO `CLIENT_SCOPE_ATTRIBUTES` (`SCOPE_ID`, `VALUE`, `NAME`) VALUES('a8a7255e-2a69-40f4-bb89-6913d19d968b', 'true', 'include.in.token.scope');
INSERT INTO `CLIENT_SCOPE_ATTRIBUTES` (`SCOPE_ID`, `VALUE`, `NAME`) VALUES('a98031b6-d077-42df-89e6-95d9f54fec0e', '${samlRoleListScopeConsentText}', 'consent.screen.text');
INSERT INTO `CLIENT_SCOPE_ATTRIBUTES` (`SCOPE_ID`, `VALUE`, `NAME`) VALUES('a98031b6-d077-42df-89e6-95d9f54fec0e', 'true', 'display.on.consent.screen');
INSERT INTO `CLIENT_SCOPE_ATTRIBUTES` (`SCOPE_ID`, `VALUE`, `NAME`) VALUES('b8254efa-c132-4bc3-9d6f-8227517845f2', '', 'consent.screen.text');
INSERT INTO `CLIENT_SCOPE_ATTRIBUTES` (`SCOPE_ID`, `VALUE`, `NAME`) VALUES('b8254efa-c132-4bc3-9d6f-8227517845f2', 'false', 'display.on.consent.screen');
INSERT INTO `CLIENT_SCOPE_ATTRIBUTES` (`SCOPE_ID`, `VALUE`, `NAME`) VALUES('b8254efa-c132-4bc3-9d6f-8227517845f2', 'false', 'include.in.token.scope');
INSERT INTO `CLIENT_SCOPE_ATTRIBUTES` (`SCOPE_ID`, `VALUE`, `NAME`) VALUES('c0ff7e2e-cb9f-455a-ad48-c3a62f70eb3a', '${addressScopeConsentText}', 'consent.screen.text');
INSERT INTO `CLIENT_SCOPE_ATTRIBUTES` (`SCOPE_ID`, `VALUE`, `NAME`) VALUES('c0ff7e2e-cb9f-455a-ad48-c3a62f70eb3a', 'true', 'display.on.consent.screen');
INSERT INTO `CLIENT_SCOPE_ATTRIBUTES` (`SCOPE_ID`, `VALUE`, `NAME`) VALUES('c0ff7e2e-cb9f-455a-ad48-c3a62f70eb3a', 'true', 'include.in.token.scope');
INSERT INTO `CLIENT_SCOPE_ATTRIBUTES` (`SCOPE_ID`, `VALUE`, `NAME`) VALUES('c243d721-0cf1-4755-b530-06f3577f05f9', 'false', 'display.on.consent.screen');
INSERT INTO `CLIENT_SCOPE_ATTRIBUTES` (`SCOPE_ID`, `VALUE`, `NAME`) VALUES('c243d721-0cf1-4755-b530-06f3577f05f9', 'true', 'include.in.token.scope');
INSERT INTO `CLIENT_SCOPE_ATTRIBUTES` (`SCOPE_ID`, `VALUE`, `NAME`) VALUES('c846b4db-877d-468f-98b7-059a6a83abca', '${profileScopeConsentText}', 'consent.screen.text');
INSERT INTO `CLIENT_SCOPE_ATTRIBUTES` (`SCOPE_ID`, `VALUE`, `NAME`) VALUES('c846b4db-877d-468f-98b7-059a6a83abca', 'true', 'display.on.consent.screen');
INSERT INTO `CLIENT_SCOPE_ATTRIBUTES` (`SCOPE_ID`, `VALUE`, `NAME`) VALUES('c846b4db-877d-468f-98b7-059a6a83abca', 'true', 'include.in.token.scope');
INSERT INTO `CLIENT_SCOPE_ATTRIBUTES` (`SCOPE_ID`, `VALUE`, `NAME`) VALUES('d4256bca-0178-4af6-a538-6fac9339a4a5', '${rolesScopeConsentText}', 'consent.screen.text');
INSERT INTO `CLIENT_SCOPE_ATTRIBUTES` (`SCOPE_ID`, `VALUE`, `NAME`) VALUES('d4256bca-0178-4af6-a538-6fac9339a4a5', 'true', 'display.on.consent.screen');
INSERT INTO `CLIENT_SCOPE_ATTRIBUTES` (`SCOPE_ID`, `VALUE`, `NAME`) VALUES('d4256bca-0178-4af6-a538-6fac9339a4a5', 'false', 'include.in.token.scope');
INSERT INTO `CLIENT_SCOPE_ATTRIBUTES` (`SCOPE_ID`, `VALUE`, `NAME`) VALUES('e9814c10-e9b1-4603-a67c-b4b5fcc3991c', '${phoneScopeConsentText}', 'consent.screen.text');
INSERT INTO `CLIENT_SCOPE_ATTRIBUTES` (`SCOPE_ID`, `VALUE`, `NAME`) VALUES('e9814c10-e9b1-4603-a67c-b4b5fcc3991c', 'true', 'display.on.consent.screen');
INSERT INTO `CLIENT_SCOPE_ATTRIBUTES` (`SCOPE_ID`, `VALUE`, `NAME`) VALUES('e9814c10-e9b1-4603-a67c-b4b5fcc3991c', 'true', 'include.in.token.scope');
INSERT INTO `CLIENT_SCOPE_ATTRIBUTES` (`SCOPE_ID`, `VALUE`, `NAME`) VALUES('e9960a90-1489-4a86-ba21-807b01cedb4e', '', 'consent.screen.text');
INSERT INTO `CLIENT_SCOPE_ATTRIBUTES` (`SCOPE_ID`, `VALUE`, `NAME`) VALUES('e9960a90-1489-4a86-ba21-807b01cedb4e', 'false', 'display.on.consent.screen');
INSERT INTO `CLIENT_SCOPE_ATTRIBUTES` (`SCOPE_ID`, `VALUE`, `NAME`) VALUES('e9960a90-1489-4a86-ba21-807b01cedb4e', 'false', 'include.in.token.scope');
INSERT INTO `CLIENT_SCOPE_ATTRIBUTES` (`SCOPE_ID`, `VALUE`, `NAME`) VALUES('ea4d6cd9-e5e7-44f8-926f-ab640f7b31e8', '${phoneScopeConsentText}', 'consent.screen.text');
INSERT INTO `CLIENT_SCOPE_ATTRIBUTES` (`SCOPE_ID`, `VALUE`, `NAME`) VALUES('ea4d6cd9-e5e7-44f8-926f-ab640f7b31e8', 'true', 'display.on.consent.screen');
INSERT INTO `CLIENT_SCOPE_ATTRIBUTES` (`SCOPE_ID`, `VALUE`, `NAME`) VALUES('ea4d6cd9-e5e7-44f8-926f-ab640f7b31e8', 'true', 'include.in.token.scope');
INSERT INTO `CLIENT_SCOPE_ATTRIBUTES` (`SCOPE_ID`, `VALUE`, `NAME`) VALUES('eadb042c-0b98-45f5-aa04-c9785a617212', '${offlineAccessScopeConsentText}', 'consent.screen.text');
INSERT INTO `CLIENT_SCOPE_ATTRIBUTES` (`SCOPE_ID`, `VALUE`, `NAME`) VALUES('eadb042c-0b98-45f5-aa04-c9785a617212', 'true', 'display.on.consent.screen');
INSERT INTO `CLIENT_SCOPE_ATTRIBUTES` (`SCOPE_ID`, `VALUE`, `NAME`) VALUES('fe0c1253-9bb7-4c3a-9aab-dc093ccc713a', 'false', 'display.on.consent.screen');
INSERT INTO `CLIENT_SCOPE_ATTRIBUTES` (`SCOPE_ID`, `VALUE`, `NAME`) VALUES('fe0c1253-9bb7-4c3a-9aab-dc093ccc713a', 'true', 'include.in.token.scope');
INSERT INTO `CLIENT_SCOPE_ATTRIBUTES` (`SCOPE_ID`, `VALUE`, `NAME`) VALUES('ff8b1ee3-737f-4757-b82b-08d333bf34d3', 'false', 'display.on.consent.screen');
INSERT INTO `CLIENT_SCOPE_ATTRIBUTES` (`SCOPE_ID`, `VALUE`, `NAME`) VALUES('ff8b1ee3-737f-4757-b82b-08d333bf34d3', 'true', 'include.in.token.scope');

DROP TABLE IF EXISTS `CLIENT_SCOPE_CLIENT`;
CREATE TABLE `CLIENT_SCOPE_CLIENT` (
  `CLIENT_ID` varchar(255) NOT NULL,
  `SCOPE_ID` varchar(255) NOT NULL,
  `DEFAULT_SCOPE` bit(1) NOT NULL DEFAULT b'0'
) ENGINE=InnoDB DEFAULT CHARSET=utf8;

INSERT INTO `CLIENT_SCOPE_CLIENT` (`CLIENT_ID`, `SCOPE_ID`, `DEFAULT_SCOPE`) VALUES('076ea7ad-877b-4966-8425-aa913dd2ded3', '1ea6de3d-d7a1-4312-aeb7-e63860bb9047', b'1');
INSERT INTO `CLIENT_SCOPE_CLIENT` (`CLIENT_ID`, `SCOPE_ID`, `DEFAULT_SCOPE`) VALUES('076ea7ad-877b-4966-8425-aa913dd2ded3', '51f1d912-7f39-4cdc-b7a1-08b610508778', b'1');
INSERT INTO `CLIENT_SCOPE_CLIENT` (`CLIENT_ID`, `SCOPE_ID`, `DEFAULT_SCOPE`) VALUES('076ea7ad-877b-4966-8425-aa913dd2ded3', '6f3d6b73-4d9d-4e93-9ccf-b5fa282e5c00', b'1');
INSERT INTO `CLIENT_SCOPE_CLIENT` (`CLIENT_ID`, `SCOPE_ID`, `DEFAULT_SCOPE`) VALUES('076ea7ad-877b-4966-8425-aa913dd2ded3', 'a8a7255e-2a69-40f4-bb89-6913d19d968b', b'0');
INSERT INTO `CLIENT_SCOPE_CLIENT` (`CLIENT_ID`, `SCOPE_ID`, `DEFAULT_SCOPE`) VALUES('076ea7ad-877b-4966-8425-aa913dd2ded3', 'c0ff7e2e-cb9f-455a-ad48-c3a62f70eb3a', b'0');
INSERT INTO `CLIENT_SCOPE_CLIENT` (`CLIENT_ID`, `SCOPE_ID`, `DEFAULT_SCOPE`) VALUES('076ea7ad-877b-4966-8425-aa913dd2ded3', 'e9960a90-1489-4a86-ba21-807b01cedb4e', b'1');
INSERT INTO `CLIENT_SCOPE_CLIENT` (`CLIENT_ID`, `SCOPE_ID`, `DEFAULT_SCOPE`) VALUES('076ea7ad-877b-4966-8425-aa913dd2ded3', 'eadb042c-0b98-45f5-aa04-c9785a617212', b'0');
INSERT INTO `CLIENT_SCOPE_CLIENT` (`CLIENT_ID`, `SCOPE_ID`, `DEFAULT_SCOPE`) VALUES('076ea7ad-877b-4966-8425-aa913dd2ded3', 'ff8b1ee3-737f-4757-b82b-08d333bf34d3', b'0');
INSERT INTO `CLIENT_SCOPE_CLIENT` (`CLIENT_ID`, `SCOPE_ID`, `DEFAULT_SCOPE`) VALUES('1431f78b-7304-4502-ab74-ad58e9e7f851', '15fc8161-70e5-4848-b078-f686ed78c8f9', b'0');
INSERT INTO `CLIENT_SCOPE_CLIENT` (`CLIENT_ID`, `SCOPE_ID`, `DEFAULT_SCOPE`) VALUES('1431f78b-7304-4502-ab74-ad58e9e7f851', '2d5f0af5-e6ae-4411-80cb-12b8a18a23cf', b'1');
INSERT INTO `CLIENT_SCOPE_CLIENT` (`CLIENT_ID`, `SCOPE_ID`, `DEFAULT_SCOPE`) VALUES('1431f78b-7304-4502-ab74-ad58e9e7f851', '3d863fdf-b7bb-45fc-be7a-07b27512b53d', b'1');
INSERT INTO `CLIENT_SCOPE_CLIENT` (`CLIENT_ID`, `SCOPE_ID`, `DEFAULT_SCOPE`) VALUES('1431f78b-7304-4502-ab74-ad58e9e7f851', '5f287cae-1e91-4552-8fee-463c80acf42c', b'1');
INSERT INTO `CLIENT_SCOPE_CLIENT` (`CLIENT_ID`, `SCOPE_ID`, `DEFAULT_SCOPE`) VALUES('1431f78b-7304-4502-ab74-ad58e9e7f851', '9794822e-acab-41a1-9fdd-1e3677852ef3', b'0');
INSERT INTO `CLIENT_SCOPE_CLIENT` (`CLIENT_ID`, `SCOPE_ID`, `DEFAULT_SCOPE`) VALUES('1431f78b-7304-4502-ab74-ad58e9e7f851', 'c243d721-0cf1-4755-b530-06f3577f05f9', b'0');
INSERT INTO `CLIENT_SCOPE_CLIENT` (`CLIENT_ID`, `SCOPE_ID`, `DEFAULT_SCOPE`) VALUES('1431f78b-7304-4502-ab74-ad58e9e7f851', 'd4256bca-0178-4af6-a538-6fac9339a4a5', b'1');
INSERT INTO `CLIENT_SCOPE_CLIENT` (`CLIENT_ID`, `SCOPE_ID`, `DEFAULT_SCOPE`) VALUES('1431f78b-7304-4502-ab74-ad58e9e7f851', 'e9814c10-e9b1-4603-a67c-b4b5fcc3991c', b'0');
INSERT INTO `CLIENT_SCOPE_CLIENT` (`CLIENT_ID`, `SCOPE_ID`, `DEFAULT_SCOPE`) VALUES('2459a934-6cc0-4051-9db0-e92d0f1f06aa', '15fc8161-70e5-4848-b078-f686ed78c8f9', b'0');
INSERT INTO `CLIENT_SCOPE_CLIENT` (`CLIENT_ID`, `SCOPE_ID`, `DEFAULT_SCOPE`) VALUES('2459a934-6cc0-4051-9db0-e92d0f1f06aa', '2d5f0af5-e6ae-4411-80cb-12b8a18a23cf', b'1');
INSERT INTO `CLIENT_SCOPE_CLIENT` (`CLIENT_ID`, `SCOPE_ID`, `DEFAULT_SCOPE`) VALUES('2459a934-6cc0-4051-9db0-e92d0f1f06aa', '3d863fdf-b7bb-45fc-be7a-07b27512b53d', b'1');
INSERT INTO `CLIENT_SCOPE_CLIENT` (`CLIENT_ID`, `SCOPE_ID`, `DEFAULT_SCOPE`) VALUES('2459a934-6cc0-4051-9db0-e92d0f1f06aa', '5f287cae-1e91-4552-8fee-463c80acf42c', b'1');
INSERT INTO `CLIENT_SCOPE_CLIENT` (`CLIENT_ID`, `SCOPE_ID`, `DEFAULT_SCOPE`) VALUES('2459a934-6cc0-4051-9db0-e92d0f1f06aa', '9794822e-acab-41a1-9fdd-1e3677852ef3', b'0');
INSERT INTO `CLIENT_SCOPE_CLIENT` (`CLIENT_ID`, `SCOPE_ID`, `DEFAULT_SCOPE`) VALUES('2459a934-6cc0-4051-9db0-e92d0f1f06aa', 'c243d721-0cf1-4755-b530-06f3577f05f9', b'0');
INSERT INTO `CLIENT_SCOPE_CLIENT` (`CLIENT_ID`, `SCOPE_ID`, `DEFAULT_SCOPE`) VALUES('2459a934-6cc0-4051-9db0-e92d0f1f06aa', 'd4256bca-0178-4af6-a538-6fac9339a4a5', b'1');
INSERT INTO `CLIENT_SCOPE_CLIENT` (`CLIENT_ID`, `SCOPE_ID`, `DEFAULT_SCOPE`) VALUES('2459a934-6cc0-4051-9db0-e92d0f1f06aa', 'e9814c10-e9b1-4603-a67c-b4b5fcc3991c', b'0');
INSERT INTO `CLIENT_SCOPE_CLIENT` (`CLIENT_ID`, `SCOPE_ID`, `DEFAULT_SCOPE`) VALUES('3c5e3d81-7315-4591-b594-605be218a994', '02aa6c9d-b12e-4afc-9f2b-8ac459fce845', b'1');
INSERT INTO `CLIENT_SCOPE_CLIENT` (`CLIENT_ID`, `SCOPE_ID`, `DEFAULT_SCOPE`) VALUES('3c5e3d81-7315-4591-b594-605be218a994', '24c83f17-ad46-4548-8078-e3ad7b770280', b'0');
INSERT INTO `CLIENT_SCOPE_CLIENT` (`CLIENT_ID`, `SCOPE_ID`, `DEFAULT_SCOPE`) VALUES('3c5e3d81-7315-4591-b594-605be218a994', '27ff3c26-da3d-4f5b-a02f-0150538e586e', b'0');
INSERT INTO `CLIENT_SCOPE_CLIENT` (`CLIENT_ID`, `SCOPE_ID`, `DEFAULT_SCOPE`) VALUES('3c5e3d81-7315-4591-b594-605be218a994', '328cfa31-ff02-4b0c-bff1-8d7e9c916a98', b'1');
INSERT INTO `CLIENT_SCOPE_CLIENT` (`CLIENT_ID`, `SCOPE_ID`, `DEFAULT_SCOPE`) VALUES('3c5e3d81-7315-4591-b594-605be218a994', '8a529876-ae0c-4e6f-a541-1f5d69b8401c', b'1');
INSERT INTO `CLIENT_SCOPE_CLIENT` (`CLIENT_ID`, `SCOPE_ID`, `DEFAULT_SCOPE`) VALUES('3c5e3d81-7315-4591-b594-605be218a994', 'b8254efa-c132-4bc3-9d6f-8227517845f2', b'1');
INSERT INTO `CLIENT_SCOPE_CLIENT` (`CLIENT_ID`, `SCOPE_ID`, `DEFAULT_SCOPE`) VALUES('3c5e3d81-7315-4591-b594-605be218a994', 'ea4d6cd9-e5e7-44f8-926f-ab640f7b31e8', b'0');
INSERT INTO `CLIENT_SCOPE_CLIENT` (`CLIENT_ID`, `SCOPE_ID`, `DEFAULT_SCOPE`) VALUES('3c5e3d81-7315-4591-b594-605be218a994', 'fe0c1253-9bb7-4c3a-9aab-dc093ccc713a', b'0');
INSERT INTO `CLIENT_SCOPE_CLIENT` (`CLIENT_ID`, `SCOPE_ID`, `DEFAULT_SCOPE`) VALUES('3ce87c07-43f7-4fd1-98dc-98d0bef89416', '15fc8161-70e5-4848-b078-f686ed78c8f9', b'0');
INSERT INTO `CLIENT_SCOPE_CLIENT` (`CLIENT_ID`, `SCOPE_ID`, `DEFAULT_SCOPE`) VALUES('3ce87c07-43f7-4fd1-98dc-98d0bef89416', '2d5f0af5-e6ae-4411-80cb-12b8a18a23cf', b'1');
INSERT INTO `CLIENT_SCOPE_CLIENT` (`CLIENT_ID`, `SCOPE_ID`, `DEFAULT_SCOPE`) VALUES('3ce87c07-43f7-4fd1-98dc-98d0bef89416', '3d863fdf-b7bb-45fc-be7a-07b27512b53d', b'1');
INSERT INTO `CLIENT_SCOPE_CLIENT` (`CLIENT_ID`, `SCOPE_ID`, `DEFAULT_SCOPE`) VALUES('3ce87c07-43f7-4fd1-98dc-98d0bef89416', '5f287cae-1e91-4552-8fee-463c80acf42c', b'1');
INSERT INTO `CLIENT_SCOPE_CLIENT` (`CLIENT_ID`, `SCOPE_ID`, `DEFAULT_SCOPE`) VALUES('3ce87c07-43f7-4fd1-98dc-98d0bef89416', '9794822e-acab-41a1-9fdd-1e3677852ef3', b'0');
INSERT INTO `CLIENT_SCOPE_CLIENT` (`CLIENT_ID`, `SCOPE_ID`, `DEFAULT_SCOPE`) VALUES('3ce87c07-43f7-4fd1-98dc-98d0bef89416', 'c243d721-0cf1-4755-b530-06f3577f05f9', b'0');
INSERT INTO `CLIENT_SCOPE_CLIENT` (`CLIENT_ID`, `SCOPE_ID`, `DEFAULT_SCOPE`) VALUES('3ce87c07-43f7-4fd1-98dc-98d0bef89416', 'd4256bca-0178-4af6-a538-6fac9339a4a5', b'1');
INSERT INTO `CLIENT_SCOPE_CLIENT` (`CLIENT_ID`, `SCOPE_ID`, `DEFAULT_SCOPE`) VALUES('3ce87c07-43f7-4fd1-98dc-98d0bef89416', 'e9814c10-e9b1-4603-a67c-b4b5fcc3991c', b'0');
INSERT INTO `CLIENT_SCOPE_CLIENT` (`CLIENT_ID`, `SCOPE_ID`, `DEFAULT_SCOPE`) VALUES('421f8f27-9b2c-4c8e-a84c-0fdee96ca882', '02aa6c9d-b12e-4afc-9f2b-8ac459fce845', b'1');
INSERT INTO `CLIENT_SCOPE_CLIENT` (`CLIENT_ID`, `SCOPE_ID`, `DEFAULT_SCOPE`) VALUES('421f8f27-9b2c-4c8e-a84c-0fdee96ca882', '24c83f17-ad46-4548-8078-e3ad7b770280', b'0');
INSERT INTO `CLIENT_SCOPE_CLIENT` (`CLIENT_ID`, `SCOPE_ID`, `DEFAULT_SCOPE`) VALUES('421f8f27-9b2c-4c8e-a84c-0fdee96ca882', '27ff3c26-da3d-4f5b-a02f-0150538e586e', b'0');
INSERT INTO `CLIENT_SCOPE_CLIENT` (`CLIENT_ID`, `SCOPE_ID`, `DEFAULT_SCOPE`) VALUES('421f8f27-9b2c-4c8e-a84c-0fdee96ca882', '328cfa31-ff02-4b0c-bff1-8d7e9c916a98', b'1');
INSERT INTO `CLIENT_SCOPE_CLIENT` (`CLIENT_ID`, `SCOPE_ID`, `DEFAULT_SCOPE`) VALUES('421f8f27-9b2c-4c8e-a84c-0fdee96ca882', '8a529876-ae0c-4e6f-a541-1f5d69b8401c', b'1');
INSERT INTO `CLIENT_SCOPE_CLIENT` (`CLIENT_ID`, `SCOPE_ID`, `DEFAULT_SCOPE`) VALUES('421f8f27-9b2c-4c8e-a84c-0fdee96ca882', 'b8254efa-c132-4bc3-9d6f-8227517845f2', b'1');
INSERT INTO `CLIENT_SCOPE_CLIENT` (`CLIENT_ID`, `SCOPE_ID`, `DEFAULT_SCOPE`) VALUES('421f8f27-9b2c-4c8e-a84c-0fdee96ca882', 'ea4d6cd9-e5e7-44f8-926f-ab640f7b31e8', b'0');
INSERT INTO `CLIENT_SCOPE_CLIENT` (`CLIENT_ID`, `SCOPE_ID`, `DEFAULT_SCOPE`) VALUES('421f8f27-9b2c-4c8e-a84c-0fdee96ca882', 'fe0c1253-9bb7-4c3a-9aab-dc093ccc713a', b'0');
INSERT INTO `CLIENT_SCOPE_CLIENT` (`CLIENT_ID`, `SCOPE_ID`, `DEFAULT_SCOPE`) VALUES('49ee7d11-160c-4f50-bc39-973c71d0d256', '0411d69b-2fc9-49be-a7cc-298ab9e17032', b'0');
INSERT INTO `CLIENT_SCOPE_CLIENT` (`CLIENT_ID`, `SCOPE_ID`, `DEFAULT_SCOPE`) VALUES('49ee7d11-160c-4f50-bc39-973c71d0d256', '0f99a1ea-b1fa-435a-aaa5-c4f1f6ead0d1', b'1');
INSERT INTO `CLIENT_SCOPE_CLIENT` (`CLIENT_ID`, `SCOPE_ID`, `DEFAULT_SCOPE`) VALUES('49ee7d11-160c-4f50-bc39-973c71d0d256', '2c522681-4b24-4bbf-a5cb-1f575a012903', b'0');
INSERT INTO `CLIENT_SCOPE_CLIENT` (`CLIENT_ID`, `SCOPE_ID`, `DEFAULT_SCOPE`) VALUES('49ee7d11-160c-4f50-bc39-973c71d0d256', '3f7d577c-2bf2-4ac8-b8ec-1489910ece97', b'0');
INSERT INTO `CLIENT_SCOPE_CLIENT` (`CLIENT_ID`, `SCOPE_ID`, `DEFAULT_SCOPE`) VALUES('49ee7d11-160c-4f50-bc39-973c71d0d256', '57416cf1-18e5-4d41-8ecf-034970d4fcb4', b'1');
INSERT INTO `CLIENT_SCOPE_CLIENT` (`CLIENT_ID`, `SCOPE_ID`, `DEFAULT_SCOPE`) VALUES('49ee7d11-160c-4f50-bc39-973c71d0d256', '697aa7cc-1e72-4477-9f76-05264324de5d', b'0');
INSERT INTO `CLIENT_SCOPE_CLIENT` (`CLIENT_ID`, `SCOPE_ID`, `DEFAULT_SCOPE`) VALUES('49ee7d11-160c-4f50-bc39-973c71d0d256', '8eb63c81-e51a-4a4f-8322-ceabb67485a7', b'1');
INSERT INTO `CLIENT_SCOPE_CLIENT` (`CLIENT_ID`, `SCOPE_ID`, `DEFAULT_SCOPE`) VALUES('49ee7d11-160c-4f50-bc39-973c71d0d256', 'c846b4db-877d-468f-98b7-059a6a83abca', b'1');
INSERT INTO `CLIENT_SCOPE_CLIENT` (`CLIENT_ID`, `SCOPE_ID`, `DEFAULT_SCOPE`) VALUES('57e1d944-ec62-4f12-88fd-304e5c4237d8', '1ea6de3d-d7a1-4312-aeb7-e63860bb9047', b'1');
INSERT INTO `CLIENT_SCOPE_CLIENT` (`CLIENT_ID`, `SCOPE_ID`, `DEFAULT_SCOPE`) VALUES('57e1d944-ec62-4f12-88fd-304e5c4237d8', '51f1d912-7f39-4cdc-b7a1-08b610508778', b'1');
INSERT INTO `CLIENT_SCOPE_CLIENT` (`CLIENT_ID`, `SCOPE_ID`, `DEFAULT_SCOPE`) VALUES('57e1d944-ec62-4f12-88fd-304e5c4237d8', '6f3d6b73-4d9d-4e93-9ccf-b5fa282e5c00', b'1');
INSERT INTO `CLIENT_SCOPE_CLIENT` (`CLIENT_ID`, `SCOPE_ID`, `DEFAULT_SCOPE`) VALUES('57e1d944-ec62-4f12-88fd-304e5c4237d8', 'a8a7255e-2a69-40f4-bb89-6913d19d968b', b'0');
INSERT INTO `CLIENT_SCOPE_CLIENT` (`CLIENT_ID`, `SCOPE_ID`, `DEFAULT_SCOPE`) VALUES('57e1d944-ec62-4f12-88fd-304e5c4237d8', 'c0ff7e2e-cb9f-455a-ad48-c3a62f70eb3a', b'0');
INSERT INTO `CLIENT_SCOPE_CLIENT` (`CLIENT_ID`, `SCOPE_ID`, `DEFAULT_SCOPE`) VALUES('57e1d944-ec62-4f12-88fd-304e5c4237d8', 'e9960a90-1489-4a86-ba21-807b01cedb4e', b'1');
INSERT INTO `CLIENT_SCOPE_CLIENT` (`CLIENT_ID`, `SCOPE_ID`, `DEFAULT_SCOPE`) VALUES('57e1d944-ec62-4f12-88fd-304e5c4237d8', 'eadb042c-0b98-45f5-aa04-c9785a617212', b'0');
INSERT INTO `CLIENT_SCOPE_CLIENT` (`CLIENT_ID`, `SCOPE_ID`, `DEFAULT_SCOPE`) VALUES('57e1d944-ec62-4f12-88fd-304e5c4237d8', 'ff8b1ee3-737f-4757-b82b-08d333bf34d3', b'0');
INSERT INTO `CLIENT_SCOPE_CLIENT` (`CLIENT_ID`, `SCOPE_ID`, `DEFAULT_SCOPE`) VALUES('5ba321eb-19dc-4fb5-acee-127e931e3686', '1ea6de3d-d7a1-4312-aeb7-e63860bb9047', b'1');
INSERT INTO `CLIENT_SCOPE_CLIENT` (`CLIENT_ID`, `SCOPE_ID`, `DEFAULT_SCOPE`) VALUES('5ba321eb-19dc-4fb5-acee-127e931e3686', '51f1d912-7f39-4cdc-b7a1-08b610508778', b'1');
INSERT INTO `CLIENT_SCOPE_CLIENT` (`CLIENT_ID`, `SCOPE_ID`, `DEFAULT_SCOPE`) VALUES('5ba321eb-19dc-4fb5-acee-127e931e3686', '6f3d6b73-4d9d-4e93-9ccf-b5fa282e5c00', b'1');
INSERT INTO `CLIENT_SCOPE_CLIENT` (`CLIENT_ID`, `SCOPE_ID`, `DEFAULT_SCOPE`) VALUES('5ba321eb-19dc-4fb5-acee-127e931e3686', 'a8a7255e-2a69-40f4-bb89-6913d19d968b', b'0');
INSERT INTO `CLIENT_SCOPE_CLIENT` (`CLIENT_ID`, `SCOPE_ID`, `DEFAULT_SCOPE`) VALUES('5ba321eb-19dc-4fb5-acee-127e931e3686', 'c0ff7e2e-cb9f-455a-ad48-c3a62f70eb3a', b'0');
INSERT INTO `CLIENT_SCOPE_CLIENT` (`CLIENT_ID`, `SCOPE_ID`, `DEFAULT_SCOPE`) VALUES('5ba321eb-19dc-4fb5-acee-127e931e3686', 'e9960a90-1489-4a86-ba21-807b01cedb4e', b'1');
INSERT INTO `CLIENT_SCOPE_CLIENT` (`CLIENT_ID`, `SCOPE_ID`, `DEFAULT_SCOPE`) VALUES('5ba321eb-19dc-4fb5-acee-127e931e3686', 'eadb042c-0b98-45f5-aa04-c9785a617212', b'0');
INSERT INTO `CLIENT_SCOPE_CLIENT` (`CLIENT_ID`, `SCOPE_ID`, `DEFAULT_SCOPE`) VALUES('5ba321eb-19dc-4fb5-acee-127e931e3686', 'ff8b1ee3-737f-4757-b82b-08d333bf34d3', b'0');
INSERT INTO `CLIENT_SCOPE_CLIENT` (`CLIENT_ID`, `SCOPE_ID`, `DEFAULT_SCOPE`) VALUES('613e357d-3ac8-4de5-8c84-5d9af8d475d3', '02aa6c9d-b12e-4afc-9f2b-8ac459fce845', b'1');
INSERT INTO `CLIENT_SCOPE_CLIENT` (`CLIENT_ID`, `SCOPE_ID`, `DEFAULT_SCOPE`) VALUES('613e357d-3ac8-4de5-8c84-5d9af8d475d3', '24c83f17-ad46-4548-8078-e3ad7b770280', b'0');
INSERT INTO `CLIENT_SCOPE_CLIENT` (`CLIENT_ID`, `SCOPE_ID`, `DEFAULT_SCOPE`) VALUES('613e357d-3ac8-4de5-8c84-5d9af8d475d3', '27ff3c26-da3d-4f5b-a02f-0150538e586e', b'0');
INSERT INTO `CLIENT_SCOPE_CLIENT` (`CLIENT_ID`, `SCOPE_ID`, `DEFAULT_SCOPE`) VALUES('613e357d-3ac8-4de5-8c84-5d9af8d475d3', '328cfa31-ff02-4b0c-bff1-8d7e9c916a98', b'1');
INSERT INTO `CLIENT_SCOPE_CLIENT` (`CLIENT_ID`, `SCOPE_ID`, `DEFAULT_SCOPE`) VALUES('613e357d-3ac8-4de5-8c84-5d9af8d475d3', '8a529876-ae0c-4e6f-a541-1f5d69b8401c', b'1');
INSERT INTO `CLIENT_SCOPE_CLIENT` (`CLIENT_ID`, `SCOPE_ID`, `DEFAULT_SCOPE`) VALUES('613e357d-3ac8-4de5-8c84-5d9af8d475d3', 'b8254efa-c132-4bc3-9d6f-8227517845f2', b'1');
INSERT INTO `CLIENT_SCOPE_CLIENT` (`CLIENT_ID`, `SCOPE_ID`, `DEFAULT_SCOPE`) VALUES('613e357d-3ac8-4de5-8c84-5d9af8d475d3', 'ea4d6cd9-e5e7-44f8-926f-ab640f7b31e8', b'0');
INSERT INTO `CLIENT_SCOPE_CLIENT` (`CLIENT_ID`, `SCOPE_ID`, `DEFAULT_SCOPE`) VALUES('613e357d-3ac8-4de5-8c84-5d9af8d475d3', 'fe0c1253-9bb7-4c3a-9aab-dc093ccc713a', b'0');
INSERT INTO `CLIENT_SCOPE_CLIENT` (`CLIENT_ID`, `SCOPE_ID`, `DEFAULT_SCOPE`) VALUES('68c65011-e97a-4d4c-94fe-7ee636893f9e', '15fc8161-70e5-4848-b078-f686ed78c8f9', b'0');
INSERT INTO `CLIENT_SCOPE_CLIENT` (`CLIENT_ID`, `SCOPE_ID`, `DEFAULT_SCOPE`) VALUES('68c65011-e97a-4d4c-94fe-7ee636893f9e', '2d5f0af5-e6ae-4411-80cb-12b8a18a23cf', b'1');
INSERT INTO `CLIENT_SCOPE_CLIENT` (`CLIENT_ID`, `SCOPE_ID`, `DEFAULT_SCOPE`) VALUES('68c65011-e97a-4d4c-94fe-7ee636893f9e', '3d863fdf-b7bb-45fc-be7a-07b27512b53d', b'1');
INSERT INTO `CLIENT_SCOPE_CLIENT` (`CLIENT_ID`, `SCOPE_ID`, `DEFAULT_SCOPE`) VALUES('68c65011-e97a-4d4c-94fe-7ee636893f9e', '5f287cae-1e91-4552-8fee-463c80acf42c', b'1');
INSERT INTO `CLIENT_SCOPE_CLIENT` (`CLIENT_ID`, `SCOPE_ID`, `DEFAULT_SCOPE`) VALUES('68c65011-e97a-4d4c-94fe-7ee636893f9e', '9794822e-acab-41a1-9fdd-1e3677852ef3', b'0');
INSERT INTO `CLIENT_SCOPE_CLIENT` (`CLIENT_ID`, `SCOPE_ID`, `DEFAULT_SCOPE`) VALUES('68c65011-e97a-4d4c-94fe-7ee636893f9e', 'c243d721-0cf1-4755-b530-06f3577f05f9', b'0');
INSERT INTO `CLIENT_SCOPE_CLIENT` (`CLIENT_ID`, `SCOPE_ID`, `DEFAULT_SCOPE`) VALUES('68c65011-e97a-4d4c-94fe-7ee636893f9e', 'd4256bca-0178-4af6-a538-6fac9339a4a5', b'1');
INSERT INTO `CLIENT_SCOPE_CLIENT` (`CLIENT_ID`, `SCOPE_ID`, `DEFAULT_SCOPE`) VALUES('68c65011-e97a-4d4c-94fe-7ee636893f9e', 'e9814c10-e9b1-4603-a67c-b4b5fcc3991c', b'0');
INSERT INTO `CLIENT_SCOPE_CLIENT` (`CLIENT_ID`, `SCOPE_ID`, `DEFAULT_SCOPE`) VALUES('6d7ed351-badd-40e3-833f-aa5d041d3fe3', '0411d69b-2fc9-49be-a7cc-298ab9e17032', b'0');
INSERT INTO `CLIENT_SCOPE_CLIENT` (`CLIENT_ID`, `SCOPE_ID`, `DEFAULT_SCOPE`) VALUES('6d7ed351-badd-40e3-833f-aa5d041d3fe3', '0f99a1ea-b1fa-435a-aaa5-c4f1f6ead0d1', b'1');
INSERT INTO `CLIENT_SCOPE_CLIENT` (`CLIENT_ID`, `SCOPE_ID`, `DEFAULT_SCOPE`) VALUES('6d7ed351-badd-40e3-833f-aa5d041d3fe3', '2c522681-4b24-4bbf-a5cb-1f575a012903', b'0');
INSERT INTO `CLIENT_SCOPE_CLIENT` (`CLIENT_ID`, `SCOPE_ID`, `DEFAULT_SCOPE`) VALUES('6d7ed351-badd-40e3-833f-aa5d041d3fe3', '3f7d577c-2bf2-4ac8-b8ec-1489910ece97', b'0');
INSERT INTO `CLIENT_SCOPE_CLIENT` (`CLIENT_ID`, `SCOPE_ID`, `DEFAULT_SCOPE`) VALUES('6d7ed351-badd-40e3-833f-aa5d041d3fe3', '57416cf1-18e5-4d41-8ecf-034970d4fcb4', b'1');
INSERT INTO `CLIENT_SCOPE_CLIENT` (`CLIENT_ID`, `SCOPE_ID`, `DEFAULT_SCOPE`) VALUES('6d7ed351-badd-40e3-833f-aa5d041d3fe3', '697aa7cc-1e72-4477-9f76-05264324de5d', b'0');
INSERT INTO `CLIENT_SCOPE_CLIENT` (`CLIENT_ID`, `SCOPE_ID`, `DEFAULT_SCOPE`) VALUES('6d7ed351-badd-40e3-833f-aa5d041d3fe3', '8eb63c81-e51a-4a4f-8322-ceabb67485a7', b'1');
INSERT INTO `CLIENT_SCOPE_CLIENT` (`CLIENT_ID`, `SCOPE_ID`, `DEFAULT_SCOPE`) VALUES('6d7ed351-badd-40e3-833f-aa5d041d3fe3', 'c846b4db-877d-468f-98b7-059a6a83abca', b'1');
INSERT INTO `CLIENT_SCOPE_CLIENT` (`CLIENT_ID`, `SCOPE_ID`, `DEFAULT_SCOPE`) VALUES('8366d8af-a665-4f19-95d5-558f8d178519', '02aa6c9d-b12e-4afc-9f2b-8ac459fce845', b'1');
INSERT INTO `CLIENT_SCOPE_CLIENT` (`CLIENT_ID`, `SCOPE_ID`, `DEFAULT_SCOPE`) VALUES('8366d8af-a665-4f19-95d5-558f8d178519', '24c83f17-ad46-4548-8078-e3ad7b770280', b'0');
INSERT INTO `CLIENT_SCOPE_CLIENT` (`CLIENT_ID`, `SCOPE_ID`, `DEFAULT_SCOPE`) VALUES('8366d8af-a665-4f19-95d5-558f8d178519', '27ff3c26-da3d-4f5b-a02f-0150538e586e', b'0');
INSERT INTO `CLIENT_SCOPE_CLIENT` (`CLIENT_ID`, `SCOPE_ID`, `DEFAULT_SCOPE`) VALUES('8366d8af-a665-4f19-95d5-558f8d178519', '328cfa31-ff02-4b0c-bff1-8d7e9c916a98', b'1');
INSERT INTO `CLIENT_SCOPE_CLIENT` (`CLIENT_ID`, `SCOPE_ID`, `DEFAULT_SCOPE`) VALUES('8366d8af-a665-4f19-95d5-558f8d178519', '8a529876-ae0c-4e6f-a541-1f5d69b8401c', b'1');
INSERT INTO `CLIENT_SCOPE_CLIENT` (`CLIENT_ID`, `SCOPE_ID`, `DEFAULT_SCOPE`) VALUES('8366d8af-a665-4f19-95d5-558f8d178519', 'b8254efa-c132-4bc3-9d6f-8227517845f2', b'1');
INSERT INTO `CLIENT_SCOPE_CLIENT` (`CLIENT_ID`, `SCOPE_ID`, `DEFAULT_SCOPE`) VALUES('8366d8af-a665-4f19-95d5-558f8d178519', 'ea4d6cd9-e5e7-44f8-926f-ab640f7b31e8', b'0');
INSERT INTO `CLIENT_SCOPE_CLIENT` (`CLIENT_ID`, `SCOPE_ID`, `DEFAULT_SCOPE`) VALUES('8366d8af-a665-4f19-95d5-558f8d178519', 'fe0c1253-9bb7-4c3a-9aab-dc093ccc713a', b'0');
INSERT INTO `CLIENT_SCOPE_CLIENT` (`CLIENT_ID`, `SCOPE_ID`, `DEFAULT_SCOPE`) VALUES('8eb73012-440c-4d87-9a13-6e2c69617d75', '0411d69b-2fc9-49be-a7cc-298ab9e17032', b'0');
INSERT INTO `CLIENT_SCOPE_CLIENT` (`CLIENT_ID`, `SCOPE_ID`, `DEFAULT_SCOPE`) VALUES('8eb73012-440c-4d87-9a13-6e2c69617d75', '0f99a1ea-b1fa-435a-aaa5-c4f1f6ead0d1', b'1');
INSERT INTO `CLIENT_SCOPE_CLIENT` (`CLIENT_ID`, `SCOPE_ID`, `DEFAULT_SCOPE`) VALUES('8eb73012-440c-4d87-9a13-6e2c69617d75', '2c522681-4b24-4bbf-a5cb-1f575a012903', b'0');
INSERT INTO `CLIENT_SCOPE_CLIENT` (`CLIENT_ID`, `SCOPE_ID`, `DEFAULT_SCOPE`) VALUES('8eb73012-440c-4d87-9a13-6e2c69617d75', '3f7d577c-2bf2-4ac8-b8ec-1489910ece97', b'0');
INSERT INTO `CLIENT_SCOPE_CLIENT` (`CLIENT_ID`, `SCOPE_ID`, `DEFAULT_SCOPE`) VALUES('8eb73012-440c-4d87-9a13-6e2c69617d75', '57416cf1-18e5-4d41-8ecf-034970d4fcb4', b'1');
INSERT INTO `CLIENT_SCOPE_CLIENT` (`CLIENT_ID`, `SCOPE_ID`, `DEFAULT_SCOPE`) VALUES('8eb73012-440c-4d87-9a13-6e2c69617d75', '697aa7cc-1e72-4477-9f76-05264324de5d', b'0');
INSERT INTO `CLIENT_SCOPE_CLIENT` (`CLIENT_ID`, `SCOPE_ID`, `DEFAULT_SCOPE`) VALUES('8eb73012-440c-4d87-9a13-6e2c69617d75', '8eb63c81-e51a-4a4f-8322-ceabb67485a7', b'1');
INSERT INTO `CLIENT_SCOPE_CLIENT` (`CLIENT_ID`, `SCOPE_ID`, `DEFAULT_SCOPE`) VALUES('8eb73012-440c-4d87-9a13-6e2c69617d75', 'c846b4db-877d-468f-98b7-059a6a83abca', b'1');
INSERT INTO `CLIENT_SCOPE_CLIENT` (`CLIENT_ID`, `SCOPE_ID`, `DEFAULT_SCOPE`) VALUES('955173f2-d038-41eb-ba27-436ae182a2da', '1ea6de3d-d7a1-4312-aeb7-e63860bb9047', b'1');
INSERT INTO `CLIENT_SCOPE_CLIENT` (`CLIENT_ID`, `SCOPE_ID`, `DEFAULT_SCOPE`) VALUES('955173f2-d038-41eb-ba27-436ae182a2da', '51f1d912-7f39-4cdc-b7a1-08b610508778', b'1');
INSERT INTO `CLIENT_SCOPE_CLIENT` (`CLIENT_ID`, `SCOPE_ID`, `DEFAULT_SCOPE`) VALUES('955173f2-d038-41eb-ba27-436ae182a2da', '6f3d6b73-4d9d-4e93-9ccf-b5fa282e5c00', b'1');
INSERT INTO `CLIENT_SCOPE_CLIENT` (`CLIENT_ID`, `SCOPE_ID`, `DEFAULT_SCOPE`) VALUES('955173f2-d038-41eb-ba27-436ae182a2da', 'a8a7255e-2a69-40f4-bb89-6913d19d968b', b'0');
INSERT INTO `CLIENT_SCOPE_CLIENT` (`CLIENT_ID`, `SCOPE_ID`, `DEFAULT_SCOPE`) VALUES('955173f2-d038-41eb-ba27-436ae182a2da', 'c0ff7e2e-cb9f-455a-ad48-c3a62f70eb3a', b'0');
INSERT INTO `CLIENT_SCOPE_CLIENT` (`CLIENT_ID`, `SCOPE_ID`, `DEFAULT_SCOPE`) VALUES('955173f2-d038-41eb-ba27-436ae182a2da', 'e9960a90-1489-4a86-ba21-807b01cedb4e', b'1');
INSERT INTO `CLIENT_SCOPE_CLIENT` (`CLIENT_ID`, `SCOPE_ID`, `DEFAULT_SCOPE`) VALUES('955173f2-d038-41eb-ba27-436ae182a2da', 'eadb042c-0b98-45f5-aa04-c9785a617212', b'0');
INSERT INTO `CLIENT_SCOPE_CLIENT` (`CLIENT_ID`, `SCOPE_ID`, `DEFAULT_SCOPE`) VALUES('955173f2-d038-41eb-ba27-436ae182a2da', 'ff8b1ee3-737f-4757-b82b-08d333bf34d3', b'0');
INSERT INTO `CLIENT_SCOPE_CLIENT` (`CLIENT_ID`, `SCOPE_ID`, `DEFAULT_SCOPE`) VALUES('9776dcf2-c359-438e-9117-c74c736994bd', '15fc8161-70e5-4848-b078-f686ed78c8f9', b'0');
INSERT INTO `CLIENT_SCOPE_CLIENT` (`CLIENT_ID`, `SCOPE_ID`, `DEFAULT_SCOPE`) VALUES('9776dcf2-c359-438e-9117-c74c736994bd', '2d5f0af5-e6ae-4411-80cb-12b8a18a23cf', b'1');
INSERT INTO `CLIENT_SCOPE_CLIENT` (`CLIENT_ID`, `SCOPE_ID`, `DEFAULT_SCOPE`) VALUES('9776dcf2-c359-438e-9117-c74c736994bd', '3d863fdf-b7bb-45fc-be7a-07b27512b53d', b'1');
INSERT INTO `CLIENT_SCOPE_CLIENT` (`CLIENT_ID`, `SCOPE_ID`, `DEFAULT_SCOPE`) VALUES('9776dcf2-c359-438e-9117-c74c736994bd', '5f287cae-1e91-4552-8fee-463c80acf42c', b'1');
INSERT INTO `CLIENT_SCOPE_CLIENT` (`CLIENT_ID`, `SCOPE_ID`, `DEFAULT_SCOPE`) VALUES('9776dcf2-c359-438e-9117-c74c736994bd', '9794822e-acab-41a1-9fdd-1e3677852ef3', b'0');
INSERT INTO `CLIENT_SCOPE_CLIENT` (`CLIENT_ID`, `SCOPE_ID`, `DEFAULT_SCOPE`) VALUES('9776dcf2-c359-438e-9117-c74c736994bd', 'c243d721-0cf1-4755-b530-06f3577f05f9', b'0');
INSERT INTO `CLIENT_SCOPE_CLIENT` (`CLIENT_ID`, `SCOPE_ID`, `DEFAULT_SCOPE`) VALUES('9776dcf2-c359-438e-9117-c74c736994bd', 'd4256bca-0178-4af6-a538-6fac9339a4a5', b'1');
INSERT INTO `CLIENT_SCOPE_CLIENT` (`CLIENT_ID`, `SCOPE_ID`, `DEFAULT_SCOPE`) VALUES('9776dcf2-c359-438e-9117-c74c736994bd', 'e9814c10-e9b1-4603-a67c-b4b5fcc3991c', b'0');
INSERT INTO `CLIENT_SCOPE_CLIENT` (`CLIENT_ID`, `SCOPE_ID`, `DEFAULT_SCOPE`) VALUES('a17811e5-8ed8-4152-972c-8148cbc40894', '0411d69b-2fc9-49be-a7cc-298ab9e17032', b'0');
INSERT INTO `CLIENT_SCOPE_CLIENT` (`CLIENT_ID`, `SCOPE_ID`, `DEFAULT_SCOPE`) VALUES('a17811e5-8ed8-4152-972c-8148cbc40894', '0f99a1ea-b1fa-435a-aaa5-c4f1f6ead0d1', b'1');
INSERT INTO `CLIENT_SCOPE_CLIENT` (`CLIENT_ID`, `SCOPE_ID`, `DEFAULT_SCOPE`) VALUES('a17811e5-8ed8-4152-972c-8148cbc40894', '2c522681-4b24-4bbf-a5cb-1f575a012903', b'0');
INSERT INTO `CLIENT_SCOPE_CLIENT` (`CLIENT_ID`, `SCOPE_ID`, `DEFAULT_SCOPE`) VALUES('a17811e5-8ed8-4152-972c-8148cbc40894', '3f7d577c-2bf2-4ac8-b8ec-1489910ece97', b'0');
INSERT INTO `CLIENT_SCOPE_CLIENT` (`CLIENT_ID`, `SCOPE_ID`, `DEFAULT_SCOPE`) VALUES('a17811e5-8ed8-4152-972c-8148cbc40894', '57416cf1-18e5-4d41-8ecf-034970d4fcb4', b'1');
INSERT INTO `CLIENT_SCOPE_CLIENT` (`CLIENT_ID`, `SCOPE_ID`, `DEFAULT_SCOPE`) VALUES('a17811e5-8ed8-4152-972c-8148cbc40894', '697aa7cc-1e72-4477-9f76-05264324de5d', b'0');
INSERT INTO `CLIENT_SCOPE_CLIENT` (`CLIENT_ID`, `SCOPE_ID`, `DEFAULT_SCOPE`) VALUES('a17811e5-8ed8-4152-972c-8148cbc40894', '8eb63c81-e51a-4a4f-8322-ceabb67485a7', b'1');
INSERT INTO `CLIENT_SCOPE_CLIENT` (`CLIENT_ID`, `SCOPE_ID`, `DEFAULT_SCOPE`) VALUES('a17811e5-8ed8-4152-972c-8148cbc40894', 'c846b4db-877d-468f-98b7-059a6a83abca', b'1');
INSERT INTO `CLIENT_SCOPE_CLIENT` (`CLIENT_ID`, `SCOPE_ID`, `DEFAULT_SCOPE`) VALUES('aec94d56-647f-4ba7-b90c-75360f7248ce', '1ea6de3d-d7a1-4312-aeb7-e63860bb9047', b'1');
INSERT INTO `CLIENT_SCOPE_CLIENT` (`CLIENT_ID`, `SCOPE_ID`, `DEFAULT_SCOPE`) VALUES('aec94d56-647f-4ba7-b90c-75360f7248ce', '51f1d912-7f39-4cdc-b7a1-08b610508778', b'1');
INSERT INTO `CLIENT_SCOPE_CLIENT` (`CLIENT_ID`, `SCOPE_ID`, `DEFAULT_SCOPE`) VALUES('aec94d56-647f-4ba7-b90c-75360f7248ce', '6f3d6b73-4d9d-4e93-9ccf-b5fa282e5c00', b'1');
INSERT INTO `CLIENT_SCOPE_CLIENT` (`CLIENT_ID`, `SCOPE_ID`, `DEFAULT_SCOPE`) VALUES('aec94d56-647f-4ba7-b90c-75360f7248ce', 'a8a7255e-2a69-40f4-bb89-6913d19d968b', b'0');
INSERT INTO `CLIENT_SCOPE_CLIENT` (`CLIENT_ID`, `SCOPE_ID`, `DEFAULT_SCOPE`) VALUES('aec94d56-647f-4ba7-b90c-75360f7248ce', 'c0ff7e2e-cb9f-455a-ad48-c3a62f70eb3a', b'0');
INSERT INTO `CLIENT_SCOPE_CLIENT` (`CLIENT_ID`, `SCOPE_ID`, `DEFAULT_SCOPE`) VALUES('aec94d56-647f-4ba7-b90c-75360f7248ce', 'e9960a90-1489-4a86-ba21-807b01cedb4e', b'1');
INSERT INTO `CLIENT_SCOPE_CLIENT` (`CLIENT_ID`, `SCOPE_ID`, `DEFAULT_SCOPE`) VALUES('aec94d56-647f-4ba7-b90c-75360f7248ce', 'eadb042c-0b98-45f5-aa04-c9785a617212', b'0');
INSERT INTO `CLIENT_SCOPE_CLIENT` (`CLIENT_ID`, `SCOPE_ID`, `DEFAULT_SCOPE`) VALUES('aec94d56-647f-4ba7-b90c-75360f7248ce', 'ff8b1ee3-737f-4757-b82b-08d333bf34d3', b'0');
INSERT INTO `CLIENT_SCOPE_CLIENT` (`CLIENT_ID`, `SCOPE_ID`, `DEFAULT_SCOPE`) VALUES('b6e3d4d5-d802-439f-9be9-760232c3ec6a', '02aa6c9d-b12e-4afc-9f2b-8ac459fce845', b'1');
INSERT INTO `CLIENT_SCOPE_CLIENT` (`CLIENT_ID`, `SCOPE_ID`, `DEFAULT_SCOPE`) VALUES('b6e3d4d5-d802-439f-9be9-760232c3ec6a', '24c83f17-ad46-4548-8078-e3ad7b770280', b'0');
INSERT INTO `CLIENT_SCOPE_CLIENT` (`CLIENT_ID`, `SCOPE_ID`, `DEFAULT_SCOPE`) VALUES('b6e3d4d5-d802-439f-9be9-760232c3ec6a', '27ff3c26-da3d-4f5b-a02f-0150538e586e', b'0');
INSERT INTO `CLIENT_SCOPE_CLIENT` (`CLIENT_ID`, `SCOPE_ID`, `DEFAULT_SCOPE`) VALUES('b6e3d4d5-d802-439f-9be9-760232c3ec6a', '328cfa31-ff02-4b0c-bff1-8d7e9c916a98', b'1');
INSERT INTO `CLIENT_SCOPE_CLIENT` (`CLIENT_ID`, `SCOPE_ID`, `DEFAULT_SCOPE`) VALUES('b6e3d4d5-d802-439f-9be9-760232c3ec6a', '8a529876-ae0c-4e6f-a541-1f5d69b8401c', b'1');
INSERT INTO `CLIENT_SCOPE_CLIENT` (`CLIENT_ID`, `SCOPE_ID`, `DEFAULT_SCOPE`) VALUES('b6e3d4d5-d802-439f-9be9-760232c3ec6a', 'b8254efa-c132-4bc3-9d6f-8227517845f2', b'1');
INSERT INTO `CLIENT_SCOPE_CLIENT` (`CLIENT_ID`, `SCOPE_ID`, `DEFAULT_SCOPE`) VALUES('b6e3d4d5-d802-439f-9be9-760232c3ec6a', 'ea4d6cd9-e5e7-44f8-926f-ab640f7b31e8', b'0');
INSERT INTO `CLIENT_SCOPE_CLIENT` (`CLIENT_ID`, `SCOPE_ID`, `DEFAULT_SCOPE`) VALUES('b6e3d4d5-d802-439f-9be9-760232c3ec6a', 'fe0c1253-9bb7-4c3a-9aab-dc093ccc713a', b'0');
INSERT INTO `CLIENT_SCOPE_CLIENT` (`CLIENT_ID`, `SCOPE_ID`, `DEFAULT_SCOPE`) VALUES('b9044e4f-9888-4b65-814c-c7dc91a8fa35', '1ea6de3d-d7a1-4312-aeb7-e63860bb9047', b'1');
INSERT INTO `CLIENT_SCOPE_CLIENT` (`CLIENT_ID`, `SCOPE_ID`, `DEFAULT_SCOPE`) VALUES('b9044e4f-9888-4b65-814c-c7dc91a8fa35', '51f1d912-7f39-4cdc-b7a1-08b610508778', b'1');
INSERT INTO `CLIENT_SCOPE_CLIENT` (`CLIENT_ID`, `SCOPE_ID`, `DEFAULT_SCOPE`) VALUES('b9044e4f-9888-4b65-814c-c7dc91a8fa35', '6f3d6b73-4d9d-4e93-9ccf-b5fa282e5c00', b'1');
INSERT INTO `CLIENT_SCOPE_CLIENT` (`CLIENT_ID`, `SCOPE_ID`, `DEFAULT_SCOPE`) VALUES('b9044e4f-9888-4b65-814c-c7dc91a8fa35', 'a8a7255e-2a69-40f4-bb89-6913d19d968b', b'0');
INSERT INTO `CLIENT_SCOPE_CLIENT` (`CLIENT_ID`, `SCOPE_ID`, `DEFAULT_SCOPE`) VALUES('b9044e4f-9888-4b65-814c-c7dc91a8fa35', 'c0ff7e2e-cb9f-455a-ad48-c3a62f70eb3a', b'0');
INSERT INTO `CLIENT_SCOPE_CLIENT` (`CLIENT_ID`, `SCOPE_ID`, `DEFAULT_SCOPE`) VALUES('b9044e4f-9888-4b65-814c-c7dc91a8fa35', 'e9960a90-1489-4a86-ba21-807b01cedb4e', b'1');
INSERT INTO `CLIENT_SCOPE_CLIENT` (`CLIENT_ID`, `SCOPE_ID`, `DEFAULT_SCOPE`) VALUES('b9044e4f-9888-4b65-814c-c7dc91a8fa35', 'eadb042c-0b98-45f5-aa04-c9785a617212', b'0');
INSERT INTO `CLIENT_SCOPE_CLIENT` (`CLIENT_ID`, `SCOPE_ID`, `DEFAULT_SCOPE`) VALUES('b9044e4f-9888-4b65-814c-c7dc91a8fa35', 'ff8b1ee3-737f-4757-b82b-08d333bf34d3', b'0');
INSERT INTO `CLIENT_SCOPE_CLIENT` (`CLIENT_ID`, `SCOPE_ID`, `DEFAULT_SCOPE`) VALUES('b9ba5583-6313-4b30-a6f0-61e137f55a66', '0411d69b-2fc9-49be-a7cc-298ab9e17032', b'0');
INSERT INTO `CLIENT_SCOPE_CLIENT` (`CLIENT_ID`, `SCOPE_ID`, `DEFAULT_SCOPE`) VALUES('b9ba5583-6313-4b30-a6f0-61e137f55a66', '0f99a1ea-b1fa-435a-aaa5-c4f1f6ead0d1', b'1');
INSERT INTO `CLIENT_SCOPE_CLIENT` (`CLIENT_ID`, `SCOPE_ID`, `DEFAULT_SCOPE`) VALUES('b9ba5583-6313-4b30-a6f0-61e137f55a66', '2c522681-4b24-4bbf-a5cb-1f575a012903', b'0');
INSERT INTO `CLIENT_SCOPE_CLIENT` (`CLIENT_ID`, `SCOPE_ID`, `DEFAULT_SCOPE`) VALUES('b9ba5583-6313-4b30-a6f0-61e137f55a66', '3f7d577c-2bf2-4ac8-b8ec-1489910ece97', b'0');
INSERT INTO `CLIENT_SCOPE_CLIENT` (`CLIENT_ID`, `SCOPE_ID`, `DEFAULT_SCOPE`) VALUES('b9ba5583-6313-4b30-a6f0-61e137f55a66', '57416cf1-18e5-4d41-8ecf-034970d4fcb4', b'1');
INSERT INTO `CLIENT_SCOPE_CLIENT` (`CLIENT_ID`, `SCOPE_ID`, `DEFAULT_SCOPE`) VALUES('b9ba5583-6313-4b30-a6f0-61e137f55a66', '697aa7cc-1e72-4477-9f76-05264324de5d', b'0');
INSERT INTO `CLIENT_SCOPE_CLIENT` (`CLIENT_ID`, `SCOPE_ID`, `DEFAULT_SCOPE`) VALUES('b9ba5583-6313-4b30-a6f0-61e137f55a66', '8eb63c81-e51a-4a4f-8322-ceabb67485a7', b'1');
INSERT INTO `CLIENT_SCOPE_CLIENT` (`CLIENT_ID`, `SCOPE_ID`, `DEFAULT_SCOPE`) VALUES('b9ba5583-6313-4b30-a6f0-61e137f55a66', 'c846b4db-877d-468f-98b7-059a6a83abca', b'1');
INSERT INTO `CLIENT_SCOPE_CLIENT` (`CLIENT_ID`, `SCOPE_ID`, `DEFAULT_SCOPE`) VALUES('baba616f-01c4-43c4-b563-075a5ef8c394', '0411d69b-2fc9-49be-a7cc-298ab9e17032', b'0');
INSERT INTO `CLIENT_SCOPE_CLIENT` (`CLIENT_ID`, `SCOPE_ID`, `DEFAULT_SCOPE`) VALUES('baba616f-01c4-43c4-b563-075a5ef8c394', '0f99a1ea-b1fa-435a-aaa5-c4f1f6ead0d1', b'1');
INSERT INTO `CLIENT_SCOPE_CLIENT` (`CLIENT_ID`, `SCOPE_ID`, `DEFAULT_SCOPE`) VALUES('baba616f-01c4-43c4-b563-075a5ef8c394', '2c522681-4b24-4bbf-a5cb-1f575a012903', b'0');
INSERT INTO `CLIENT_SCOPE_CLIENT` (`CLIENT_ID`, `SCOPE_ID`, `DEFAULT_SCOPE`) VALUES('baba616f-01c4-43c4-b563-075a5ef8c394', '3f7d577c-2bf2-4ac8-b8ec-1489910ece97', b'0');
INSERT INTO `CLIENT_SCOPE_CLIENT` (`CLIENT_ID`, `SCOPE_ID`, `DEFAULT_SCOPE`) VALUES('baba616f-01c4-43c4-b563-075a5ef8c394', '57416cf1-18e5-4d41-8ecf-034970d4fcb4', b'1');
INSERT INTO `CLIENT_SCOPE_CLIENT` (`CLIENT_ID`, `SCOPE_ID`, `DEFAULT_SCOPE`) VALUES('baba616f-01c4-43c4-b563-075a5ef8c394', '697aa7cc-1e72-4477-9f76-05264324de5d', b'0');
INSERT INTO `CLIENT_SCOPE_CLIENT` (`CLIENT_ID`, `SCOPE_ID`, `DEFAULT_SCOPE`) VALUES('baba616f-01c4-43c4-b563-075a5ef8c394', '8eb63c81-e51a-4a4f-8322-ceabb67485a7', b'1');
INSERT INTO `CLIENT_SCOPE_CLIENT` (`CLIENT_ID`, `SCOPE_ID`, `DEFAULT_SCOPE`) VALUES('baba616f-01c4-43c4-b563-075a5ef8c394', 'c846b4db-877d-468f-98b7-059a6a83abca', b'1');
INSERT INTO `CLIENT_SCOPE_CLIENT` (`CLIENT_ID`, `SCOPE_ID`, `DEFAULT_SCOPE`) VALUES('e57c7cfa-8d1a-4de9-9fcc-cfa9a87956c0', '02aa6c9d-b12e-4afc-9f2b-8ac459fce845', b'1');
INSERT INTO `CLIENT_SCOPE_CLIENT` (`CLIENT_ID`, `SCOPE_ID`, `DEFAULT_SCOPE`) VALUES('e57c7cfa-8d1a-4de9-9fcc-cfa9a87956c0', '24c83f17-ad46-4548-8078-e3ad7b770280', b'0');
INSERT INTO `CLIENT_SCOPE_CLIENT` (`CLIENT_ID`, `SCOPE_ID`, `DEFAULT_SCOPE`) VALUES('e57c7cfa-8d1a-4de9-9fcc-cfa9a87956c0', '27ff3c26-da3d-4f5b-a02f-0150538e586e', b'0');
INSERT INTO `CLIENT_SCOPE_CLIENT` (`CLIENT_ID`, `SCOPE_ID`, `DEFAULT_SCOPE`) VALUES('e57c7cfa-8d1a-4de9-9fcc-cfa9a87956c0', '328cfa31-ff02-4b0c-bff1-8d7e9c916a98', b'1');
INSERT INTO `CLIENT_SCOPE_CLIENT` (`CLIENT_ID`, `SCOPE_ID`, `DEFAULT_SCOPE`) VALUES('e57c7cfa-8d1a-4de9-9fcc-cfa9a87956c0', '8a529876-ae0c-4e6f-a541-1f5d69b8401c', b'1');
INSERT INTO `CLIENT_SCOPE_CLIENT` (`CLIENT_ID`, `SCOPE_ID`, `DEFAULT_SCOPE`) VALUES('e57c7cfa-8d1a-4de9-9fcc-cfa9a87956c0', 'b8254efa-c132-4bc3-9d6f-8227517845f2', b'1');
INSERT INTO `CLIENT_SCOPE_CLIENT` (`CLIENT_ID`, `SCOPE_ID`, `DEFAULT_SCOPE`) VALUES('e57c7cfa-8d1a-4de9-9fcc-cfa9a87956c0', 'ea4d6cd9-e5e7-44f8-926f-ab640f7b31e8', b'0');
INSERT INTO `CLIENT_SCOPE_CLIENT` (`CLIENT_ID`, `SCOPE_ID`, `DEFAULT_SCOPE`) VALUES('e57c7cfa-8d1a-4de9-9fcc-cfa9a87956c0', 'fe0c1253-9bb7-4c3a-9aab-dc093ccc713a', b'0');
INSERT INTO `CLIENT_SCOPE_CLIENT` (`CLIENT_ID`, `SCOPE_ID`, `DEFAULT_SCOPE`) VALUES('e5e864b0-8e37-4183-8411-c8188d18e903', '0411d69b-2fc9-49be-a7cc-298ab9e17032', b'0');
INSERT INTO `CLIENT_SCOPE_CLIENT` (`CLIENT_ID`, `SCOPE_ID`, `DEFAULT_SCOPE`) VALUES('e5e864b0-8e37-4183-8411-c8188d18e903', '0f99a1ea-b1fa-435a-aaa5-c4f1f6ead0d1', b'1');
INSERT INTO `CLIENT_SCOPE_CLIENT` (`CLIENT_ID`, `SCOPE_ID`, `DEFAULT_SCOPE`) VALUES('e5e864b0-8e37-4183-8411-c8188d18e903', '2c522681-4b24-4bbf-a5cb-1f575a012903', b'0');
INSERT INTO `CLIENT_SCOPE_CLIENT` (`CLIENT_ID`, `SCOPE_ID`, `DEFAULT_SCOPE`) VALUES('e5e864b0-8e37-4183-8411-c8188d18e903', '3f7d577c-2bf2-4ac8-b8ec-1489910ece97', b'0');
INSERT INTO `CLIENT_SCOPE_CLIENT` (`CLIENT_ID`, `SCOPE_ID`, `DEFAULT_SCOPE`) VALUES('e5e864b0-8e37-4183-8411-c8188d18e903', '57416cf1-18e5-4d41-8ecf-034970d4fcb4', b'1');
INSERT INTO `CLIENT_SCOPE_CLIENT` (`CLIENT_ID`, `SCOPE_ID`, `DEFAULT_SCOPE`) VALUES('e5e864b0-8e37-4183-8411-c8188d18e903', '697aa7cc-1e72-4477-9f76-05264324de5d', b'0');
INSERT INTO `CLIENT_SCOPE_CLIENT` (`CLIENT_ID`, `SCOPE_ID`, `DEFAULT_SCOPE`) VALUES('e5e864b0-8e37-4183-8411-c8188d18e903', '8eb63c81-e51a-4a4f-8322-ceabb67485a7', b'1');
INSERT INTO `CLIENT_SCOPE_CLIENT` (`CLIENT_ID`, `SCOPE_ID`, `DEFAULT_SCOPE`) VALUES('e5e864b0-8e37-4183-8411-c8188d18e903', 'c846b4db-877d-468f-98b7-059a6a83abca', b'1');
INSERT INTO `CLIENT_SCOPE_CLIENT` (`CLIENT_ID`, `SCOPE_ID`, `DEFAULT_SCOPE`) VALUES('f1f6538d-9e40-48b7-b6d6-0bf28778a482', '15fc8161-70e5-4848-b078-f686ed78c8f9', b'0');
INSERT INTO `CLIENT_SCOPE_CLIENT` (`CLIENT_ID`, `SCOPE_ID`, `DEFAULT_SCOPE`) VALUES('f1f6538d-9e40-48b7-b6d6-0bf28778a482', '2d5f0af5-e6ae-4411-80cb-12b8a18a23cf', b'1');
INSERT INTO `CLIENT_SCOPE_CLIENT` (`CLIENT_ID`, `SCOPE_ID`, `DEFAULT_SCOPE`) VALUES('f1f6538d-9e40-48b7-b6d6-0bf28778a482', '3d863fdf-b7bb-45fc-be7a-07b27512b53d', b'1');
INSERT INTO `CLIENT_SCOPE_CLIENT` (`CLIENT_ID`, `SCOPE_ID`, `DEFAULT_SCOPE`) VALUES('f1f6538d-9e40-48b7-b6d6-0bf28778a482', '5f287cae-1e91-4552-8fee-463c80acf42c', b'1');
INSERT INTO `CLIENT_SCOPE_CLIENT` (`CLIENT_ID`, `SCOPE_ID`, `DEFAULT_SCOPE`) VALUES('f1f6538d-9e40-48b7-b6d6-0bf28778a482', '9794822e-acab-41a1-9fdd-1e3677852ef3', b'0');
INSERT INTO `CLIENT_SCOPE_CLIENT` (`CLIENT_ID`, `SCOPE_ID`, `DEFAULT_SCOPE`) VALUES('f1f6538d-9e40-48b7-b6d6-0bf28778a482', 'c243d721-0cf1-4755-b530-06f3577f05f9', b'0');
INSERT INTO `CLIENT_SCOPE_CLIENT` (`CLIENT_ID`, `SCOPE_ID`, `DEFAULT_SCOPE`) VALUES('f1f6538d-9e40-48b7-b6d6-0bf28778a482', 'd4256bca-0178-4af6-a538-6fac9339a4a5', b'1');
INSERT INTO `CLIENT_SCOPE_CLIENT` (`CLIENT_ID`, `SCOPE_ID`, `DEFAULT_SCOPE`) VALUES('f1f6538d-9e40-48b7-b6d6-0bf28778a482', 'e9814c10-e9b1-4603-a67c-b4b5fcc3991c', b'0');
INSERT INTO `CLIENT_SCOPE_CLIENT` (`CLIENT_ID`, `SCOPE_ID`, `DEFAULT_SCOPE`) VALUES('f67208be-79d2-46a2-8dc3-733a546bd1e7', '02aa6c9d-b12e-4afc-9f2b-8ac459fce845', b'1');
INSERT INTO `CLIENT_SCOPE_CLIENT` (`CLIENT_ID`, `SCOPE_ID`, `DEFAULT_SCOPE`) VALUES('f67208be-79d2-46a2-8dc3-733a546bd1e7', '24c83f17-ad46-4548-8078-e3ad7b770280', b'0');
INSERT INTO `CLIENT_SCOPE_CLIENT` (`CLIENT_ID`, `SCOPE_ID`, `DEFAULT_SCOPE`) VALUES('f67208be-79d2-46a2-8dc3-733a546bd1e7', '27ff3c26-da3d-4f5b-a02f-0150538e586e', b'0');
INSERT INTO `CLIENT_SCOPE_CLIENT` (`CLIENT_ID`, `SCOPE_ID`, `DEFAULT_SCOPE`) VALUES('f67208be-79d2-46a2-8dc3-733a546bd1e7', '328cfa31-ff02-4b0c-bff1-8d7e9c916a98', b'1');
INSERT INTO `CLIENT_SCOPE_CLIENT` (`CLIENT_ID`, `SCOPE_ID`, `DEFAULT_SCOPE`) VALUES('f67208be-79d2-46a2-8dc3-733a546bd1e7', '8a529876-ae0c-4e6f-a541-1f5d69b8401c', b'1');
INSERT INTO `CLIENT_SCOPE_CLIENT` (`CLIENT_ID`, `SCOPE_ID`, `DEFAULT_SCOPE`) VALUES('f67208be-79d2-46a2-8dc3-733a546bd1e7', 'b8254efa-c132-4bc3-9d6f-8227517845f2', b'1');
INSERT INTO `CLIENT_SCOPE_CLIENT` (`CLIENT_ID`, `SCOPE_ID`, `DEFAULT_SCOPE`) VALUES('f67208be-79d2-46a2-8dc3-733a546bd1e7', 'ea4d6cd9-e5e7-44f8-926f-ab640f7b31e8', b'0');
INSERT INTO `CLIENT_SCOPE_CLIENT` (`CLIENT_ID`, `SCOPE_ID`, `DEFAULT_SCOPE`) VALUES('f67208be-79d2-46a2-8dc3-733a546bd1e7', 'fe0c1253-9bb7-4c3a-9aab-dc093ccc713a', b'0');
INSERT INTO `CLIENT_SCOPE_CLIENT` (`CLIENT_ID`, `SCOPE_ID`, `DEFAULT_SCOPE`) VALUES('fbae2ee7-7a42-49a0-924f-6e42d687e2e5', '1ea6de3d-d7a1-4312-aeb7-e63860bb9047', b'1');
INSERT INTO `CLIENT_SCOPE_CLIENT` (`CLIENT_ID`, `SCOPE_ID`, `DEFAULT_SCOPE`) VALUES('fbae2ee7-7a42-49a0-924f-6e42d687e2e5', '51f1d912-7f39-4cdc-b7a1-08b610508778', b'1');
INSERT INTO `CLIENT_SCOPE_CLIENT` (`CLIENT_ID`, `SCOPE_ID`, `DEFAULT_SCOPE`) VALUES('fbae2ee7-7a42-49a0-924f-6e42d687e2e5', '6f3d6b73-4d9d-4e93-9ccf-b5fa282e5c00', b'1');
INSERT INTO `CLIENT_SCOPE_CLIENT` (`CLIENT_ID`, `SCOPE_ID`, `DEFAULT_SCOPE`) VALUES('fbae2ee7-7a42-49a0-924f-6e42d687e2e5', 'a8a7255e-2a69-40f4-bb89-6913d19d968b', b'0');
INSERT INTO `CLIENT_SCOPE_CLIENT` (`CLIENT_ID`, `SCOPE_ID`, `DEFAULT_SCOPE`) VALUES('fbae2ee7-7a42-49a0-924f-6e42d687e2e5', 'c0ff7e2e-cb9f-455a-ad48-c3a62f70eb3a', b'0');
INSERT INTO `CLIENT_SCOPE_CLIENT` (`CLIENT_ID`, `SCOPE_ID`, `DEFAULT_SCOPE`) VALUES('fbae2ee7-7a42-49a0-924f-6e42d687e2e5', 'e9960a90-1489-4a86-ba21-807b01cedb4e', b'1');
INSERT INTO `CLIENT_SCOPE_CLIENT` (`CLIENT_ID`, `SCOPE_ID`, `DEFAULT_SCOPE`) VALUES('fbae2ee7-7a42-49a0-924f-6e42d687e2e5', 'eadb042c-0b98-45f5-aa04-c9785a617212', b'0');
INSERT INTO `CLIENT_SCOPE_CLIENT` (`CLIENT_ID`, `SCOPE_ID`, `DEFAULT_SCOPE`) VALUES('fbae2ee7-7a42-49a0-924f-6e42d687e2e5', 'ff8b1ee3-737f-4757-b82b-08d333bf34d3', b'0');

DROP TABLE IF EXISTS `CLIENT_SCOPE_ROLE_MAPPING`;
CREATE TABLE `CLIENT_SCOPE_ROLE_MAPPING` (
  `SCOPE_ID` varchar(36) NOT NULL,
  `ROLE_ID` varchar(36) NOT NULL
) ENGINE=InnoDB DEFAULT CHARSET=utf8;

INSERT INTO `CLIENT_SCOPE_ROLE_MAPPING` (`SCOPE_ID`, `ROLE_ID`) VALUES('0411d69b-2fc9-49be-a7cc-298ab9e17032', '4b73101f-e617-4293-99c3-001698f9e50b');
INSERT INTO `CLIENT_SCOPE_ROLE_MAPPING` (`SCOPE_ID`, `ROLE_ID`) VALUES('27ff3c26-da3d-4f5b-a02f-0150538e586e', '26414f6d-df53-4e86-80bf-ed17c4ec8e6d');
INSERT INTO `CLIENT_SCOPE_ROLE_MAPPING` (`SCOPE_ID`, `ROLE_ID`) VALUES('9794822e-acab-41a1-9fdd-1e3677852ef3', 'c63d801a-1516-4709-a641-b31130588a79');
INSERT INTO `CLIENT_SCOPE_ROLE_MAPPING` (`SCOPE_ID`, `ROLE_ID`) VALUES('eadb042c-0b98-45f5-aa04-c9785a617212', 'd6a477b4-0366-4577-ad8f-9a05dbe846c6');

DROP TABLE IF EXISTS `CLIENT_SESSION`;
CREATE TABLE `CLIENT_SESSION` (
  `ID` varchar(36) NOT NULL,
  `CLIENT_ID` varchar(36) DEFAULT NULL,
  `REDIRECT_URI` varchar(255) DEFAULT NULL,
  `STATE` varchar(255) DEFAULT NULL,
  `TIMESTAMP` int(11) DEFAULT NULL,
  `SESSION_ID` varchar(36) DEFAULT NULL,
  `AUTH_METHOD` varchar(255) DEFAULT NULL,
  `REALM_ID` varchar(255) DEFAULT NULL,
  `AUTH_USER_ID` varchar(36) DEFAULT NULL,
  `CURRENT_ACTION` varchar(36) DEFAULT NULL
) ENGINE=InnoDB DEFAULT CHARSET=utf8;

DROP TABLE IF EXISTS `CLIENT_SESSION_AUTH_STATUS`;
CREATE TABLE `CLIENT_SESSION_AUTH_STATUS` (
  `AUTHENTICATOR` varchar(36) NOT NULL,
  `STATUS` int(11) DEFAULT NULL,
  `CLIENT_SESSION` varchar(36) NOT NULL
) ENGINE=InnoDB DEFAULT CHARSET=utf8;

DROP TABLE IF EXISTS `CLIENT_SESSION_NOTE`;
CREATE TABLE `CLIENT_SESSION_NOTE` (
  `NAME` varchar(255) NOT NULL,
  `VALUE` varchar(255) DEFAULT NULL,
  `CLIENT_SESSION` varchar(36) NOT NULL
) ENGINE=InnoDB DEFAULT CHARSET=utf8;

DROP TABLE IF EXISTS `CLIENT_SESSION_PROT_MAPPER`;
CREATE TABLE `CLIENT_SESSION_PROT_MAPPER` (
  `PROTOCOL_MAPPER_ID` varchar(36) NOT NULL,
  `CLIENT_SESSION` varchar(36) NOT NULL
) ENGINE=InnoDB DEFAULT CHARSET=utf8;

DROP TABLE IF EXISTS `CLIENT_SESSION_ROLE`;
CREATE TABLE `CLIENT_SESSION_ROLE` (
  `ROLE_ID` varchar(255) NOT NULL,
  `CLIENT_SESSION` varchar(36) NOT NULL
) ENGINE=InnoDB DEFAULT CHARSET=utf8;

DROP TABLE IF EXISTS `CLIENT_USER_SESSION_NOTE`;
CREATE TABLE `CLIENT_USER_SESSION_NOTE` (
  `NAME` varchar(255) NOT NULL,
  `VALUE` text DEFAULT NULL,
  `CLIENT_SESSION` varchar(36) NOT NULL
) ENGINE=InnoDB DEFAULT CHARSET=utf8;

DROP TABLE IF EXISTS `COMPONENT`;
CREATE TABLE `COMPONENT` (
  `ID` varchar(36) NOT NULL,
  `NAME` varchar(255) DEFAULT NULL,
  `PARENT_ID` varchar(36) DEFAULT NULL,
  `PROVIDER_ID` varchar(36) DEFAULT NULL,
  `PROVIDER_TYPE` varchar(255) DEFAULT NULL,
  `REALM_ID` varchar(36) DEFAULT NULL,
  `SUB_TYPE` varchar(255) DEFAULT NULL
) ENGINE=InnoDB DEFAULT CHARSET=utf8;

INSERT INTO `COMPONENT` (`ID`, `NAME`, `PARENT_ID`, `PROVIDER_ID`, `PROVIDER_TYPE`, `REALM_ID`, `SUB_TYPE`) VALUES('004294e6-e026-4139-bb82-ef9c2a28634a', 'Allowed Protocol Mapper Types', 'master', 'allowed-protocol-mappers', 'org.keycloak.services.clientregistration.policy.ClientRegistrationPolicy', 'master', 'authenticated');
INSERT INTO `COMPONENT` (`ID`, `NAME`, `PARENT_ID`, `PROVIDER_ID`, `PROVIDER_TYPE`, `REALM_ID`, `SUB_TYPE`) VALUES('02ec5087-fc4d-4290-a088-92d3dc1a4c33', 'rsa-generated', 'marvel', 'rsa-generated', 'org.keycloak.keys.KeyProvider', 'marvel', NULL);
INSERT INTO `COMPONENT` (`ID`, `NAME`, `PARENT_ID`, `PROVIDER_ID`, `PROVIDER_TYPE`, `REALM_ID`, `SUB_TYPE`) VALUES('04f7b094-cfc9-46b1-930d-f06198db380b', 'Trusted Hosts', 'master', 'trusted-hosts', 'org.keycloak.services.clientregistration.policy.ClientRegistrationPolicy', 'master', 'anonymous');
INSERT INTO `COMPONENT` (`ID`, `NAME`, `PARENT_ID`, `PROVIDER_ID`, `PROVIDER_TYPE`, `REALM_ID`, `SUB_TYPE`) VALUES('0869ccac-5d6f-4edc-916d-e8b441de0e07', 'Allowed Client Scopes', 'marvel', 'allowed-client-templates', 'org.keycloak.services.clientregistration.policy.ClientRegistrationPolicy', 'marvel', 'authenticated');
INSERT INTO `COMPONENT` (`ID`, `NAME`, `PARENT_ID`, `PROVIDER_ID`, `PROVIDER_TYPE`, `REALM_ID`, `SUB_TYPE`) VALUES('08fbbb17-2de2-4936-9cff-ad68d2773e57', 'Allowed Client Scopes', 'master', 'allowed-client-templates', 'org.keycloak.services.clientregistration.policy.ClientRegistrationPolicy', 'master', 'authenticated');
INSERT INTO `COMPONENT` (`ID`, `NAME`, `PARENT_ID`, `PROVIDER_ID`, `PROVIDER_TYPE`, `REALM_ID`, `SUB_TYPE`) VALUES('11a24239-2d49-44b5-9a3f-d2c9528e488c', 'Allowed Protocol Mapper Types', 'galaxy', 'allowed-protocol-mappers', 'org.keycloak.services.clientregistration.policy.ClientRegistrationPolicy', 'galaxy', 'anonymous');
INSERT INTO `COMPONENT` (`ID`, `NAME`, `PARENT_ID`, `PROVIDER_ID`, `PROVIDER_TYPE`, `REALM_ID`, `SUB_TYPE`) VALUES('161ee6e9-e27e-435c-97d6-94643ae15eb3', 'Allowed Client Scopes', 'galaxy', 'allowed-client-templates', 'org.keycloak.services.clientregistration.policy.ClientRegistrationPolicy', 'galaxy', 'anonymous');
INSERT INTO `COMPONENT` (`ID`, `NAME`, `PARENT_ID`, `PROVIDER_ID`, `PROVIDER_TYPE`, `REALM_ID`, `SUB_TYPE`) VALUES('177942b8-4abd-46d9-84af-926764ae218b', 'Full Scope Disabled', 'shire', 'scope', 'org.keycloak.services.clientregistration.policy.ClientRegistrationPolicy', 'shire', 'anonymous');
INSERT INTO `COMPONENT` (`ID`, `NAME`, `PARENT_ID`, `PROVIDER_ID`, `PROVIDER_TYPE`, `REALM_ID`, `SUB_TYPE`) VALUES('20c2c120-48a0-417f-a1a0-9f203e287219', 'rsa-enc-generated', 'marvel', 'rsa-generated', 'org.keycloak.keys.KeyProvider', 'marvel', NULL);
INSERT INTO `COMPONENT` (`ID`, `NAME`, `PARENT_ID`, `PROVIDER_ID`, `PROVIDER_TYPE`, `REALM_ID`, `SUB_TYPE`) VALUES('2d87238d-07ea-4025-aada-22ece54a30d5', 'Allowed Protocol Mapper Types', 'marvel', 'allowed-protocol-mappers', 'org.keycloak.services.clientregistration.policy.ClientRegistrationPolicy', 'marvel', 'anonymous');
INSERT INTO `COMPONENT` (`ID`, `NAME`, `PARENT_ID`, `PROVIDER_ID`, `PROVIDER_TYPE`, `REALM_ID`, `SUB_TYPE`) VALUES('30f858d6-8547-4ec5-8e39-d08dc717f724', 'Allowed Protocol Mapper Types', 'shire', 'allowed-protocol-mappers', 'org.keycloak.services.clientregistration.policy.ClientRegistrationPolicy', 'shire', 'authenticated');
INSERT INTO `COMPONENT` (`ID`, `NAME`, `PARENT_ID`, `PROVIDER_ID`, `PROVIDER_TYPE`, `REALM_ID`, `SUB_TYPE`) VALUES('33edf039-f4f3-4609-91f6-ce857d96d711', NULL, 'master', 'declarative-user-profile', 'org.keycloak.userprofile.UserProfileProvider', 'master', NULL);
INSERT INTO `COMPONENT` (`ID`, `NAME`, `PARENT_ID`, `PROVIDER_ID`, `PROVIDER_TYPE`, `REALM_ID`, `SUB_TYPE`) VALUES('3b54c10c-5bb2-41fa-b023-ddc18642bb6d', 'Full Scope Disabled', 'marvel', 'scope', 'org.keycloak.services.clientregistration.policy.ClientRegistrationPolicy', 'marvel', 'anonymous');
INSERT INTO `COMPONENT` (`ID`, `NAME`, `PARENT_ID`, `PROVIDER_ID`, `PROVIDER_TYPE`, `REALM_ID`, `SUB_TYPE`) VALUES('52274e7f-8584-4881-9dfa-81efa6d87710', 'Max Clients Limit', 'marvel', 'max-clients', 'org.keycloak.services.clientregistration.policy.ClientRegistrationPolicy', 'marvel', 'anonymous');
INSERT INTO `COMPONENT` (`ID`, `NAME`, `PARENT_ID`, `PROVIDER_ID`, `PROVIDER_TYPE`, `REALM_ID`, `SUB_TYPE`) VALUES('5691a13b-374d-4312-9f48-b98ab047fa89', 'hmac-generated', 'master', 'hmac-generated', 'org.keycloak.keys.KeyProvider', 'master', NULL);
INSERT INTO `COMPONENT` (`ID`, `NAME`, `PARENT_ID`, `PROVIDER_ID`, `PROVIDER_TYPE`, `REALM_ID`, `SUB_TYPE`) VALUES('58e26bfd-a70b-43ec-abd2-6730b5a47a64', 'Allowed Protocol Mapper Types', 'shire', 'allowed-protocol-mappers', 'org.keycloak.services.clientregistration.policy.ClientRegistrationPolicy', 'shire', 'anonymous');
INSERT INTO `COMPONENT` (`ID`, `NAME`, `PARENT_ID`, `PROVIDER_ID`, `PROVIDER_TYPE`, `REALM_ID`, `SUB_TYPE`) VALUES('5a6e06fc-98dc-4728-baf6-220bfdda2217', 'Allowed Protocol Mapper Types', 'marvel', 'allowed-protocol-mappers', 'org.keycloak.services.clientregistration.policy.ClientRegistrationPolicy', 'marvel', 'authenticated');
INSERT INTO `COMPONENT` (`ID`, `NAME`, `PARENT_ID`, `PROVIDER_ID`, `PROVIDER_TYPE`, `REALM_ID`, `SUB_TYPE`) VALUES('5aa7c829-fe99-47b3-8dc8-65dad4b9c7f6', 'Consent Required', 'shire', 'consent-required', 'org.keycloak.services.clientregistration.policy.ClientRegistrationPolicy', 'shire', 'anonymous');
INSERT INTO `COMPONENT` (`ID`, `NAME`, `PARENT_ID`, `PROVIDER_ID`, `PROVIDER_TYPE`, `REALM_ID`, `SUB_TYPE`) VALUES('5bfa9599-fdff-4997-9321-f59408cc6d45', 'Allowed Client Scopes', 'shire', 'allowed-client-templates', 'org.keycloak.services.clientregistration.policy.ClientRegistrationPolicy', 'shire', 'authenticated');
INSERT INTO `COMPONENT` (`ID`, `NAME`, `PARENT_ID`, `PROVIDER_ID`, `PROVIDER_TYPE`, `REALM_ID`, `SUB_TYPE`) VALUES('62f4323e-769e-4b93-bae2-b6b47bc146de', 'Max Clients Limit', 'galaxy', 'max-clients', 'org.keycloak.services.clientregistration.policy.ClientRegistrationPolicy', 'galaxy', 'anonymous');
INSERT INTO `COMPONENT` (`ID`, `NAME`, `PARENT_ID`, `PROVIDER_ID`, `PROVIDER_TYPE`, `REALM_ID`, `SUB_TYPE`) VALUES('638f8363-d624-46c5-9cd0-bc500564d4ca', 'Max Clients Limit', 'master', 'max-clients', 'org.keycloak.services.clientregistration.policy.ClientRegistrationPolicy', 'master', 'anonymous');
INSERT INTO `COMPONENT` (`ID`, `NAME`, `PARENT_ID`, `PROVIDER_ID`, `PROVIDER_TYPE`, `REALM_ID`, `SUB_TYPE`) VALUES('6c2e993f-62a9-40a1-9259-555393b4eecf', 'Allowed Client Scopes', 'marvel', 'allowed-client-templates', 'org.keycloak.services.clientregistration.policy.ClientRegistrationPolicy', 'marvel', 'anonymous');
INSERT INTO `COMPONENT` (`ID`, `NAME`, `PARENT_ID`, `PROVIDER_ID`, `PROVIDER_TYPE`, `REALM_ID`, `SUB_TYPE`) VALUES('73b2ebff-0ee5-4d2e-a574-52ebb4f8eeca', 'Trusted Hosts', 'shire', 'trusted-hosts', 'org.keycloak.services.clientregistration.policy.ClientRegistrationPolicy', 'shire', 'anonymous');
INSERT INTO `COMPONENT` (`ID`, `NAME`, `PARENT_ID`, `PROVIDER_ID`, `PROVIDER_TYPE`, `REALM_ID`, `SUB_TYPE`) VALUES('73c7bd68-3a12-4b19-a223-f8d45f661c7c', 'rsa-enc-generated', 'master', 'rsa-generated', 'org.keycloak.keys.KeyProvider', 'master', NULL);
INSERT INTO `COMPONENT` (`ID`, `NAME`, `PARENT_ID`, `PROVIDER_ID`, `PROVIDER_TYPE`, `REALM_ID`, `SUB_TYPE`) VALUES('746e795f-1e32-4d9f-a03e-b3e4db8eb4ea', 'aes-generated', 'master', 'aes-generated', 'org.keycloak.keys.KeyProvider', 'master', NULL);
INSERT INTO `COMPONENT` (`ID`, `NAME`, `PARENT_ID`, `PROVIDER_ID`, `PROVIDER_TYPE`, `REALM_ID`, `SUB_TYPE`) VALUES('747c0032-5d22-407d-aad0-a8575cfeaa01', 'rsa-generated', 'shire', 'rsa-generated', 'org.keycloak.keys.KeyProvider', 'shire', NULL);
INSERT INTO `COMPONENT` (`ID`, `NAME`, `PARENT_ID`, `PROVIDER_ID`, `PROVIDER_TYPE`, `REALM_ID`, `SUB_TYPE`) VALUES('774ecada-034c-4342-b8ac-a50667f578b8', 'Allowed Client Scopes', 'galaxy', 'allowed-client-templates', 'org.keycloak.services.clientregistration.policy.ClientRegistrationPolicy', 'galaxy', 'authenticated');
INSERT INTO `COMPONENT` (`ID`, `NAME`, `PARENT_ID`, `PROVIDER_ID`, `PROVIDER_TYPE`, `REALM_ID`, `SUB_TYPE`) VALUES('7b0395ac-7302-4bbc-97d0-e8d5cb51e9c1', 'Consent Required', 'master', 'consent-required', 'org.keycloak.services.clientregistration.policy.ClientRegistrationPolicy', 'master', 'anonymous');
INSERT INTO `COMPONENT` (`ID`, `NAME`, `PARENT_ID`, `PROVIDER_ID`, `PROVIDER_TYPE`, `REALM_ID`, `SUB_TYPE`) VALUES('84f3db1c-157d-4ee9-b2af-ec59f9f6b979', 'hmac-generated', 'marvel', 'hmac-generated', 'org.keycloak.keys.KeyProvider', 'marvel', NULL);
INSERT INTO `COMPONENT` (`ID`, `NAME`, `PARENT_ID`, `PROVIDER_ID`, `PROVIDER_TYPE`, `REALM_ID`, `SUB_TYPE`) VALUES('89e6a92a-139b-4843-b6e6-fb0984bdf1bc', 'Trusted Hosts', 'galaxy', 'trusted-hosts', 'org.keycloak.services.clientregistration.policy.ClientRegistrationPolicy', 'galaxy', 'anonymous');
INSERT INTO `COMPONENT` (`ID`, `NAME`, `PARENT_ID`, `PROVIDER_ID`, `PROVIDER_TYPE`, `REALM_ID`, `SUB_TYPE`) VALUES('8a40874b-5567-4f15-b809-3e83409d9988', NULL, 'shire', 'declarative-user-profile', 'org.keycloak.userprofile.UserProfileProvider', 'shire', NULL);
INSERT INTO `COMPONENT` (`ID`, `NAME`, `PARENT_ID`, `PROVIDER_ID`, `PROVIDER_TYPE`, `REALM_ID`, `SUB_TYPE`) VALUES('8a79a27f-2d3e-470c-a99d-b99d7dabf313', 'Allowed Protocol Mapper Types', 'galaxy', 'allowed-protocol-mappers', 'org.keycloak.services.clientregistration.policy.ClientRegistrationPolicy', 'galaxy', 'authenticated');
INSERT INTO `COMPONENT` (`ID`, `NAME`, `PARENT_ID`, `PROVIDER_ID`, `PROVIDER_TYPE`, `REALM_ID`, `SUB_TYPE`) VALUES('93e79ee0-2f7d-4ce6-bff4-2f0947c29f67', 'rsa-enc-generated', 'galaxy', 'rsa-generated', 'org.keycloak.keys.KeyProvider', 'galaxy', NULL);
INSERT INTO `COMPONENT` (`ID`, `NAME`, `PARENT_ID`, `PROVIDER_ID`, `PROVIDER_TYPE`, `REALM_ID`, `SUB_TYPE`) VALUES('9cb827a9-f040-42c9-97da-cee9e9f51685', 'Consent Required', 'galaxy', 'consent-required', 'org.keycloak.services.clientregistration.policy.ClientRegistrationPolicy', 'galaxy', 'anonymous');
INSERT INTO `COMPONENT` (`ID`, `NAME`, `PARENT_ID`, `PROVIDER_ID`, `PROVIDER_TYPE`, `REALM_ID`, `SUB_TYPE`) VALUES('a696f890-98b3-4ae2-865a-233aedf320dd', 'rsa-enc-generated', 'shire', 'rsa-generated', 'org.keycloak.keys.KeyProvider', 'shire', NULL);
INSERT INTO `COMPONENT` (`ID`, `NAME`, `PARENT_ID`, `PROVIDER_ID`, `PROVIDER_TYPE`, `REALM_ID`, `SUB_TYPE`) VALUES('a849f8af-00b2-455f-b86b-ca84f3a3b8d0', 'Full Scope Disabled', 'master', 'scope', 'org.keycloak.services.clientregistration.policy.ClientRegistrationPolicy', 'master', 'anonymous');
INSERT INTO `COMPONENT` (`ID`, `NAME`, `PARENT_ID`, `PROVIDER_ID`, `PROVIDER_TYPE`, `REALM_ID`, `SUB_TYPE`) VALUES('b2c5b11c-3478-4e35-9a94-2bae693f4eba', 'rsa-generated', 'master', 'rsa-generated', 'org.keycloak.keys.KeyProvider', 'master', NULL);
INSERT INTO `COMPONENT` (`ID`, `NAME`, `PARENT_ID`, `PROVIDER_ID`, `PROVIDER_TYPE`, `REALM_ID`, `SUB_TYPE`) VALUES('b60d662f-aa7b-486f-bf9e-4c3deed7ec89', 'Allowed Client Scopes', 'shire', 'allowed-client-templates', 'org.keycloak.services.clientregistration.policy.ClientRegistrationPolicy', 'shire', 'anonymous');
INSERT INTO `COMPONENT` (`ID`, `NAME`, `PARENT_ID`, `PROVIDER_ID`, `PROVIDER_TYPE`, `REALM_ID`, `SUB_TYPE`) VALUES('b815f5f4-22a4-4e42-b8a9-ca0733750f8d', 'aes-generated', 'galaxy', 'aes-generated', 'org.keycloak.keys.KeyProvider', 'galaxy', NULL);
INSERT INTO `COMPONENT` (`ID`, `NAME`, `PARENT_ID`, `PROVIDER_ID`, `PROVIDER_TYPE`, `REALM_ID`, `SUB_TYPE`) VALUES('c667a528-444e-429d-973b-8507a262d0b7', 'aes-generated', 'shire', 'aes-generated', 'org.keycloak.keys.KeyProvider', 'shire', NULL);
INSERT INTO `COMPONENT` (`ID`, `NAME`, `PARENT_ID`, `PROVIDER_ID`, `PROVIDER_TYPE`, `REALM_ID`, `SUB_TYPE`) VALUES('cdf19453-f880-4bc5-8057-e8fa5f4503d5', 'hmac-generated', 'galaxy', 'hmac-generated', 'org.keycloak.keys.KeyProvider', 'galaxy', NULL);
INSERT INTO `COMPONENT` (`ID`, `NAME`, `PARENT_ID`, `PROVIDER_ID`, `PROVIDER_TYPE`, `REALM_ID`, `SUB_TYPE`) VALUES('cee960b8-bf64-4138-856d-203440465946', 'Consent Required', 'marvel', 'consent-required', 'org.keycloak.services.clientregistration.policy.ClientRegistrationPolicy', 'marvel', 'anonymous');
INSERT INTO `COMPONENT` (`ID`, `NAME`, `PARENT_ID`, `PROVIDER_ID`, `PROVIDER_TYPE`, `REALM_ID`, `SUB_TYPE`) VALUES('d716875f-ae98-45c2-9b47-546ab03d00de', 'hmac-generated', 'shire', 'hmac-generated', 'org.keycloak.keys.KeyProvider', 'shire', NULL);
INSERT INTO `COMPONENT` (`ID`, `NAME`, `PARENT_ID`, `PROVIDER_ID`, `PROVIDER_TYPE`, `REALM_ID`, `SUB_TYPE`) VALUES('d8c6a7af-ab71-430e-a344-74bcc1b63cdb', 'aes-generated', 'marvel', 'aes-generated', 'org.keycloak.keys.KeyProvider', 'marvel', NULL);
INSERT INTO `COMPONENT` (`ID`, `NAME`, `PARENT_ID`, `PROVIDER_ID`, `PROVIDER_TYPE`, `REALM_ID`, `SUB_TYPE`) VALUES('e3f1da8a-050c-488c-95a2-381af5032953', 'Max Clients Limit', 'shire', 'max-clients', 'org.keycloak.services.clientregistration.policy.ClientRegistrationPolicy', 'shire', 'anonymous');
INSERT INTO `COMPONENT` (`ID`, `NAME`, `PARENT_ID`, `PROVIDER_ID`, `PROVIDER_TYPE`, `REALM_ID`, `SUB_TYPE`) VALUES('e4839a4d-381c-4606-91ae-06866c431aa8', 'Full Scope Disabled', 'galaxy', 'scope', 'org.keycloak.services.clientregistration.policy.ClientRegistrationPolicy', 'galaxy', 'anonymous');
INSERT INTO `COMPONENT` (`ID`, `NAME`, `PARENT_ID`, `PROVIDER_ID`, `PROVIDER_TYPE`, `REALM_ID`, `SUB_TYPE`) VALUES('e59c000e-5eaf-4fae-9e5d-3831dde4c6d6', NULL, 'galaxy', 'declarative-user-profile', 'org.keycloak.userprofile.UserProfileProvider', 'galaxy', NULL);
INSERT INTO `COMPONENT` (`ID`, `NAME`, `PARENT_ID`, `PROVIDER_ID`, `PROVIDER_TYPE`, `REALM_ID`, `SUB_TYPE`) VALUES('e7501440-746c-4fbd-a1b4-7d741dc0170e', 'Trusted Hosts', 'marvel', 'trusted-hosts', 'org.keycloak.services.clientregistration.policy.ClientRegistrationPolicy', 'marvel', 'anonymous');
INSERT INTO `COMPONENT` (`ID`, `NAME`, `PARENT_ID`, `PROVIDER_ID`, `PROVIDER_TYPE`, `REALM_ID`, `SUB_TYPE`) VALUES('ea08bbf8-7f7c-4262-9f0d-bc3f4f3b61fa', 'rsa-generated', 'galaxy', 'rsa-generated', 'org.keycloak.keys.KeyProvider', 'galaxy', NULL);
INSERT INTO `COMPONENT` (`ID`, `NAME`, `PARENT_ID`, `PROVIDER_ID`, `PROVIDER_TYPE`, `REALM_ID`, `SUB_TYPE`) VALUES('eb2da1d7-590a-4775-b237-af0212b68de5', 'Allowed Client Scopes', 'master', 'allowed-client-templates', 'org.keycloak.services.clientregistration.policy.ClientRegistrationPolicy', 'master', 'anonymous');
INSERT INTO `COMPONENT` (`ID`, `NAME`, `PARENT_ID`, `PROVIDER_ID`, `PROVIDER_TYPE`, `REALM_ID`, `SUB_TYPE`) VALUES('fdae7b18-06a1-48bc-8a2c-cd252401e674', 'Allowed Protocol Mapper Types', 'master', 'allowed-protocol-mappers', 'org.keycloak.services.clientregistration.policy.ClientRegistrationPolicy', 'master', 'anonymous');

DROP TABLE IF EXISTS `COMPONENT_CONFIG`;
CREATE TABLE `COMPONENT_CONFIG` (
  `ID` varchar(36) NOT NULL,
  `COMPONENT_ID` varchar(36) NOT NULL,
  `NAME` varchar(255) NOT NULL,
  `VALUE` varchar(4000) DEFAULT NULL
) ENGINE=InnoDB DEFAULT CHARSET=utf8;

INSERT INTO `COMPONENT_CONFIG` (`ID`, `COMPONENT_ID`, `NAME`, `VALUE`) VALUES('026c0ac3-26ba-411d-9eb9-b005a2ca696a', '30f858d6-8547-4ec5-8e39-d08dc717f724', 'allowed-protocol-mapper-types', 'saml-user-attribute-mapper');
INSERT INTO `COMPONENT_CONFIG` (`ID`, `COMPONENT_ID`, `NAME`, `VALUE`) VALUES('04ff5d72-22ad-41d9-bd02-90bd3746a838', '746e795f-1e32-4d9f-a03e-b3e4db8eb4ea', 'priority', '100');
INSERT INTO `COMPONENT_CONFIG` (`ID`, `COMPONENT_ID`, `NAME`, `VALUE`) VALUES('066068fd-439f-48be-9ea0-c79847f669b7', 'd716875f-ae98-45c2-9b47-546ab03d00de', 'algorithm', 'HS256');
INSERT INTO `COMPONENT_CONFIG` (`ID`, `COMPONENT_ID`, `NAME`, `VALUE`) VALUES('076078f6-401d-4aed-a17b-25cd3fa18ef1', 'fdae7b18-06a1-48bc-8a2c-cd252401e674', 'allowed-protocol-mapper-types', 'oidc-address-mapper');
INSERT INTO `COMPONENT_CONFIG` (`ID`, `COMPONENT_ID`, `NAME`, `VALUE`) VALUES('089722d4-f496-4175-8101-76fa70539d77', '2d87238d-07ea-4025-aada-22ece54a30d5', 'allowed-protocol-mapper-types', 'saml-role-list-mapper');
INSERT INTO `COMPONENT_CONFIG` (`ID`, `COMPONENT_ID`, `NAME`, `VALUE`) VALUES('09452443-0714-4e5b-879b-6f268d25cd95', '5691a13b-374d-4312-9f48-b98ab047fa89', 'kid', '94148449-01f4-4f65-8211-b5488e22d7f2');
INSERT INTO `COMPONENT_CONFIG` (`ID`, `COMPONENT_ID`, `NAME`, `VALUE`) VALUES('0b101377-b54e-44ae-b21a-5ae749aef214', '747c0032-5d22-407d-aad0-a8575cfeaa01', 'keyUse', 'sig');
INSERT INTO `COMPONENT_CONFIG` (`ID`, `COMPONENT_ID`, `NAME`, `VALUE`) VALUES('102d8fac-ee11-4cf1-b28c-4249f6dabe95', '5a6e06fc-98dc-4728-baf6-220bfdda2217', 'allowed-protocol-mapper-types', 'oidc-full-name-mapper');
INSERT INTO `COMPONENT_CONFIG` (`ID`, `COMPONENT_ID`, `NAME`, `VALUE`) VALUES('11dd8d77-3fe0-453a-b216-5cdbd646d537', '73b2ebff-0ee5-4d2e-a574-52ebb4f8eeca', 'host-sending-registration-request-must-match', 'true');
INSERT INTO `COMPONENT_CONFIG` (`ID`, `COMPONENT_ID`, `NAME`, `VALUE`) VALUES('17d0c370-e722-4f79-9aad-5f89e7060c19', '84f3db1c-157d-4ee9-b2af-ec59f9f6b979', 'kid', '17c6fea3-ba19-4378-bce2-0aacc824e03a');
INSERT INTO `COMPONENT_CONFIG` (`ID`, `COMPONENT_ID`, `NAME`, `VALUE`) VALUES('191568d2-c45f-42f0-8fd4-0be174970263', '8a79a27f-2d3e-470c-a99d-b99d7dabf313', 'allowed-protocol-mapper-types', 'saml-user-attribute-mapper');
INSERT INTO `COMPONENT_CONFIG` (`ID`, `COMPONENT_ID`, `NAME`, `VALUE`) VALUES('1c6399bb-8ca8-49bb-8008-691ed1c6fc5b', '89e6a92a-139b-4843-b6e6-fb0984bdf1bc', 'host-sending-registration-request-must-match', 'true');
INSERT INTO `COMPONENT_CONFIG` (`ID`, `COMPONENT_ID`, `NAME`, `VALUE`) VALUES('1d5d836e-4f15-48e5-9c4b-8709ad9f1bfb', '73c7bd68-3a12-4b19-a223-f8d45f661c7c', 'privateKey', 'MIIEpAIBAAKCAQEAygSk9TshlzevpkliwTeAnrgEHVle1GfCXRL2gkkleLLeBA0fU3Wf5RyNW8aEIOPkCHa/bPo8UhHPoxyToGldHPgN1ESMNnR2+ik3CAMKwl9pGSIKz5k0zdiix8BfAdsefm/vzWfMe9J2D8d/KNtLI6/yq17DPfFUPS2TX+h6jj9LOfezQWHwGX26O2DZdt2XHC5lzQZxRuANH0JGVI5C1bt9Eg8Pbt+217jdp/AEQdmwWaTzNLhZIHuIt/lDlFmUjssSErzv/Hj6e0NuKSHQ5D5fWcoGT2o+FH1sLSTMhXqvbH4spxPvisf2De7Zn7IYjdxQpDkXl3EYZWPA2OFO8QIDAQABAoIBAGu7ylTVcfZ4xf2CCV5NQRRjwh38uSvBIdAM+tVEOO2DRg8XCGuzwM+oSGJ3HaOEpOk2mqN9V4nU4cx0wu27AuMeDhHzdGrd9U03iZeGN8ispRm4I9fONnDIZRbtqj0NI9f9zf7WqiAmfruvgkrBl/KyNFHbuXdhKbFuireM/T6548UsmNjEdlgfGTzUfO3XgA/vOg12m0M81Y3Y5LguZ3BqmLRcjZN9ZLo76jkLCTWK8ptstua2RcwV48NEQaO1Koclhpey6BP1AHQLBCaILe4PdTbJBxhahVJslWyu68iU+PcjTSHTINihkFvvMmUjOich6i6LKrhzrzY6i2QNvYECgYEA561e4IPmIyqV3b7Ga84mDqwMNI11PAhAd+jo7xNB6Jw0yws5Ma3vlOvJ5P+0+bBzYuVIYgN0e5SKjVIToGf0TSC9Oz8PKDmnk4z0LSQJiEL6GyB9pS9LASKhYihLx9zmnZYFhqozT9LtU3f7mlZnWzyvBXQpYU0yx9mUnLUdjbkCgYEA3zolmtAjMTRr8iOjisejjT9IXnsc07lbLbVmm/BOvjsX6F6MIsCjTxa4T4lL22gwfmzScwTH1spk+lW1jRUNldxsSVGBzd0P3VIMGWk1BcwTtW7xa+l7ccORW2q7grxZhNml9RJ7yVbT0No/2NcDk9O7lt0bJOHCneGoMOFhJvkCgYEAvqDL8Yb2RTdUKyo/kBMHA4mTXWaL8UKE8WVmzNkWoTRuyCdK/1K0UOAWtuOkYNNMjjJE9ckL/meB/bhsR89hmFj4+5fue9W8yk7v13jQkxsxOkLov5ODbsK08dRgTmq4IzB/CYhgQi03dDfEggDYeJ0dEiq7pcFkqEai3rK0R5kCgYEA3G5C7BlUZyZo4fcna8ewTa6L/CB+WuTSkNRsutgWKeuYtDGJGFg568N3xbLCYasFGBLFziaOYCAEjt9MJEEB5VaA5/XAxFTjcZ2vrPgjD9JyM9uWMwWgjLqeMzO2bmcnzvRN2S+jZTKEf9zE54+LTNLsjxFP2J/G2rkWqQ4mLaECgYAS3H8IAdCKbTSMVZcTWb6/EKQhhb0oqq2ci2tLtMwFl4a00Uq2PpKI3p3ffhU7n/gaKCcyczQ56g93IFzWuNeyffDnv3zOclHYdnEMtfM+zEHY99mDnuRNC0nlb0tJgcAMjCmPe3edag7ycym08thhsxg/flzuMMHKAU1S2TjLww==');
INSERT INTO `COMPONENT_CONFIG` (`ID`, `COMPONENT_ID`, `NAME`, `VALUE`) VALUES('1df2cdc4-e35a-4498-b3df-2f8112ddf98c', 'd8c6a7af-ab71-430e-a344-74bcc1b63cdb', 'secret', 'fUHHXc2f_Qe3_LhFSb0pxw');
INSERT INTO `COMPONENT_CONFIG` (`ID`, `COMPONENT_ID`, `NAME`, `VALUE`) VALUES('20d0b819-b053-455f-9ca6-2599b421c379', '0869ccac-5d6f-4edc-916d-e8b441de0e07', 'allow-default-scopes', 'true');
INSERT INTO `COMPONENT_CONFIG` (`ID`, `COMPONENT_ID`, `NAME`, `VALUE`) VALUES('20f2cb8f-4644-4cd0-b4ed-f867533b67e5', '5a6e06fc-98dc-4728-baf6-220bfdda2217', 'allowed-protocol-mapper-types', 'oidc-address-mapper');
INSERT INTO `COMPONENT_CONFIG` (`ID`, `COMPONENT_ID`, `NAME`, `VALUE`) VALUES('2716d2f3-ec62-493f-a558-9bf0036e04cb', '11a24239-2d49-44b5-9a3f-d2c9528e488c', 'allowed-protocol-mapper-types', 'saml-user-attribute-mapper');
INSERT INTO `COMPONENT_CONFIG` (`ID`, `COMPONENT_ID`, `NAME`, `VALUE`) VALUES('27af8101-b1aa-437a-9a99-ac6625e91301', 'b815f5f4-22a4-4e42-b8a9-ca0733750f8d', 'secret', '18evaukqTkWzOsRUfMLn8A');
INSERT INTO `COMPONENT_CONFIG` (`ID`, `COMPONENT_ID`, `NAME`, `VALUE`) VALUES('28b83049-ad47-42c0-9077-6667de532b2f', 'b815f5f4-22a4-4e42-b8a9-ca0733750f8d', 'kid', '029087af-e84e-42e5-a241-ea8d900a6238');
INSERT INTO `COMPONENT_CONFIG` (`ID`, `COMPONENT_ID`, `NAME`, `VALUE`) VALUES('29626db1-e9dd-4c10-837f-3ee03399e85d', '73c7bd68-3a12-4b19-a223-f8d45f661c7c', 'certificate', 'MIICmzCCAYMCBgF7zuE50TANBgkqhkiG9w0BAQsFADARMQ8wDQYDVQQDDAZtYXN0ZXIwHhcNMjEwOTEwMDg0MjUyWhcNMzEwOTEwMDg0NDMyWjARMQ8wDQYDVQQDDAZtYXN0ZXIwggEiMA0GCSqGSIb3DQEBAQUAA4IBDwAwggEKAoIBAQDKBKT1OyGXN6+mSWLBN4CeuAQdWV7UZ8JdEvaCSSV4st4EDR9TdZ/lHI1bxoQg4+QIdr9s+jxSEc+jHJOgaV0c+A3URIw2dHb6KTcIAwrCX2kZIgrPmTTN2KLHwF8B2x5+b+/NZ8x70nYPx38o20sjr/KrXsM98VQ9LZNf6HqOP0s597NBYfAZfbo7YNl23ZccLmXNBnFG4A0fQkZUjkLVu30SDw9u37bXuN2n8ARB2bBZpPM0uFkge4i3+UOUWZSOyxISvO/8ePp7Q24pIdDkPl9ZygZPaj4UfWwtJMyFeq9sfiynE++Kx/YN7tmfshiN3FCkOReXcRhlY8DY4U7xAgMBAAEwDQYJKoZIhvcNAQELBQADggEBAKYFcUhsb8WZOVEnKbqPmDLW66CT9aZ7LuZyCdQgu07VEJUPSzFpd35t2BknWC6s0b2porWwcuLuJ1256KRM2bSaizs702sRJGNotymuIprnijwSzs07UbLttRjlERrtUR0g9DUG2XqaOP3ldoxfQv1b72Y9m0BXCFyGmRE1waHOj0edTmTkCFTc5f/H7u1N34heyfEhplZL9yRzMdUo/EccSR/AyjF8cCDc4uGBNGE1Kz8uYrGLnd1Yfv9IrvmDU7ULS9F6PRFTa8rT+shddjEjyJW/kA+zQOSS2aJ8DtAOnBJRTlrvydSuusWuOzivyRw5dkXOIaiwBWA89RoN878=');
INSERT INTO `COMPONENT_CONFIG` (`ID`, `COMPONENT_ID`, `NAME`, `VALUE`) VALUES('29ac1d3d-a5eb-480a-856e-797d9cfb9602', '8a79a27f-2d3e-470c-a99d-b99d7dabf313', 'allowed-protocol-mapper-types', 'saml-user-property-mapper');
INSERT INTO `COMPONENT_CONFIG` (`ID`, `COMPONENT_ID`, `NAME`, `VALUE`) VALUES('2cb1dc3f-be5f-477f-972c-fa25cfb7f645', 'c667a528-444e-429d-973b-8507a262d0b7', 'secret', 'xmd-Bg21fi4Bjob7kTsjAg');
INSERT INTO `COMPONENT_CONFIG` (`ID`, `COMPONENT_ID`, `NAME`, `VALUE`) VALUES('2d01bbb4-7465-4ee1-aa66-bad3e2a14e11', '04f7b094-cfc9-46b1-930d-f06198db380b', 'client-uris-must-match', 'true');
INSERT INTO `COMPONENT_CONFIG` (`ID`, `COMPONENT_ID`, `NAME`, `VALUE`) VALUES('2dae5bd2-8f68-45b6-b0ef-360f55c7a9aa', '02ec5087-fc4d-4290-a088-92d3dc1a4c33', 'certificate', 'MIICmzCCAYMCBgF7zvZuqzANBgkqhkiG9w0BAQsFADARMQ8wDQYDVQQDDAZtYXJ2ZWwwHhcNMjEwOTEwMDkwNjAxWhcNMzEwOTEwMDkwNzQxWjARMQ8wDQYDVQQDDAZtYXJ2ZWwwggEiMA0GCSqGSIb3DQEBAQUAA4IBDwAwggEKAoIBAQCTK/yhrTGSdCEpFb/ad5b3viPdAmsQXTHRrQsGrjkIg7SBwCLP4/PLVPsNov2k8ilmU1bEP3RP/atbEZZOq1oEN0egxGBZXFVK58kclk6/YdUv7y1Z0f/9A5Xzs0qjjDLpJP18fczUD8fHybCtkt+HBBqecgHutFY7jg6ygLyxSXUpi8h+HPm1Kc27fx0eHu/KawzGhhj744eaMleNaz7xaCgJEEKtV2EYPwERU3XxPCneheDdT1VJo3cGWf8EaXqmpyTf2NnPAWo/qQmO/5xpY0Mbqi730YUnHtx2IWrJ/feTseLpV/NwNyVUytJkONUP+YU4Z4WRZ8RkAhPEZU07AgMBAAEwDQYJKoZIhvcNAQELBQADggEBAEHtwU4fW4V4LtzuYnkFjdf8sNKkQK52PJ5jevN+GLpjeK34oFGJXNYX4ZBuXFpSMaedWcX0YBg/aNE2rLTxcVru9f0pZcon1pqcq56gvsxSW0yMSFmJPQqxWjWsCPuCHrujWnHe3hQ1HXUARGsZ4XtPYKWzIlMC6NZrZjQWSJBcsoQnb72EmSQ86z35YNxceB3vWgaieQ/kgZe5yhVUFyoEAbYIIVWxpkkuCGa9bBe6kQuUWVKiJuZvLBoUfqX9/mL2d/mRYcPwnwhZ0nXxyw9sWvE8DHAuF9vNu9WNiWakpy9+mHnkU+315TO5oM4j7ZB5pSPQj1GSDADKhWhZPDo=');
INSERT INTO `COMPONENT_CONFIG` (`ID`, `COMPONENT_ID`, `NAME`, `VALUE`) VALUES('2eab3164-1806-42a4-9ba6-17b0bff5e8d4', '2d87238d-07ea-4025-aada-22ece54a30d5', 'allowed-protocol-mapper-types', 'oidc-address-mapper');
INSERT INTO `COMPONENT_CONFIG` (`ID`, `COMPONENT_ID`, `NAME`, `VALUE`) VALUES('306313a0-a15b-4a27-b737-ebbe95955608', '62f4323e-769e-4b93-bae2-b6b47bc146de', 'max-clients', '200');
INSERT INTO `COMPONENT_CONFIG` (`ID`, `COMPONENT_ID`, `NAME`, `VALUE`) VALUES('307a14b4-1d66-4a6e-877d-93dba775fb82', '02ec5087-fc4d-4290-a088-92d3dc1a4c33', 'privateKey', 'MIIEpAIBAAKCAQEAkyv8oa0xknQhKRW/2neW974j3QJrEF0x0a0LBq45CIO0gcAiz+Pzy1T7DaL9pPIpZlNWxD90T/2rWxGWTqtaBDdHoMRgWVxVSufJHJZOv2HVL+8tWdH//QOV87NKo4wy6ST9fH3M1A/Hx8mwrZLfhwQannIB7rRWO44OsoC8sUl1KYvIfhz5tSnNu38dHh7vymsMxoYY++OHmjJXjWs+8WgoCRBCrVdhGD8BEVN18Twp3oXg3U9VSaN3Bln/BGl6pqck39jZzwFqP6kJjv+caWNDG6ou99GFJx7cdiFqyf33k7Hi6VfzcDclVMrSZDjVD/mFOGeFkWfEZAITxGVNOwIDAQABAoIBAFppSmD0aiDDkN+RifQnRapat+N9KdK6vfFGsiBfhZASgSC4rWozasD+KuDcwZ/EWOSQzBvxs320o8Flk4YuxDUU1L8SBPLAw3Ep5aXXPPdbncE92Ql19iI0Qrmc6nyAk4IhBEynZ97a9uton05yjTl/ru6psUA4r0UU5ziH1+O8//JO8O37ENaEhPmqeIpEONmmpgETHt3myf9Oxxzfm+SnZyszWMYeOVivTpTIqy6a+bvVEANxibUZvj9UiPdc/nrdzqK0OYHPDl5gfQ7eRrezorKcC6VpRE0ilYNe7BUoKOoh3a1PV8IX9HlxO2Oi6A7wkwpZ5fityRykilEe9cECgYEA5jZ1WpN6ZQMoztPu+Hbe3BKy5ZfWij57JewdlI9VUju3WI1QselnzfzNvwCjF0TtZepmZyU3ixTpQc6H8o1abUCgPkHCGij4RJHB+i+yv3GEAgD7g0Lf/7dLXgfOaIzFNqlYw07izOQwz8oyvz5NpTjOu0AtTQh3Bib7XZbHj5sCgYEAo6hC6XghjHn2zMXaj9ck5MYJGV35JR5WzQlXAiJ/CeZlHRDsCx6GirOq2GygBBTl12yxv2R3+V6NAMXIMOzoXj919JV8l2/ok+het9UW65FJuZvyM+27WtuQw3cxDSmd6sJI2Mza5IYWdKnsnl5ZPe6TPYX4w6fMv7k6rhRgouECgYABj0TkRDOEE61nGVB5JnUEEKxdmdW+QgYbj6nzo7T0RatMUkjFq8skPh42uQ5hzfm9wwTGlh32N0INTBTns8V1EAcF5PQnsTddX49s3n3bhi1axh7uGLnjxZ4hGPRxCOMdJ7COQi6PLMyX28rUONvVzri31At6hiAoToNNcwQPGQKBgQCPKHDfqaYvK8En/yrhCGHNfS4YcouuXIuxb6ocw/A8yL1KX7MbRuiKDAA2sU6IQ3+KohoaQdhw2rSdKGWl5padWwXjnaAPGGVqfKneRRh3l+/V3QRRSHPLVqWbVngh+3WYFbuDai9QF7ss8jd5kS6fbkJ+XuLsw6vnSjB6dnjSAQKBgQCTiZ1G5edhvkFEZBKDg28NLYp7pBopGCUzdadUclJaMl7/zl9gZZGoyCt8tiRjT0oJH9XUpQofd3yE8rwC/z46GHmLzbP9jUgMCfOrgLTELPIHEf81Egijn0KPsCC3/3qltsVBEP/xInKlzDi4pw3u3Fl++1F4p+ZPccLe6D+NzA==');
INSERT INTO `COMPONENT_CONFIG` (`ID`, `COMPONENT_ID`, `NAME`, `VALUE`) VALUES('3290b16e-71c3-4149-b20a-58c7faf3d2aa', '11a24239-2d49-44b5-9a3f-d2c9528e488c', 'allowed-protocol-mapper-types', 'oidc-full-name-mapper');
INSERT INTO `COMPONENT_CONFIG` (`ID`, `COMPONENT_ID`, `NAME`, `VALUE`) VALUES('38c9fc8d-8052-41c4-8723-b1dd1ff7aa42', '30f858d6-8547-4ec5-8e39-d08dc717f724', 'allowed-protocol-mapper-types', 'saml-role-list-mapper');
INSERT INTO `COMPONENT_CONFIG` (`ID`, `COMPONENT_ID`, `NAME`, `VALUE`) VALUES('3cdfd344-224d-41d3-954e-e259758dfc7d', '8a79a27f-2d3e-470c-a99d-b99d7dabf313', 'allowed-protocol-mapper-types', 'oidc-sha256-pairwise-sub-mapper');
INSERT INTO `COMPONENT_CONFIG` (`ID`, `COMPONENT_ID`, `NAME`, `VALUE`) VALUES('3d7fbb0f-78d2-45ee-9432-d83d84686313', '2d87238d-07ea-4025-aada-22ece54a30d5', 'allowed-protocol-mapper-types', 'oidc-usermodel-attribute-mapper');
INSERT INTO `COMPONENT_CONFIG` (`ID`, `COMPONENT_ID`, `NAME`, `VALUE`) VALUES('3e6f17ee-b485-4489-91ec-36a358209a26', '58e26bfd-a70b-43ec-abd2-6730b5a47a64', 'allowed-protocol-mapper-types', 'oidc-address-mapper');
INSERT INTO `COMPONENT_CONFIG` (`ID`, `COMPONENT_ID`, `NAME`, `VALUE`) VALUES('408436fc-03ca-4ca2-b620-95b5a05b374d', '8a79a27f-2d3e-470c-a99d-b99d7dabf313', 'allowed-protocol-mapper-types', 'oidc-address-mapper');
INSERT INTO `COMPONENT_CONFIG` (`ID`, `COMPONENT_ID`, `NAME`, `VALUE`) VALUES('419e9399-3def-4b7c-8fc2-9e7702015431', '5691a13b-374d-4312-9f48-b98ab047fa89', 'priority', '100');
INSERT INTO `COMPONENT_CONFIG` (`ID`, `COMPONENT_ID`, `NAME`, `VALUE`) VALUES('425dfdbc-50a6-401c-9f38-7e6af77e9479', 'e3f1da8a-050c-488c-95a2-381af5032953', 'max-clients', '200');
INSERT INTO `COMPONENT_CONFIG` (`ID`, `COMPONENT_ID`, `NAME`, `VALUE`) VALUES('427c572b-bb5a-4229-ac48-e3c0a930ce05', '004294e6-e026-4139-bb82-ef9c2a28634a', 'allowed-protocol-mapper-types', 'oidc-sha256-pairwise-sub-mapper');
INSERT INTO `COMPONENT_CONFIG` (`ID`, `COMPONENT_ID`, `NAME`, `VALUE`) VALUES('42b4bf11-5597-4d6c-a279-cc2957698211', '20c2c120-48a0-417f-a1a0-9f203e287219', 'certificate', 'MIICmzCCAYMCBgF7zvZvsTANBgkqhkiG9w0BAQsFADARMQ8wDQYDVQQDDAZtYXJ2ZWwwHhcNMjEwOTEwMDkwNjAyWhcNMzEwOTEwMDkwNzQyWjARMQ8wDQYDVQQDDAZtYXJ2ZWwwggEiMA0GCSqGSIb3DQEBAQUAA4IBDwAwggEKAoIBAQCJJiZkfG13Ylt9hZJJwuCVB6+62GkEzng4V1s3NtSqSqGVHgwvO2CrAeRBezeTyT1GT51hS3Vt8NJAYvJBD57oc1C2RjlNC8cy7cpfdEPykQg5DWIvbti+KRRQCkc1DIJ8ZG7yCRXzPfT27eyCj5CYjkKcgae4sePCnaNAzTed6QJ3lS7D4qgG6ATrvyAdq8wlpXP0QgB+4ovulOJg4MHwDeZHkYP+xgqaFEA6F8GX6T72C+JGba+Nn3ra24S06YcbcNqlHu5lRJg189Rs4Yihedp/y7HCsmu6i8qk0qiiUjB8c1X/DJMW5YLQ+aS0vUx0x+tiO9peTozf7qtXACYfAgMBAAEwDQYJKoZIhvcNAQELBQADggEBAA4FQNhYhwL/KTrTp8Sgtd5lsd4ktiSKhHyZF6o1JW02K5e9+GG+Cq01VU17v+CcCri8WD9utn/WNUJHxeWS9Wz2hg+Tre34dbZ8ldFclDTrRwOb5ScVSqnXlInFnAXobAYtwoqeGIPa2/94jruGyl7eu4fZsewCLgXJf/vc0p6HO//UcoIVB6+41ZEooWQypw77hcs9ZkU2+X6bPt6ourCAWHGZi2h5j/9RRPDm8zbDsmC1NoOGo+1W2tZEbQwJuYdqNiATGPZ+bSzYaUSCJqUSpK3mgnMJMOZ+AIwIlOHFYSHExkD5QyUAXQUlSVt3gmheZgEyqrKHtMxTi0ej0tU=');
INSERT INTO `COMPONENT_CONFIG` (`ID`, `COMPONENT_ID`, `NAME`, `VALUE`) VALUES('44e9045c-2c63-4a19-a224-6032866b7022', '73c7bd68-3a12-4b19-a223-f8d45f661c7c', 'priority', '100');
INSERT INTO `COMPONENT_CONFIG` (`ID`, `COMPONENT_ID`, `NAME`, `VALUE`) VALUES('4d4e38d8-c031-48db-a2fe-7f38a5939e39', '30f858d6-8547-4ec5-8e39-d08dc717f724', 'allowed-protocol-mapper-types', 'saml-user-property-mapper');
INSERT INTO `COMPONENT_CONFIG` (`ID`, `COMPONENT_ID`, `NAME`, `VALUE`) VALUES('4eb4e4dd-f258-4ac1-ac9b-723419853255', '2d87238d-07ea-4025-aada-22ece54a30d5', 'allowed-protocol-mapper-types', 'saml-user-attribute-mapper');
INSERT INTO `COMPONENT_CONFIG` (`ID`, `COMPONENT_ID`, `NAME`, `VALUE`) VALUES('4f0b8679-bc7f-47d4-936c-80cf68dc9373', '04f7b094-cfc9-46b1-930d-f06198db380b', 'host-sending-registration-request-must-match', 'true');
INSERT INTO `COMPONENT_CONFIG` (`ID`, `COMPONENT_ID`, `NAME`, `VALUE`) VALUES('5104b31d-33a7-498c-8743-48a909116253', '58e26bfd-a70b-43ec-abd2-6730b5a47a64', 'allowed-protocol-mapper-types', 'saml-user-property-mapper');
INSERT INTO `COMPONENT_CONFIG` (`ID`, `COMPONENT_ID`, `NAME`, `VALUE`) VALUES('54495443-bf72-40b2-ac5e-25abc260afca', '746e795f-1e32-4d9f-a03e-b3e4db8eb4ea', 'kid', '4737efde-9f34-497c-994a-c19704e3ff52');
INSERT INTO `COMPONENT_CONFIG` (`ID`, `COMPONENT_ID`, `NAME`, `VALUE`) VALUES('559923b1-9048-4a61-8e1c-7ea9dfa66c3a', 'cdf19453-f880-4bc5-8057-e8fa5f4503d5', 'secret', 'awCxMgAi7PX66XdJxRoVBHPUXr_y6I2KSohTzSwpo7O-on5_xgSmhXaCG5slRUr1eKFOn_hHzl40ctLlDs0Jyg');
INSERT INTO `COMPONENT_CONFIG` (`ID`, `COMPONENT_ID`, `NAME`, `VALUE`) VALUES('55b88fa7-f0c7-4882-a1b3-a8fa3009b356', '89e6a92a-139b-4843-b6e6-fb0984bdf1bc', 'client-uris-must-match', 'true');
INSERT INTO `COMPONENT_CONFIG` (`ID`, `COMPONENT_ID`, `NAME`, `VALUE`) VALUES('56c612ac-a542-41bb-aa2e-8c16429ddf54', 'cdf19453-f880-4bc5-8057-e8fa5f4503d5', 'algorithm', 'HS256');
INSERT INTO `COMPONENT_CONFIG` (`ID`, `COMPONENT_ID`, `NAME`, `VALUE`) VALUES('5a002c27-dd9d-4e42-bdd8-27eb9362854f', '73c7bd68-3a12-4b19-a223-f8d45f661c7c', 'keyUse', 'enc');
INSERT INTO `COMPONENT_CONFIG` (`ID`, `COMPONENT_ID`, `NAME`, `VALUE`) VALUES('5be97f03-4085-433f-a03e-2b42c97b8653', '11a24239-2d49-44b5-9a3f-d2c9528e488c', 'allowed-protocol-mapper-types', 'oidc-usermodel-property-mapper');
INSERT INTO `COMPONENT_CONFIG` (`ID`, `COMPONENT_ID`, `NAME`, `VALUE`) VALUES('5c7cbfad-65ad-466a-9935-2f99207b4910', '6c2e993f-62a9-40a1-9259-555393b4eecf', 'allow-default-scopes', 'true');
INSERT INTO `COMPONENT_CONFIG` (`ID`, `COMPONENT_ID`, `NAME`, `VALUE`) VALUES('5d91bf14-16a5-4df0-b0f3-7c2fae791ab7', '58e26bfd-a70b-43ec-abd2-6730b5a47a64', 'allowed-protocol-mapper-types', 'saml-user-attribute-mapper');
INSERT INTO `COMPONENT_CONFIG` (`ID`, `COMPONENT_ID`, `NAME`, `VALUE`) VALUES('63dc2d46-96dc-49bf-954f-fdfc9759e873', '004294e6-e026-4139-bb82-ef9c2a28634a', 'allowed-protocol-mapper-types', 'saml-user-property-mapper');
INSERT INTO `COMPONENT_CONFIG` (`ID`, `COMPONENT_ID`, `NAME`, `VALUE`) VALUES('6630113b-7563-44a0-80db-08d1b5d89605', '30f858d6-8547-4ec5-8e39-d08dc717f724', 'allowed-protocol-mapper-types', 'oidc-full-name-mapper');
INSERT INTO `COMPONENT_CONFIG` (`ID`, `COMPONENT_ID`, `NAME`, `VALUE`) VALUES('66f83def-7272-4f3f-99fb-8c7738b98229', 'ea08bbf8-7f7c-4262-9f0d-bc3f4f3b61fa', 'priority', '100');
INSERT INTO `COMPONENT_CONFIG` (`ID`, `COMPONENT_ID`, `NAME`, `VALUE`) VALUES('69503f6b-b7a1-40fc-86fb-11933a575fcc', '58e26bfd-a70b-43ec-abd2-6730b5a47a64', 'allowed-protocol-mapper-types', 'oidc-usermodel-property-mapper');
INSERT INTO `COMPONENT_CONFIG` (`ID`, `COMPONENT_ID`, `NAME`, `VALUE`) VALUES('6a151224-737d-4bfd-a0fe-79330d6e8800', '2d87238d-07ea-4025-aada-22ece54a30d5', 'allowed-protocol-mapper-types', 'oidc-usermodel-property-mapper');
INSERT INTO `COMPONENT_CONFIG` (`ID`, `COMPONENT_ID`, `NAME`, `VALUE`) VALUES('6c2d18f6-4283-41ac-bd2d-c3877f7c16c2', 'b2c5b11c-3478-4e35-9a94-2bae693f4eba', 'certificate', 'MIICmzCCAYMCBgF7zuE5TzANBgkqhkiG9w0BAQsFADARMQ8wDQYDVQQDDAZtYXN0ZXIwHhcNMjEwOTEwMDg0MjUxWhcNMzEwOTEwMDg0NDMxWjARMQ8wDQYDVQQDDAZtYXN0ZXIwggEiMA0GCSqGSIb3DQEBAQUAA4IBDwAwggEKAoIBAQCGMSNk6OI0ZkXyZXU8ch9whuAIcR5OxLqfzgbQBzs3rHV8Hp1VuJ2gBxUJDH5annKDVuSw/4fDCyVnyeJf9c9bKvmdzORRjLuav9d5xwnHOEPo+eiTem8TAue/P62MCZr+rXEF3r1AKry/FIMvFXVVAM03D8Uk84nmksEcRi/W3m+V3fdkZGCwIAsd9zJrj3BCbkVwTQmrANCpIKWAQF/jmYfpW1sKYZXbS4nonu/Zb1X8sVcaFzlOPbX5lVfYn46qKHPXu8Uv7ryp+tbbMuckezgHIxQojKLQz7aBBURfD1FSjnc1VYLKJkyEaxhnP5wrZcXZxyN5ZUxtAJTs9ub/AgMBAAEwDQYJKoZIhvcNAQELBQADggEBAAjK09Msk2AOsOZQBEengtBL6Q32er8lMUQ4NVtWtLeWgm3ii+/8F1qn9bBQtiTUTTpZKJvdgboolYeXXsH8d8tuHeuNMO5JW9JiBR8quvYBXa2bwmC8SE1bqYnuxVWeSeNK5AhnXso/Tj+Q1pxPK6oP4e2R+rJiNJyQeSFMAmUPQRxr2Woy8V/cZ47WTYbb4FkPMTsDUjI8p7rfeP0KrjVf8FVVpafkiu7G2RLbW3bYnr4YLLoQacUh0kc/o0TqqhdCMbQmuFgO9PmR+c+jgw5SQW8fwq9Ws2OOn/9I2IJhmeQ2XOpBXSuAv5t53M21tY253eOyin+f/YxDgeZcHZw=');
INSERT INTO `COMPONENT_CONFIG` (`ID`, `COMPONENT_ID`, `NAME`, `VALUE`) VALUES('6eb05c6b-4d65-4254-93c3-d34f470a5012', '93e79ee0-2f7d-4ce6-bff4-2f0947c29f67', 'certificate', 'MIICmzCCAYMCBgF7zvsVyjANBgkqhkiG9w0BAQsFADARMQ8wDQYDVQQDDAZnYWxheHkwHhcNMjEwOTEwMDkxMTA2WhcNMzEwOTEwMDkxMjQ2WjARMQ8wDQYDVQQDDAZnYWxheHkwggEiMA0GCSqGSIb3DQEBAQUAA4IBDwAwggEKAoIBAQCBjBBZGRdzbgxlrhpWwCdBlSwwgbccyFnFHHtl4BKwgx1EJNwe+hHhdwkt5+gxwQ/hCGNh1rjiE4okSacCqpM+CIpJ1Xgn2djgErAu77r3b59ftBObR+MPNLasPcSswDmfNO/s5wXt9N4WRP7EnGk1xg0lgGp4mpjdkGlZ9OkNkjh2gZsmYGNwf4kxAmyo+bu1OibLHoRNdZ3q3muE3TnO3AxIsFU+0IQ4zrsY5EPx5jcV1e21tu0vUemi0Iq/aq5u+2h3l0ZCkO+xfH9gd8L6/oJ4g7g/xKEWFc+uRzI3G1JcEJbbazqSAtXWsdhqzGPE43V1cz1Njy7RX/CIvCYDAgMBAAEwDQYJKoZIhvcNAQELBQADggEBAEt9utZK0xqMHs7aLJvQfkMh4kxSWcSstkSWw7EqRSHemBsmrTepN6c8dsS813uyRv5F/17SxxToMyYIEed9SdjnN6YpjMDwHmz3dHf3GrXT3eLpyjl01J/tVfFWo3h5fIvQHGHVtdy1nnNT1av/M+QnDYgzG4lGU6qEzlGhJRr/qwmApDSXd6EWN+74801MRXonEoiVpsypG9ZYv3q1OrUpcrp7Ndp3DPV1OUZ/2fL+wJecNNxiSYXocEikbFu6garD/x0HMFv8DTKFkpzK3WUgunvR0YFvakduLT11DWmQE0Ak/LvRlv4S2bZf7J8FxlcFa2GHyAdFfiO4dnNPs+o=');
INSERT INTO `COMPONENT_CONFIG` (`ID`, `COMPONENT_ID`, `NAME`, `VALUE`) VALUES('6f466803-a1bb-47d8-a398-7acaff6b9892', '5bfa9599-fdff-4997-9321-f59408cc6d45', 'allow-default-scopes', 'true');
INSERT INTO `COMPONENT_CONFIG` (`ID`, `COMPONENT_ID`, `NAME`, `VALUE`) VALUES('70566ee6-0109-4161-89ca-0d39d94d96a8', '004294e6-e026-4139-bb82-ef9c2a28634a', 'allowed-protocol-mapper-types', 'oidc-address-mapper');
INSERT INTO `COMPONENT_CONFIG` (`ID`, `COMPONENT_ID`, `NAME`, `VALUE`) VALUES('7608c59d-4943-48e8-ba7d-002fa219ab7a', '84f3db1c-157d-4ee9-b2af-ec59f9f6b979', 'secret', 'ugooUv35a-z0d2jvcOfLGJRE-4pps_ZhdKKebYIew6saQ7rG3s38UknlJ0BctOsfx-5VtfVYqVsmiq7nDd71oA');
INSERT INTO `COMPONENT_CONFIG` (`ID`, `COMPONENT_ID`, `NAME`, `VALUE`) VALUES('76edfa2a-1411-4cc6-a695-946011fd264d', 'a696f890-98b3-4ae2-865a-233aedf320dd', 'certificate', 'MIICmTCCAYECBgF7zuneZDANBgkqhkiG9w0BAQsFADAQMQ4wDAYDVQQDDAVzaGlyZTAeFw0yMTA5MTAwODUyMThaFw0zMTA5MTAwODUzNThaMBAxDjAMBgNVBAMMBXNoaXJlMIIBIjANBgkqhkiG9w0BAQEFAAOCAQ8AMIIBCgKCAQEAors7vU0ceR2+bnrn891hysTkdityDVA2+iidP6rsL/OkXiO+FtiAJK1KEi3T9DDbYdP8GavHGYblMVjAeSC7qpAsD6stCd0HeqYOiccyCa4Mm5Tihchh8Sq+FltdkdVPnCi/O/JOBn9sZauKyWsn6i6StG/1wJs2+Mj1u5XtMN0pdAWH2CfVIB3RoZKnNkY9e60U9T5Ouu/6VBeovYr3gArDKQd5f3H0qhFiAFxJjV2nGzw7UxmDttjoP04dVR85k3PAUJ8wiIkDoz5nUEd3uwJYaVonF3ttqvFffrdtOcd6JEHkOrY9EGRJmOccBCPhhQb6/Xh4GbiFrQVVT2EKzwIDAQABMA0GCSqGSIb3DQEBCwUAA4IBAQAt1UX5QWo6HP5P6O9N4jeb2WRMBKm2vhPUrspbWBySFrL/vq8JKXamfKPY4sFGlVGvdEyydIhBfuYSaco+V+55bzQaHrxlEIFK3UPYBD/IjopqYUDeCiixsgJHRZiTf/39QlAvvJgaAufrw0V0mgOuw4uDAIWIpnbyfvlX+zfwAnz+wzr/g5IgHkEyOm/WQ5p7wY6zxmlZ6jnU5X/QPx9Z/fXpbn0Y3X7V3pc8yhRbdcs81nvumS6rmpcRjFHYfeMvCfbr5N9LAzdtvdcIGQIxA2k1Kr9mN/bmfKuGpyNE2jbfKRmdvEGNfVbu7AWKrBLUDOMYHWuEgk7F3FH0BH/D');
INSERT INTO `COMPONENT_CONFIG` (`ID`, `COMPONENT_ID`, `NAME`, `VALUE`) VALUES('79218874-fad6-476d-8464-940b2849d773', '30f858d6-8547-4ec5-8e39-d08dc717f724', 'allowed-protocol-mapper-types', 'oidc-sha256-pairwise-sub-mapper');
INSERT INTO `COMPONENT_CONFIG` (`ID`, `COMPONENT_ID`, `NAME`, `VALUE`) VALUES('79665368-9f5d-4d78-add9-cf310f123cf3', 'fdae7b18-06a1-48bc-8a2c-cd252401e674', 'allowed-protocol-mapper-types', 'oidc-full-name-mapper');
INSERT INTO `COMPONENT_CONFIG` (`ID`, `COMPONENT_ID`, `NAME`, `VALUE`) VALUES('7a1e8979-dbcb-4188-b9ce-cdf0b043257c', '11a24239-2d49-44b5-9a3f-d2c9528e488c', 'allowed-protocol-mapper-types', 'saml-user-property-mapper');
INSERT INTO `COMPONENT_CONFIG` (`ID`, `COMPONENT_ID`, `NAME`, `VALUE`) VALUES('7bf2ba6a-2d30-4e4a-8873-9a1e4b51dde7', '004294e6-e026-4139-bb82-ef9c2a28634a', 'allowed-protocol-mapper-types', 'saml-user-attribute-mapper');
INSERT INTO `COMPONENT_CONFIG` (`ID`, `COMPONENT_ID`, `NAME`, `VALUE`) VALUES('7d019775-ff6b-4ab8-8ed1-8142175ea8a7', '638f8363-d624-46c5-9cd0-bc500564d4ca', 'max-clients', '200');
INSERT INTO `COMPONENT_CONFIG` (`ID`, `COMPONENT_ID`, `NAME`, `VALUE`) VALUES('7dcd9641-a952-483c-a24f-6523aa0b3993', 'a696f890-98b3-4ae2-865a-233aedf320dd', 'privateKey', 'MIIEowIBAAKCAQEAors7vU0ceR2+bnrn891hysTkdityDVA2+iidP6rsL/OkXiO+FtiAJK1KEi3T9DDbYdP8GavHGYblMVjAeSC7qpAsD6stCd0HeqYOiccyCa4Mm5Tihchh8Sq+FltdkdVPnCi/O/JOBn9sZauKyWsn6i6StG/1wJs2+Mj1u5XtMN0pdAWH2CfVIB3RoZKnNkY9e60U9T5Ouu/6VBeovYr3gArDKQd5f3H0qhFiAFxJjV2nGzw7UxmDttjoP04dVR85k3PAUJ8wiIkDoz5nUEd3uwJYaVonF3ttqvFffrdtOcd6JEHkOrY9EGRJmOccBCPhhQb6/Xh4GbiFrQVVT2EKzwIDAQABAoIBADrWl/MKPpFMP96Sceuq0AEQz8oqS0KlDjvFE5ZBpsRvw66GHeUEwtCAF5gbGdfhEnF8xFpD0elY7OW6wV0KiNBS8Jt5uP8n+9xMzlTiwSTe2ZAndQAKQ99/JNvQjTR9fBtqYDq8kZmn2Pmp3LSXGgeCb2juUl0hwe6SOsdonipcNuSGUyykxjPN4YuMIOXac6zgUCZJOv0VX1++hGB1sytlMrUssniRhayG0AFuehCwOuQDqQ4sLPI7fNAu0NSrYfDk0CbzId0DfIFw5P8OAB8yR7KI5qnmg0CwnVS0RLDLKKi4Lve+gRP+3unRf67Mf3QIWFQr+H8ZiilkFU49igECgYEA9NXh5mgyHgjxPVqKInjmiJO5UeI1UaVgoB5pbb8XD8uNDW2kwdm/+LEAlWDXJyp0tgcf2E+nvcOOywsrZOCIXkkCY8ZTfbTCGu+blB/vJ5Stwi9hP02umRD1aoMLeh3xlIKQb08X6W5f9A26S0mwb/MkjOXL0kP6bmHdRtpGnjECgYEAqibmArkqO5Qa49zAedQReQTGrb3jdw1ujEhfMM52dW9uWJ+P7E++GmqriwWFh1fopM2Z6XnLXY/6nEy6ejCGXSVg7ckByzLKQ2Xg+8+DXPirocF8LT8G8N9B/C+C4Zh3alff3zpLmysXqaF4E/dWbDShebYjFxvmcHSpMbHq+P8CgYB4rMrxM74wC5xL70pSf2CxRI59C4/YNDkR8qtoSl1ljaByU+53FYqHW0a8WcTyKvznk09g4LH+2FqTPWggCoNsZXPmFaSlOujJOfxm3+6Shbe3FH9MIk/CZhdwbjLD9+pQlqH2GvfgOGTW98UwwptSMnd7cvApLRRMP7Q+7esMoQKBgDEB2yXVpzBZzBTtNBLi3dV5ZrAMDUPw/nIxNhmcncndOm8UJiPuI9b/+kCkan08+Kje/wGcLtLX8VqrTtp6t3iEl5JlXrrj+hXHdjGQ50kT5ntEezuc96bQ5vR3yr6nZ12dycFFzRj4JGybMTau+plX31pq91hklM63CzRhBkiJAoGBAJj+GaAmm+/V5CI3xV5cmpfX6T+PGTxgtIeIzEiQsSPu/JfH7At4emrN4rYNHvBmMdjxYvBJOWPc4rI1HVAIwjPr4yh2G5ADCRAk4q5roZ5OrX8t4sxu3tatlkoeGnUetvPUxgnWvBi6O1iOkw4NnZP0yPVfR3ESsfJJbYDE4Ohi');
INSERT INTO `COMPONENT_CONFIG` (`ID`, `COMPONENT_ID`, `NAME`, `VALUE`) VALUES('813d86e0-ee0b-447e-b0ad-9d66ce024369', '2d87238d-07ea-4025-aada-22ece54a30d5', 'allowed-protocol-mapper-types', 'oidc-sha256-pairwise-sub-mapper');
INSERT INTO `COMPONENT_CONFIG` (`ID`, `COMPONENT_ID`, `NAME`, `VALUE`) VALUES('83187d26-54e5-4b68-b8b0-7a08dec59149', 'fdae7b18-06a1-48bc-8a2c-cd252401e674', 'allowed-protocol-mapper-types', 'saml-role-list-mapper');
INSERT INTO `COMPONENT_CONFIG` (`ID`, `COMPONENT_ID`, `NAME`, `VALUE`) VALUES('8399a6f3-1259-4ff8-b860-6b7bbc7f66c2', 'e7501440-746c-4fbd-a1b4-7d741dc0170e', 'client-uris-must-match', 'true');
INSERT INTO `COMPONENT_CONFIG` (`ID`, `COMPONENT_ID`, `NAME`, `VALUE`) VALUES('855d7a37-22af-40a1-9b2a-7dd815eb177a', 'ea08bbf8-7f7c-4262-9f0d-bc3f4f3b61fa', 'privateKey', 'MIIEpgIBAAKCAQEAxVhS57AfH5QKhWUEHuqCRk6PNaj3e7DjybvSIWJvTxucHHUVbIt45Ty4BTjbhWRcuOiRfYwGLD6WjQ/nkAUS6v2F4eYlq9OCz98Mk3t3JCYBZ70pAdZ4c5tZkNKdM4HlBVPP/WwH27jXPGvIwMCAvfHfsPOHO/4Pd2SHL6q8IqH3fJPSA3KIapuJVL8MRZLSn3QlGGS/EYVapmNOEmVlrHqEdLqVC9aOetlvbv/7epp4YAcNRgaUYq62qj7x6ukoDUaxtmCGpeNt7feugGskFjaFjMzBSXhZ/ruBtfOe2ZD2MHqAi5Gmi5KAvUb7iuAiNqPNyuIMMefmV8DT3NgzoQIDAQABAoIBAQCW/+gfw5Fs9je+rfajOUkJRt8pbeo/yK/jEkXMqacF3thqpeQItAeDUBx2UnUV8h9IlRuN9vBaNmG3+e1zM46wI+CnYxR8D1FOgRr8VkJpdHMqz4BrGZH802eK+ryyRrfYhbLl9B1nMF3wq4BmjGV18Xb5zL0zWEi5UEBoZrmhvPZfok18g0veIHQb7hEirv7X+ulDHXSBTLE/G9AQxHwIBb8KkTe8i3RpWQCAE01bEbM4NAsp3SbnTSScRCCgd6BP4tDg9Opvkr5AdIVX+3Fc4iwlT0dPusjt7iDj6vHtvc7hgb91gWYIYFVvy0FauJ8kq+Hl4cSt3OA7uSsCrx1hAoGBAP0P1TM4enKUMd+DmzQu6jEd0xFI1fz3WXHl0GJUjdcHgHvg4rVYrK+xv7QwHjDgv4A0TfwhrZg4V9KzB2Wa/vesuoSE1NqY0CPuqytCYTQZnmITkIuv/Zf6r3JEu8ssvEHNnFPJeA3nGKv8+bxGjNcN9+bJ2ZmtHbY69tc4dcNFAoGBAMei4sI1M7s0ZVfeN+bUBCMRktvEVT8FH0lfS8psOqxyBM9eROLtb+1771bqMyDvulNzSjU+5HkAxgTDihpk4p6G8Tupm7SF5YxeGLULiQRLCAQ7qRZu0iS8BODc94302tkVybgKBsAoNLLnXMVeGzB2fQEKjPPIE8MVxHg6GyatAoGBAJXQH7lZADSAwx29fc5gz8gQDfo3kmdVz5/8G2d7AxV/nXK46b3OJz1ED2eO7PCmvPga/uf60BhDksprrj9aiQL7QNhfAtv+h4oeKztK6ty7JeaOCo6Hu6uTfvY49qwLac/S928q4GXqn9KByx7I7WwLGu2IJcgyklplgehbxmu5AoGBAKxHWMCYAOiQstQ9JKjCVj+dLssQhzA3T2SWJGWvOIMQci4x/+iFVo3u4gBzY2QM/RJ+7487kxcJH9mElW1pmleLxCnkmEYVNp8HpPK33aoixexBQA3n3NlumBclGU0b/LBSKR31KRYynCe3mUuJhpUv63g2jqTiCIvWARJvsnaRAoGBAJON56rP+o+2VPafJrugKbtB0MMZuAo2wqOW03Q+Pb3aao5dSRTH0TKrkdq9N4b7G8MSmnzLIEfnLZLLFpuHPJpQrBEfCGM3KuX0ad8AzFjzA8nqIAr9IbiikzPUnuwQ++KdboiFLgQ1yI7YK9/BOuzyejKlFlIvBHG+88v3W8Ax');
INSERT INTO `COMPONENT_CONFIG` (`ID`, `COMPONENT_ID`, `NAME`, `VALUE`) VALUES('858fd6bf-4ffe-4ea9-af55-f945e10f790d', '02ec5087-fc4d-4290-a088-92d3dc1a4c33', 'priority', '100');
INSERT INTO `COMPONENT_CONFIG` (`ID`, `COMPONENT_ID`, `NAME`, `VALUE`) VALUES('86098d60-6ba4-4cb6-a320-425fcc43bad3', 'ea08bbf8-7f7c-4262-9f0d-bc3f4f3b61fa', 'keyUse', 'sig');
INSERT INTO `COMPONENT_CONFIG` (`ID`, `COMPONENT_ID`, `NAME`, `VALUE`) VALUES('8617a578-7757-4b60-ba1c-6328e2758e10', '5a6e06fc-98dc-4728-baf6-220bfdda2217', 'allowed-protocol-mapper-types', 'saml-role-list-mapper');
INSERT INTO `COMPONENT_CONFIG` (`ID`, `COMPONENT_ID`, `NAME`, `VALUE`) VALUES('89790691-ae05-4283-9e75-91e1ff357053', '20c2c120-48a0-417f-a1a0-9f203e287219', 'priority', '100');
INSERT INTO `COMPONENT_CONFIG` (`ID`, `COMPONENT_ID`, `NAME`, `VALUE`) VALUES('8a165671-b7a8-4aeb-a747-813931127abe', 'fdae7b18-06a1-48bc-8a2c-cd252401e674', 'allowed-protocol-mapper-types', 'saml-user-attribute-mapper');
INSERT INTO `COMPONENT_CONFIG` (`ID`, `COMPONENT_ID`, `NAME`, `VALUE`) VALUES('8b5ac3bd-6ee0-400d-b8c3-7d452ac323d6', '2d87238d-07ea-4025-aada-22ece54a30d5', 'allowed-protocol-mapper-types', 'saml-user-property-mapper');
INSERT INTO `COMPONENT_CONFIG` (`ID`, `COMPONENT_ID`, `NAME`, `VALUE`) VALUES('91b39b3c-30c7-4902-a30b-54d49fb9ac26', '11a24239-2d49-44b5-9a3f-d2c9528e488c', 'allowed-protocol-mapper-types', 'oidc-address-mapper');
INSERT INTO `COMPONENT_CONFIG` (`ID`, `COMPONENT_ID`, `NAME`, `VALUE`) VALUES('955c1c0a-ef1c-4671-9568-cec1a3fb7a72', '52274e7f-8584-4881-9dfa-81efa6d87710', 'max-clients', '200');
INSERT INTO `COMPONENT_CONFIG` (`ID`, `COMPONENT_ID`, `NAME`, `VALUE`) VALUES('95c271aa-82da-43ec-a05a-674f3e39082a', '30f858d6-8547-4ec5-8e39-d08dc717f724', 'allowed-protocol-mapper-types', 'oidc-usermodel-property-mapper');
INSERT INTO `COMPONENT_CONFIG` (`ID`, `COMPONENT_ID`, `NAME`, `VALUE`) VALUES('97c8e97e-6772-4dcd-a287-51278469ff46', '11a24239-2d49-44b5-9a3f-d2c9528e488c', 'allowed-protocol-mapper-types', 'oidc-usermodel-attribute-mapper');
INSERT INTO `COMPONENT_CONFIG` (`ID`, `COMPONENT_ID`, `NAME`, `VALUE`) VALUES('97d8e290-d093-4c16-bafc-c2e881094fca', 'c667a528-444e-429d-973b-8507a262d0b7', 'kid', 'b9501afb-85f3-4c08-9a7a-f029f7e5bd03');
INSERT INTO `COMPONENT_CONFIG` (`ID`, `COMPONENT_ID`, `NAME`, `VALUE`) VALUES('98222d0b-d83c-431b-9e05-f14d0c7fa32e', 'fdae7b18-06a1-48bc-8a2c-cd252401e674', 'allowed-protocol-mapper-types', 'oidc-usermodel-property-mapper');
INSERT INTO `COMPONENT_CONFIG` (`ID`, `COMPONENT_ID`, `NAME`, `VALUE`) VALUES('99d74695-68f1-4666-b94a-69036f9453de', 'cdf19453-f880-4bc5-8057-e8fa5f4503d5', 'priority', '100');
INSERT INTO `COMPONENT_CONFIG` (`ID`, `COMPONENT_ID`, `NAME`, `VALUE`) VALUES('9b08f026-db8c-494b-99f5-f95d848bd97d', '161ee6e9-e27e-435c-97d6-94643ae15eb3', 'allow-default-scopes', 'true');
INSERT INTO `COMPONENT_CONFIG` (`ID`, `COMPONENT_ID`, `NAME`, `VALUE`) VALUES('9e392ebd-1895-433d-97b2-780708add4b7', 'd716875f-ae98-45c2-9b47-546ab03d00de', 'secret', 'UrnMElpYzmH3WA2ED7BIibD8SII7URitDcVxIkDu6gAk1Bt0mxN6ZZ6-agVywbp9fWgVl4BkEoLu95zQMFAfEg');
INSERT INTO `COMPONENT_CONFIG` (`ID`, `COMPONENT_ID`, `NAME`, `VALUE`) VALUES('9fa9b186-3152-46be-9db8-3c5110308ea0', 'd716875f-ae98-45c2-9b47-546ab03d00de', 'kid', '8e0dc30c-db02-46e9-be78-05d974fce894');
INSERT INTO `COMPONENT_CONFIG` (`ID`, `COMPONENT_ID`, `NAME`, `VALUE`) VALUES('a1d36be5-d958-4802-a5d9-579efef8eb86', '11a24239-2d49-44b5-9a3f-d2c9528e488c', 'allowed-protocol-mapper-types', 'oidc-sha256-pairwise-sub-mapper');
INSERT INTO `COMPONENT_CONFIG` (`ID`, `COMPONENT_ID`, `NAME`, `VALUE`) VALUES('a2f9450b-ea18-4e33-bf27-27a4c97daf51', '11a24239-2d49-44b5-9a3f-d2c9528e488c', 'allowed-protocol-mapper-types', 'saml-role-list-mapper');
INSERT INTO `COMPONENT_CONFIG` (`ID`, `COMPONENT_ID`, `NAME`, `VALUE`) VALUES('a58b871b-3006-484f-9385-c257a5b71699', '58e26bfd-a70b-43ec-abd2-6730b5a47a64', 'allowed-protocol-mapper-types', 'saml-role-list-mapper');
INSERT INTO `COMPONENT_CONFIG` (`ID`, `COMPONENT_ID`, `NAME`, `VALUE`) VALUES('a64c7c79-4e8c-4ef0-a75c-2601d6a1e118', '30f858d6-8547-4ec5-8e39-d08dc717f724', 'allowed-protocol-mapper-types', 'oidc-usermodel-attribute-mapper');
INSERT INTO `COMPONENT_CONFIG` (`ID`, `COMPONENT_ID`, `NAME`, `VALUE`) VALUES('a7b138ac-0bd4-4026-aebc-efe8d94fc587', '93e79ee0-2f7d-4ce6-bff4-2f0947c29f67', 'priority', '100');
INSERT INTO `COMPONENT_CONFIG` (`ID`, `COMPONENT_ID`, `NAME`, `VALUE`) VALUES('a9e2175d-1066-4786-8e93-592630dfd9eb', 'b2c5b11c-3478-4e35-9a94-2bae693f4eba', 'privateKey', 'MIIEowIBAAKCAQEAhjEjZOjiNGZF8mV1PHIfcIbgCHEeTsS6n84G0Ac7N6x1fB6dVbidoAcVCQx+Wp5yg1bksP+HwwslZ8niX/XPWyr5nczkUYy7mr/XeccJxzhD6Pnok3pvEwLnvz+tjAma/q1xBd69QCq8vxSDLxV1VQDNNw/FJPOJ5pLBHEYv1t5vld33ZGRgsCALHfcya49wQm5FcE0JqwDQqSClgEBf45mH6VtbCmGV20uJ6J7v2W9V/LFXGhc5Tj21+ZVX2J+Oqihz17vFL+68qfrW2zLnJHs4ByMUKIyi0M+2gQVEXw9RUo53NVWCyiZMhGsYZz+cK2XF2ccjeWVMbQCU7Pbm/wIDAQABAoIBAChHIX+NYzAlLoOGLn05J/SnlyERiu5LoFSNC4BvWzfnvM/HhKQRKMa6uXag2GAsxORlNXlnCYHim5SehSMWbenIaWoS8MkFe94EDRIRSv8QBVotgMCbdDF5osPFwjqRO4OL3avMYnObIFIePw3n2/Lqra4EPsFLlC2wCOSKsJtGc0dyTH4ZEXAwOXQPOc+yFamKfiATAw406KeAY9mE1RZFvCAgSUYk4j9GiBR3U4UjBSMhQAS7rQr8wdwjPdhbp92uW42wQaUcf6UaO0Zx7EYhnvdmyCjo7/QdUrl7T9bodscS1eY7HKNp7/mx5z6FebolkZ0tX2XiPftJad16GkECgYEAwhvE59ula+Q84zHxwWWhctyXyiFZQj5fSDcvz4CuV28Q32i7CUjzcxMiSn2L+KK10N8c6/nOxSnl26AkjDVV8y5sIlUc9EhSFujWxL0d9utNEXVo2PtQjnjrDVjxbgNeiL8YqCkidTMG1vktktrrxxCjvBSznQ0kbPQP2fofWiECgYEAsPqkuoVhiMAMhPS4Bbxww4DGYzmYKH5X91iCu3NmYDvcHMJQ46NJnP67Z30X4ptAXkrnG6Y6WW2uHLxOqOU8gySDKFHv6lsBgoEm+yOLjWgfmYJjG4shSQYOm3SMOfcPzauojRC9vvB7q//mbqaem62k4HC+xRhoiqcb8rPNXR8CgYATdMca2mhNVTZJK5No6C/znGrWhts0iZ3xVh7DtMlE2EwfqJa+yoIkcbGJN+ZUyLJiukpi2MpB9v4kMnwXVa1Ez81k75UUYz9fLn2AgNhFDLbP3i3hOeeMMFCXKOgiN9I88LKfAGiEyNWRrK5Fvw3NCTzwOD78qfmRtjD0j16fIQKBgQCRvuf33y4SYy4sNCh0ONqYdi1qu5yOBHZG8TJAUunFaKZ9XJ0mymsuCi2lLUSFTpt0y7SFdaBp00Rmz8DroFT0HxaQFuJAGpAkvF2wxnX/jvcvAUzC+xH/RCi1ZwawGcF++9XDzjykyQDgBc7r4vWNeTPlzZOdVtuJC9OdTOtbuwKBgFqtDbmPLBSqinO2FGJzIhDDXZpXOCMDlqI/OLO+u6NWUN0LYI+syZ61jGT/Pij7OHdDDBVNprXTPZAp/JL7o2jYicqwGRP1NyuSPZS0cNuajf2UPM2/CjBn9m97tj5pl3ji0XPpvEnp39JA8D/yEY613hTWTiv2wF9UQycir1n6');
INSERT INTO `COMPONENT_CONFIG` (`ID`, `COMPONENT_ID`, `NAME`, `VALUE`) VALUES('aa26a4df-a9b2-46a2-8dc9-5b92e2e363f8', '746e795f-1e32-4d9f-a03e-b3e4db8eb4ea', 'secret', 'f51Y7tknFwQLIBwFeIG_hA');
INSERT INTO `COMPONENT_CONFIG` (`ID`, `COMPONENT_ID`, `NAME`, `VALUE`) VALUES('aa306f30-1c7f-490d-8dac-e845bb45de76', '58e26bfd-a70b-43ec-abd2-6730b5a47a64', 'allowed-protocol-mapper-types', 'oidc-full-name-mapper');
INSERT INTO `COMPONENT_CONFIG` (`ID`, `COMPONENT_ID`, `NAME`, `VALUE`) VALUES('aab8cbae-37ab-46f4-a721-b4aa3137f6dd', '08fbbb17-2de2-4936-9cff-ad68d2773e57', 'allow-default-scopes', 'true');
INSERT INTO `COMPONENT_CONFIG` (`ID`, `COMPONENT_ID`, `NAME`, `VALUE`) VALUES('ac8f5570-330c-4839-ac31-8c0ff692a9e1', '58e26bfd-a70b-43ec-abd2-6730b5a47a64', 'allowed-protocol-mapper-types', 'oidc-usermodel-attribute-mapper');
INSERT INTO `COMPONENT_CONFIG` (`ID`, `COMPONENT_ID`, `NAME`, `VALUE`) VALUES('ad2eb5c9-3115-47dc-a7f0-9c26e7ce8c12', '747c0032-5d22-407d-aad0-a8575cfeaa01', 'priority', '100');
INSERT INTO `COMPONENT_CONFIG` (`ID`, `COMPONENT_ID`, `NAME`, `VALUE`) VALUES('b0e0fce2-9e51-47e4-93b3-ce64e6088cd8', '5a6e06fc-98dc-4728-baf6-220bfdda2217', 'allowed-protocol-mapper-types', 'oidc-usermodel-attribute-mapper');
INSERT INTO `COMPONENT_CONFIG` (`ID`, `COMPONENT_ID`, `NAME`, `VALUE`) VALUES('b5e7e812-9686-4e7a-9008-f3a9ea3ade73', '2d87238d-07ea-4025-aada-22ece54a30d5', 'allowed-protocol-mapper-types', 'oidc-full-name-mapper');
INSERT INTO `COMPONENT_CONFIG` (`ID`, `COMPONENT_ID`, `NAME`, `VALUE`) VALUES('b77311f6-adb3-4dce-a765-5dc5039954e6', '93e79ee0-2f7d-4ce6-bff4-2f0947c29f67', 'privateKey', 'MIIEowIBAAKCAQEAgYwQWRkXc24MZa4aVsAnQZUsMIG3HMhZxRx7ZeASsIMdRCTcHvoR4XcJLefoMcEP4QhjYda44hOKJEmnAqqTPgiKSdV4J9nY4BKwLu+692+fX7QTm0fjDzS2rD3ErMA5nzTv7OcF7fTeFkT+xJxpNcYNJYBqeJqY3ZBpWfTpDZI4doGbJmBjcH+JMQJsqPm7tTomyx6ETXWd6t5rhN05ztwMSLBVPtCEOM67GORD8eY3FdXttbbtL1HpotCKv2qubvtod5dGQpDvsXx/YHfC+v6CeIO4P8ShFhXPrkcyNxtSXBCW22s6kgLV1rHYasxjxON1dXM9TY8u0V/wiLwmAwIDAQABAoIBABcHUPilrzeDvoxssJ3vNos/+0T8KhLhwqN5dq4bcPcTt6Yfb0nKZldQE7+nU+1URoBYP2JrCx6VHp9owFmG/PmwBvUtD1j2LslWSR9u2iuWGhynJD0cQE65ridcK5QR76xPer8AKlushbYruaY1r7YxaLDb7RFXWgk43KFzGeKhdG3+lnpqsNdK71LuNNw2kmY9HTEoAo2waqsHzluEbl+AkShdj0vyfZvEpZRPV0djtgLZFBH+B0YXFaIRYjXjwDA36Kdma02f9WR3/BXbmOAGn9krJ+mCMF9zz1vuc4w3wIOLCs1UHtjnTjcKyJ6sK/c3hvnsRa/fx+fL3x8+fEECgYEAyrOuqqARYblOe8aEYcv+xDKGKotDZgVtNfvEI9juH5W4Zbl9EbLL2ns+fzJhlg6LMR0X/BQXH5BpzxN149cyGtpb1Bwiqd2BY5BecuOkFFvNHhkHP7j0ABanijJ9yjT8S6rg2ncs0ViaLI6eBzwSqcVLWD94Lgin1f1g3wK+5JECgYEAo5wrv8OA0RChuQmvIzOSRJ9TAObr9Pn1gBLpBvNJ/Ya7TWlNBmzoSDaMSv9otvgqV3CcChZOKbvy4JELtuBa5gdTqUq7Q7/rIrtCKYqAeLSQGpaIF+nI5YV4OtqLOwjF1qwCoxzwZgmW6hkTE9IFTc+GkwyChHoBU0zFkEpQ21MCgYEAjIvTwyjjhG/ZNEdsSOcKCf3CO0N+gwGmPLUJxZVHXo0QYzAewSPI5v9nUQic00/YQUCb/cPsWI1oYBVtO4JdknLvEv5DJqaYbXGPm3etsBQLACB4fz19qYYLuu3RfGAKw2iDKddSMwGNPPHSLs//XMmYuWKgsMJ9pQlfnqGnvJECgYB1viJN8yh1TH7WZ32+25JcCDz33TfaKTjgXruM4PFSnu+Umj9wbFgOABOetYhqhNYT71qcd8jwh+4WZswDZBqGiKdQohN6gld5u0G2G5KxS2CZgdOXQgvuAcuwry6b4YhfIZMUR/NJu4T8G+d60B45DSxQDySuqg7iH9HeMV1XOQKBgEec1/KqqNv0y9M2ZBs3fPZix4qp+Y/9LbfAOp0auZsghXDKAmKfdryO6rp+V8MjXOydJw4uOYW5cB+1hH7zKVMZl32YCIjvaWWmv3MQcruo1an8b4ef1807sFJzOSXte5thwWop8oiMi5XQm0HWbAn9Oc6QWXM8JCdQY3K7vejJ');
INSERT INTO `COMPONENT_CONFIG` (`ID`, `COMPONENT_ID`, `NAME`, `VALUE`) VALUES('b869e306-02de-4a9a-86bf-7f017f3acb01', 'a696f890-98b3-4ae2-865a-233aedf320dd', 'priority', '100');
INSERT INTO `COMPONENT_CONFIG` (`ID`, `COMPONENT_ID`, `NAME`, `VALUE`) VALUES('b913aa5f-d88d-41d0-84b3-8a8df97c341f', '5a6e06fc-98dc-4728-baf6-220bfdda2217', 'allowed-protocol-mapper-types', 'oidc-usermodel-property-mapper');
INSERT INTO `COMPONENT_CONFIG` (`ID`, `COMPONENT_ID`, `NAME`, `VALUE`) VALUES('bb0ad139-b97d-45c5-9a46-1c2a24c4bcd1', 'e7501440-746c-4fbd-a1b4-7d741dc0170e', 'host-sending-registration-request-must-match', 'true');
INSERT INTO `COMPONENT_CONFIG` (`ID`, `COMPONENT_ID`, `NAME`, `VALUE`) VALUES('bbe731d2-eb9f-41a4-a18b-98c723d39a02', 'fdae7b18-06a1-48bc-8a2c-cd252401e674', 'allowed-protocol-mapper-types', 'saml-user-property-mapper');
INSERT INTO `COMPONENT_CONFIG` (`ID`, `COMPONENT_ID`, `NAME`, `VALUE`) VALUES('bc75e981-5247-4eee-b28f-b3357f729fb9', 'b2c5b11c-3478-4e35-9a94-2bae693f4eba', 'priority', '100');
INSERT INTO `COMPONENT_CONFIG` (`ID`, `COMPONENT_ID`, `NAME`, `VALUE`) VALUES('bcf242c8-3ca9-4a1c-b0fa-3dbc8e10e1eb', '8a79a27f-2d3e-470c-a99d-b99d7dabf313', 'allowed-protocol-mapper-types', 'oidc-full-name-mapper');
INSERT INTO `COMPONENT_CONFIG` (`ID`, `COMPONENT_ID`, `NAME`, `VALUE`) VALUES('bf6a62ed-c76c-44bf-8751-ab9ab12304cd', '8a79a27f-2d3e-470c-a99d-b99d7dabf313', 'allowed-protocol-mapper-types', 'oidc-usermodel-property-mapper');
INSERT INTO `COMPONENT_CONFIG` (`ID`, `COMPONENT_ID`, `NAME`, `VALUE`) VALUES('c31a9a57-dbe5-499b-998f-a4ecad88ccd3', 'b2c5b11c-3478-4e35-9a94-2bae693f4eba', 'keyUse', 'sig');
INSERT INTO `COMPONENT_CONFIG` (`ID`, `COMPONENT_ID`, `NAME`, `VALUE`) VALUES('c41c76bb-8dcb-45be-8cb1-cad0389a5d5a', 'b815f5f4-22a4-4e42-b8a9-ca0733750f8d', 'priority', '100');
INSERT INTO `COMPONENT_CONFIG` (`ID`, `COMPONENT_ID`, `NAME`, `VALUE`) VALUES('c8301102-d80a-4d13-8d83-5d8526b7ffc0', '004294e6-e026-4139-bb82-ef9c2a28634a', 'allowed-protocol-mapper-types', 'saml-role-list-mapper');
INSERT INTO `COMPONENT_CONFIG` (`ID`, `COMPONENT_ID`, `NAME`, `VALUE`) VALUES('ca489061-27d1-4439-b0db-10138f71f924', '8a79a27f-2d3e-470c-a99d-b99d7dabf313', 'allowed-protocol-mapper-types', 'saml-role-list-mapper');
INSERT INTO `COMPONENT_CONFIG` (`ID`, `COMPONENT_ID`, `NAME`, `VALUE`) VALUES('cd013c2e-e644-4128-84e5-5f19b920b3df', '004294e6-e026-4139-bb82-ef9c2a28634a', 'allowed-protocol-mapper-types', 'oidc-usermodel-attribute-mapper');
INSERT INTO `COMPONENT_CONFIG` (`ID`, `COMPONENT_ID`, `NAME`, `VALUE`) VALUES('ce964635-220a-4525-a2d7-6824ebd659b7', 'd8c6a7af-ab71-430e-a344-74bcc1b63cdb', 'kid', '0fb47306-2286-4a95-9a61-379debb676fe');
INSERT INTO `COMPONENT_CONFIG` (`ID`, `COMPONENT_ID`, `NAME`, `VALUE`) VALUES('d21f1c13-f065-4479-bda9-4bcd3fe99769', '5691a13b-374d-4312-9f48-b98ab047fa89', 'algorithm', 'HS256');
INSERT INTO `COMPONENT_CONFIG` (`ID`, `COMPONENT_ID`, `NAME`, `VALUE`) VALUES('d4b653b9-c950-4301-aeb6-ea51278cf8af', '774ecada-034c-4342-b8ac-a50667f578b8', 'allow-default-scopes', 'true');
INSERT INTO `COMPONENT_CONFIG` (`ID`, `COMPONENT_ID`, `NAME`, `VALUE`) VALUES('d4d010a4-fc07-4668-ba9b-12e83d2e1df2', '5691a13b-374d-4312-9f48-b98ab047fa89', 'secret', 'b1tal-ZGnUtdpkjk4AkkL4HpCs7ThDfp573m6LigsxO2rFQSPLSWuMDX49V_kL59muOn5_Fuz5xDhoJtii1BgA');
INSERT INTO `COMPONENT_CONFIG` (`ID`, `COMPONENT_ID`, `NAME`, `VALUE`) VALUES('d4d2ec88-da0a-423b-8b58-ec9d9bba5e34', '5a6e06fc-98dc-4728-baf6-220bfdda2217', 'allowed-protocol-mapper-types', 'saml-user-attribute-mapper');
INSERT INTO `COMPONENT_CONFIG` (`ID`, `COMPONENT_ID`, `NAME`, `VALUE`) VALUES('d739664f-330a-450d-9909-dd024f254542', '02ec5087-fc4d-4290-a088-92d3dc1a4c33', 'keyUse', 'sig');
INSERT INTO `COMPONENT_CONFIG` (`ID`, `COMPONENT_ID`, `NAME`, `VALUE`) VALUES('d76738b7-db97-4515-9d77-b4f04cb8218b', '30f858d6-8547-4ec5-8e39-d08dc717f724', 'allowed-protocol-mapper-types', 'oidc-address-mapper');
INSERT INTO `COMPONENT_CONFIG` (`ID`, `COMPONENT_ID`, `NAME`, `VALUE`) VALUES('d770f3c3-6c06-4cf7-97df-e29c9f41e209', 'fdae7b18-06a1-48bc-8a2c-cd252401e674', 'allowed-protocol-mapper-types', 'oidc-sha256-pairwise-sub-mapper');
INSERT INTO `COMPONENT_CONFIG` (`ID`, `COMPONENT_ID`, `NAME`, `VALUE`) VALUES('da8996b9-d98c-4052-80ee-425337e0c1fd', '84f3db1c-157d-4ee9-b2af-ec59f9f6b979', 'priority', '100');
INSERT INTO `COMPONENT_CONFIG` (`ID`, `COMPONENT_ID`, `NAME`, `VALUE`) VALUES('ddb2ce53-ae34-4273-a6c4-5cfad126618f', 'fdae7b18-06a1-48bc-8a2c-cd252401e674', 'allowed-protocol-mapper-types', 'oidc-usermodel-attribute-mapper');
INSERT INTO `COMPONENT_CONFIG` (`ID`, `COMPONENT_ID`, `NAME`, `VALUE`) VALUES('e5ec96e1-1132-4cb1-9408-69946268256a', 'a696f890-98b3-4ae2-865a-233aedf320dd', 'keyUse', 'enc');
INSERT INTO `COMPONENT_CONFIG` (`ID`, `COMPONENT_ID`, `NAME`, `VALUE`) VALUES('e60e6ad2-d275-415c-afdb-1f6226370198', '004294e6-e026-4139-bb82-ef9c2a28634a', 'allowed-protocol-mapper-types', 'oidc-usermodel-property-mapper');
INSERT INTO `COMPONENT_CONFIG` (`ID`, `COMPONENT_ID`, `NAME`, `VALUE`) VALUES('eb4cd844-ba6c-4860-a2ad-bc760c45935d', '84f3db1c-157d-4ee9-b2af-ec59f9f6b979', 'algorithm', 'HS256');
INSERT INTO `COMPONENT_CONFIG` (`ID`, `COMPONENT_ID`, `NAME`, `VALUE`) VALUES('eefa2816-7d4b-4e90-be66-e6088df9c64c', 'c667a528-444e-429d-973b-8507a262d0b7', 'priority', '100');
INSERT INTO `COMPONENT_CONFIG` (`ID`, `COMPONENT_ID`, `NAME`, `VALUE`) VALUES('f0fce237-f2de-474b-a492-786382242e91', '73b2ebff-0ee5-4d2e-a574-52ebb4f8eeca', 'client-uris-must-match', 'true');
INSERT INTO `COMPONENT_CONFIG` (`ID`, `COMPONENT_ID`, `NAME`, `VALUE`) VALUES('f26b0f5c-5cfc-4066-bdfb-59576fcebca7', 'eb2da1d7-590a-4775-b237-af0212b68de5', 'allow-default-scopes', 'true');
INSERT INTO `COMPONENT_CONFIG` (`ID`, `COMPONENT_ID`, `NAME`, `VALUE`) VALUES('f2cd1038-44cf-4877-a0b6-0c197e69f6f7', 'b60d662f-aa7b-486f-bf9e-4c3deed7ec89', 'allow-default-scopes', 'true');
INSERT INTO `COMPONENT_CONFIG` (`ID`, `COMPONENT_ID`, `NAME`, `VALUE`) VALUES('f32407a5-1cd4-4463-9e6f-416cba931d19', 'ea08bbf8-7f7c-4262-9f0d-bc3f4f3b61fa', 'certificate', 'MIICmzCCAYMCBgF7zvsU2DANBgkqhkiG9w0BAQsFADARMQ8wDQYDVQQDDAZnYWxheHkwHhcNMjEwOTEwMDkxMTA2WhcNMzEwOTEwMDkxMjQ2WjARMQ8wDQYDVQQDDAZnYWxheHkwggEiMA0GCSqGSIb3DQEBAQUAA4IBDwAwggEKAoIBAQDFWFLnsB8flAqFZQQe6oJGTo81qPd7sOPJu9IhYm9PG5wcdRVsi3jlPLgFONuFZFy46JF9jAYsPpaND+eQBRLq/YXh5iWr04LP3wyTe3ckJgFnvSkB1nhzm1mQ0p0zgeUFU8/9bAfbuNc8a8jAwIC98d+w84c7/g93ZIcvqrwiofd8k9IDcohqm4lUvwxFktKfdCUYZL8RhVqmY04SZWWseoR0upUL1o562W9u//t6mnhgBw1GBpRirraqPvHq6SgNRrG2YIal423t966AayQWNoWMzMFJeFn+u4G1857ZkPYweoCLkaaLkoC9RvuK4CI2o83K4gwx5+ZXwNPc2DOhAgMBAAEwDQYJKoZIhvcNAQELBQADggEBAALuF3v8guPo3cqLyFXQEoQg20NPAH2ZjwvyNzuciS9UbYhLwn+fzBSsJO0P0vy+ApbR3sN5pxhWxWO3KkWsvdXQODIgayoeYyXUhTLRhM6pD8saoI0MZVDi+PE6ehFWm2GAD7QlqG7d2g/XJqGcadzVwBqBWdK5B2qez7wtStF3cdCmQcB+J7gWiIllm3U6GMvU+Bc91VFHHwxCDO0fnENJu2NSni1WPQvRevj0oCPbAAF22fxX4SdB01mkWg9nfXOJEml9neqZbN0SpWC4AKsexRmKnH0jUIhPk+9pipaT/lcfg/SSRtzqiS5vd240vXLQGD+fX55IGUspmmKPX4s=');
INSERT INTO `COMPONENT_CONFIG` (`ID`, `COMPONENT_ID`, `NAME`, `VALUE`) VALUES('f42ee4ab-3087-40aa-a429-60d9df76a684', '20c2c120-48a0-417f-a1a0-9f203e287219', 'privateKey', 'MIIEowIBAAKCAQEAiSYmZHxtd2JbfYWSScLglQevuthpBM54OFdbNzbUqkqhlR4MLztgqwHkQXs3k8k9Rk+dYUt1bfDSQGLyQQ+e6HNQtkY5TQvHMu3KX3RD8pEIOQ1iL27YvikUUApHNQyCfGRu8gkV8z309u3sgo+QmI5CnIGnuLHjwp2jQM03nekCd5Uuw+KoBugE678gHavMJaVz9EIAfuKL7pTiYODB8A3mR5GD/sYKmhRAOhfBl+k+9gviRm2vjZ962tuEtOmHG3DapR7uZUSYNfPUbOGIoXnaf8uxwrJruovKpNKoolIwfHNV/wyTFuWC0PmktL1MdMfrYjvaXk6M3+6rVwAmHwIDAQABAoIBAE4K/Hvf5jayLJe/41+/2iZT6marcQ9AIl8FLq27sMZ6k3oUUCCsbDTDbczpPdYGBK027rqHwvnduPbUlz/4kJd7zyj5yu+RzTeo4qjwsx2b9A7rE70kGYgUPi/RuXVxeespB40JKIly7yt4dkZRRZnaEgOXMAbEi3OaWmSsooJjWLcGGdFCW/A4KmpTv0JkgwDM+leeArcnGnQ7Sr1Z30N2rvrqxVWNlvx5MZ8kaTRLbcsUE0luhF8KYYjZz0ErR9PQq7XL3fndzaDfW/EYKDAuOrMZDd0cYM31G9QmVxbf4/xffLgBkKj8wAYsOYDkKuvuLNLqsmKWgI+UF8qPq4ECgYEAyLtwKf/o3suDRRU9W/rS6XUpoutRAx6m0kikCngSzM4PPF++9b/5EfleahUUXvvLB4CNSwwwWtPwJJXcUcnzo3yDB8H7Tb3gJkvW1M+B8TrArTYTwGltZanEs8MU7gTJ+2DhT9xTuFk0OVojC4tTvWBmeuFxyGk64gZ9SI38l0ECgYEArukRSnyDs1gEnt70wBeJNnSY7Zul9vaaS0cL//Ip4GuMhEpfLmgwB6rnJp2RgbOR5AYMna7+S4lmu8RtnVbXGgPSJGvZijjqaQp1i7Qbr2zGZ94sVOW8yIsFuRwy1HA4IF/6tvhb49ix5BbEXkUZb+Lp+Gnyhxzg2Rhp9LUfxV8CgYAHTtusi8acpegnkbhkKuOW4E8dwVd3t5v3N/HQ98IndrETT6ESLWUSBHQthIrzUlN3+HQscUspY2Hw0wvsZl/aaeQTWjqd//WzLzupD8z5TVxKcheR/8Sd2OpyaP3QFJiN8F8Dm0/o/EZseB2ig/YOhP32J1MPKtWb+QSCqbiygQKBgDEAKk/rwhmkNucrHvYRoecXkyA90qj1PRSJutrhRMoSVzNYgoHFvm7negpfajwjymNPLomeVK9kttszlGHXyjsHhv+dFzyZ5VG4FGYm9vqWRp8iptjB47lq+Rd6xuKs7YxkVyCbQ2L5ehykJC8kvJOTxmhJhiBD/tnS9RwRAe2RAoGBAJdvHNTbEIyVnjIWEqc4Yh6EgzeZyTR5HyIpiP9t2OpeTX3ep59KXWBCAZXyeMc7vHBzXIaVALD0tTbTZKQ1tnT6bGWs0igtLuUIqyCLppuQpbeySxFZA2SCwwiYf8WsLuMcX/noBbHCgVDfQt/DAOaoJXAzbGH7hiEYLrYR7sqo');
INSERT INTO `COMPONENT_CONFIG` (`ID`, `COMPONENT_ID`, `NAME`, `VALUE`) VALUES('f4fd2ef0-b88b-4465-bf27-42c7e19806a9', '20c2c120-48a0-417f-a1a0-9f203e287219', 'keyUse', 'enc');
INSERT INTO `COMPONENT_CONFIG` (`ID`, `COMPONENT_ID`, `NAME`, `VALUE`) VALUES('f5d8047e-886b-40a2-90dc-657ce4c31c16', '5a6e06fc-98dc-4728-baf6-220bfdda2217', 'allowed-protocol-mapper-types', 'saml-user-property-mapper');
INSERT INTO `COMPONENT_CONFIG` (`ID`, `COMPONENT_ID`, `NAME`, `VALUE`) VALUES('f604f11f-52e5-46d5-b169-5d86ba8cd997', '747c0032-5d22-407d-aad0-a8575cfeaa01', 'certificate', 'MIICmTCCAYECBgF7zund+TANBgkqhkiG9w0BAQsFADAQMQ4wDAYDVQQDDAVzaGlyZTAeFw0yMTA5MTAwODUyMThaFw0zMTA5MTAwODUzNThaMBAxDjAMBgNVBAMMBXNoaXJlMIIBIjANBgkqhkiG9w0BAQEFAAOCAQ8AMIIBCgKCAQEAm40YBd8WmdDQnNfRgQxMHjZ45gYGefQv31ifEM01/lJSFMbgBv1P2t94zkjCloYTfxRT0usYWF6bhqoyiOS4VI2XIYM5MAxxNl4+VWPj69bkqR6z4zb5/Iz4lsrFEYzectI0wSDzIW6aAhcaO/EpxkkwfVfK6cgxqc3Kucu8QFn6aANqi6tOZplIY/vejMqk5BoCBCIkFPDivl6th3GP+caWtA9fqivRP0hnh4MM2ONk9smkCgdnm3xpbYgML+PrLtiELLI3DjdB+vynnAMZFP8UBAnP0Hw0T8AVy2oLCBTpjqpWTdOnYM55lIB446LAmICW/rcTFGkj2xtPm/sSdQIDAQABMA0GCSqGSIb3DQEBCwUAA4IBAQAg6U6ra8oU7tmGA8WGnlgN+OcljZLSZEuIDYFY2A/CXNXMX+L3eI/fp4qbYDx81n74YPqWemBrdyZaKO7qXXYinol6EB3X4p0IiJLAIJQlSguhUYqahAX6wJUXFSAdfgAWZKy0k0mZgE4P4sn8p3WHDVmxgPCYdHwTXdYYBk0vSJWQ7qPFZCcbJAMm2sQhVqrFYy0RBMQ0h1wZqovipVEv2ZAGKv0otXg+lJvupmT1DwOMQmAnAK/rZ/V4x5Fqc25N0YXyMCnMhhxHO5OyLjLzKwyBPEshtdJrdq6AQrSGKtyDXDEIjP3zcs4fZLj7rUmZO98tK659WuqwQIWjTiEt');
INSERT INTO `COMPONENT_CONFIG` (`ID`, `COMPONENT_ID`, `NAME`, `VALUE`) VALUES('f75c59a5-c740-41c2-8c3f-585fde91a30d', '8a79a27f-2d3e-470c-a99d-b99d7dabf313', 'allowed-protocol-mapper-types', 'oidc-usermodel-attribute-mapper');
INSERT INTO `COMPONENT_CONFIG` (`ID`, `COMPONENT_ID`, `NAME`, `VALUE`) VALUES('f934eaed-950c-4936-b5f6-8f285ff916a0', '004294e6-e026-4139-bb82-ef9c2a28634a', 'allowed-protocol-mapper-types', 'oidc-full-name-mapper');
INSERT INTO `COMPONENT_CONFIG` (`ID`, `COMPONENT_ID`, `NAME`, `VALUE`) VALUES('fc0323ab-3ca9-4926-a35b-88a7bc704403', '58e26bfd-a70b-43ec-abd2-6730b5a47a64', 'allowed-protocol-mapper-types', 'oidc-sha256-pairwise-sub-mapper');
INSERT INTO `COMPONENT_CONFIG` (`ID`, `COMPONENT_ID`, `NAME`, `VALUE`) VALUES('fcf78069-22da-48a9-8d12-0aed632e6e02', '747c0032-5d22-407d-aad0-a8575cfeaa01', 'privateKey', 'MIIEogIBAAKCAQEAm40YBd8WmdDQnNfRgQxMHjZ45gYGefQv31ifEM01/lJSFMbgBv1P2t94zkjCloYTfxRT0usYWF6bhqoyiOS4VI2XIYM5MAxxNl4+VWPj69bkqR6z4zb5/Iz4lsrFEYzectI0wSDzIW6aAhcaO/EpxkkwfVfK6cgxqc3Kucu8QFn6aANqi6tOZplIY/vejMqk5BoCBCIkFPDivl6th3GP+caWtA9fqivRP0hnh4MM2ONk9smkCgdnm3xpbYgML+PrLtiELLI3DjdB+vynnAMZFP8UBAnP0Hw0T8AVy2oLCBTpjqpWTdOnYM55lIB446LAmICW/rcTFGkj2xtPm/sSdQIDAQABAoIBAERDikxhWBDOxA5g5E9m7yy/KRWBhWwVzsCMqtn7xPtEc0Ms9/n5Rwc91U1qPwNB+eJmMFc61ydI9aYGoUDUZ1SsAqwxY3KDs1dxypc8zDSezSCvGbDYWqML1riOaifGk4T+XSp4ZFrCqBHMw7WUo4miawZG9gTc13a2moYpNAdlBkKhFvzrHwModBQvqPbjv5MYmd4nfFFdv9/62KTD+yNlOlgHk7JACYwfWYyfJ2foxcY/W0M3/9HY6shSbB3lN0Ur9hRrUoyKl2Z3zER4DhJNoloZXZbr5MsoRMPbLXy2d4V1l627fWLF4VP2Y788pjjhY+GPGs7BTGB2XZyo+CECgYEAyzmGzsoMRFLqji+HoREL/RACI/gpS0Ah6mf80EOTT3crEAQhi1ZC+WYIF+llFaxUJZ3WZ0acjnsXR0ufpuB2If37TSYm+pyraeOA4m9mfoNY6zIbM/eMM545eBrl3lGsh01SA/txgkojnsG0B81bA6xyLirQnvW9SWguLLjg9V0CgYEAw/I02jkbRTrlW/cFp01B95CEBeYBow2YjCzzbL4rozxwKb3FTAUxJbZwx5EmqVf6DXv01cGro0SvwNNB2u7y1fFGEx/qucdnTB+3D85pAlU7adySOoote+rrJx5zzYJPmfwV9HVfGYYdHYK8tRyB4j0xG4O9CwuhmSdcDyUEZ/kCgYBOqGdrJnz0/PrYKcFfMA/p1QZfEbA59gqqhbEuktkzirZaLp8lJTArA7jiOG3to5O2M49GzefOpgnuiHC00HAo2/smczvnCDi4dVvvSJrtIL2L2wr4ZDoZyIYJ3K9YC1ixzdWOwQXAHh4HVoXt9yfhFh/jiqLQw+CNxwsIOE6p6QKBgEkwS9uC3xPBxu/N2be+3Lf6q8WEPvJHXsZk99uTQLttFLwSnQIjIlNizMdOCTHRoZ2twiqhd1m5iygsAHolLGELCNCV6FfSClxdsEPgJkrvyQxmjdv9xrV1brYi4sBNPyxWA2FXAdmHxZJDRfckGcOGdbRARbk9c/O/xtwFSJsJAoGAIjbDVBkg86edhT+u39h0vag2WbkhOANOzqCarbKt0J4TkBn06rcrgOx7QyJVlODGo0qmYa4sV4LUlQjNXniBevHydPPBBoStEVv121Z8FVLJfFmDMjQZGLHIwFNbuMPHW7+xPPMVeDUEUXBnwqo5tEy5BPQKWXnYEMRl+o782kg=');
INSERT INTO `COMPONENT_CONFIG` (`ID`, `COMPONENT_ID`, `NAME`, `VALUE`) VALUES('fd73f8d1-db68-462e-a79b-a8e858e53d9d', '5a6e06fc-98dc-4728-baf6-220bfdda2217', 'allowed-protocol-mapper-types', 'oidc-sha256-pairwise-sub-mapper');
INSERT INTO `COMPONENT_CONFIG` (`ID`, `COMPONENT_ID`, `NAME`, `VALUE`) VALUES('fe81ba61-c3ea-4e76-8179-700fcddb1f25', 'cdf19453-f880-4bc5-8057-e8fa5f4503d5', 'kid', '968f6195-9746-4e7a-a29b-589f041f5661');
INSERT INTO `COMPONENT_CONFIG` (`ID`, `COMPONENT_ID`, `NAME`, `VALUE`) VALUES('fe887d37-bd72-472c-8876-3e22406c442d', 'd8c6a7af-ab71-430e-a344-74bcc1b63cdb', 'priority', '100');
INSERT INTO `COMPONENT_CONFIG` (`ID`, `COMPONENT_ID`, `NAME`, `VALUE`) VALUES('ff3e54eb-dd59-4994-a36e-3bb0ef25fbe8', '93e79ee0-2f7d-4ce6-bff4-2f0947c29f67', 'keyUse', 'enc');
INSERT INTO `COMPONENT_CONFIG` (`ID`, `COMPONENT_ID`, `NAME`, `VALUE`) VALUES('ff7223d7-8223-402f-84c8-4a290449ba6a', 'd716875f-ae98-45c2-9b47-546ab03d00de', 'priority', '100');

DROP TABLE IF EXISTS `COMPOSITE_ROLE`;
CREATE TABLE `COMPOSITE_ROLE` (
  `COMPOSITE` varchar(36) NOT NULL,
  `CHILD_ROLE` varchar(36) NOT NULL
) ENGINE=InnoDB DEFAULT CHARSET=utf8;

INSERT INTO `COMPOSITE_ROLE` (`COMPOSITE`, `CHILD_ROLE`) VALUES('032a226e-b447-45da-9908-a6f537d955f2', 'f5dc6c83-3243-4aef-8ba2-500275ab9f64');
INSERT INTO `COMPOSITE_ROLE` (`COMPOSITE`, `CHILD_ROLE`) VALUES('05e2a1e5-68f6-4838-a5b8-e40c03f9b76b', 'c1245641-f3da-4c44-a1f7-e6d15715eb92');
INSERT INTO `COMPOSITE_ROLE` (`COMPOSITE`, `CHILD_ROLE`) VALUES('0713f2ae-36ea-477a-bd1b-bb3654bc778e', '0186c52a-8333-47a6-b8c5-ad235a877ace');
INSERT INTO `COMPOSITE_ROLE` (`COMPOSITE`, `CHILD_ROLE`) VALUES('0713f2ae-36ea-477a-bd1b-bb3654bc778e', '204901c2-2851-4e36-ae07-e8aadfb1c2fc');
INSERT INTO `COMPOSITE_ROLE` (`COMPOSITE`, `CHILD_ROLE`) VALUES('0713f2ae-36ea-477a-bd1b-bb3654bc778e', '3cfd04df-7757-49a0-b4dd-e00b34a2d652');
INSERT INTO `COMPOSITE_ROLE` (`COMPOSITE`, `CHILD_ROLE`) VALUES('0713f2ae-36ea-477a-bd1b-bb3654bc778e', '4b9b89e1-37fe-4819-9a73-d67d2e948642');
INSERT INTO `COMPOSITE_ROLE` (`COMPOSITE`, `CHILD_ROLE`) VALUES('0713f2ae-36ea-477a-bd1b-bb3654bc778e', '6232634e-0af6-4d1a-b364-f790d002a033');
INSERT INTO `COMPOSITE_ROLE` (`COMPOSITE`, `CHILD_ROLE`) VALUES('0713f2ae-36ea-477a-bd1b-bb3654bc778e', '63f14a0d-12f3-40c4-9713-fd7421c3f99f');
INSERT INTO `COMPOSITE_ROLE` (`COMPOSITE`, `CHILD_ROLE`) VALUES('0713f2ae-36ea-477a-bd1b-bb3654bc778e', '6fb2b9a8-c372-4a78-a9ba-6751ddc19f2b');
INSERT INTO `COMPOSITE_ROLE` (`COMPOSITE`, `CHILD_ROLE`) VALUES('0713f2ae-36ea-477a-bd1b-bb3654bc778e', '71007545-846f-452c-b1b4-db6e34179eeb');
INSERT INTO `COMPOSITE_ROLE` (`COMPOSITE`, `CHILD_ROLE`) VALUES('0713f2ae-36ea-477a-bd1b-bb3654bc778e', '71a8036b-3fa5-4702-86c9-7002965e1e7f');
INSERT INTO `COMPOSITE_ROLE` (`COMPOSITE`, `CHILD_ROLE`) VALUES('0713f2ae-36ea-477a-bd1b-bb3654bc778e', '8403e968-47c7-450c-b366-9029e9efd20a');
INSERT INTO `COMPOSITE_ROLE` (`COMPOSITE`, `CHILD_ROLE`) VALUES('0713f2ae-36ea-477a-bd1b-bb3654bc778e', '8a036ae5-2af6-49e7-bf9e-63871afce97b');
INSERT INTO `COMPOSITE_ROLE` (`COMPOSITE`, `CHILD_ROLE`) VALUES('0713f2ae-36ea-477a-bd1b-bb3654bc778e', '9e43a538-9f45-4367-b6b0-34f3c4b7573d');
INSERT INTO `COMPOSITE_ROLE` (`COMPOSITE`, `CHILD_ROLE`) VALUES('0713f2ae-36ea-477a-bd1b-bb3654bc778e', 'bb4487af-b734-4552-8c39-888521ad4cfa');
INSERT INTO `COMPOSITE_ROLE` (`COMPOSITE`, `CHILD_ROLE`) VALUES('0713f2ae-36ea-477a-bd1b-bb3654bc778e', 'bf5d2321-bbb1-48b5-b8ae-bb184cd7254a');
INSERT INTO `COMPOSITE_ROLE` (`COMPOSITE`, `CHILD_ROLE`) VALUES('0713f2ae-36ea-477a-bd1b-bb3654bc778e', 'c4616eff-7a00-40d3-a192-26e0c823420e');
INSERT INTO `COMPOSITE_ROLE` (`COMPOSITE`, `CHILD_ROLE`) VALUES('0713f2ae-36ea-477a-bd1b-bb3654bc778e', 'c5bb66e4-839e-4a01-a05d-37dcf6e22ebe');
INSERT INTO `COMPOSITE_ROLE` (`COMPOSITE`, `CHILD_ROLE`) VALUES('0713f2ae-36ea-477a-bd1b-bb3654bc778e', 'e4306de0-ba6d-4a12-99c1-6da6f1033c12');
INSERT INTO `COMPOSITE_ROLE` (`COMPOSITE`, `CHILD_ROLE`) VALUES('0713f2ae-36ea-477a-bd1b-bb3654bc778e', 'e72e0821-d546-4b6b-82c9-68b1e2060605');
INSERT INTO `COMPOSITE_ROLE` (`COMPOSITE`, `CHILD_ROLE`) VALUES('08a7fe3b-0428-4c18-b4dd-4df2b6ca6e36', '4894b192-7848-47b1-929e-2d91c60b1142');
INSERT INTO `COMPOSITE_ROLE` (`COMPOSITE`, `CHILD_ROLE`) VALUES('08a7fe3b-0428-4c18-b4dd-4df2b6ca6e36', '496af728-73f0-4746-8c12-b7d139cfb162');
INSERT INTO `COMPOSITE_ROLE` (`COMPOSITE`, `CHILD_ROLE`) VALUES('17ff4f27-ed58-422c-9920-d3e7406359f4', '1d148854-db35-4d2e-a490-5812b1f8ba63');
INSERT INTO `COMPOSITE_ROLE` (`COMPOSITE`, `CHILD_ROLE`) VALUES('17ff4f27-ed58-422c-9920-d3e7406359f4', 'f4342d7a-d38a-4f3f-bbc3-dbe58bda3bca');
INSERT INTO `COMPOSITE_ROLE` (`COMPOSITE`, `CHILD_ROLE`) VALUES('18c4a692-4d24-426c-9255-e28235dee2f1', '4b73101f-e617-4293-99c3-001698f9e50b');
INSERT INTO `COMPOSITE_ROLE` (`COMPOSITE`, `CHILD_ROLE`) VALUES('18c4a692-4d24-426c-9255-e28235dee2f1', '73ca1d8c-4200-4e2f-89e1-48cd9811a86d');
INSERT INTO `COMPOSITE_ROLE` (`COMPOSITE`, `CHILD_ROLE`) VALUES('18c4a692-4d24-426c-9255-e28235dee2f1', 'dfc20d3b-eac6-477c-93cd-2289b65b2a9c');
INSERT INTO `COMPOSITE_ROLE` (`COMPOSITE`, `CHILD_ROLE`) VALUES('18c4a692-4d24-426c-9255-e28235dee2f1', 'e3ec6188-edb0-4ee0-900a-db8d73935a21');
INSERT INTO `COMPOSITE_ROLE` (`COMPOSITE`, `CHILD_ROLE`) VALUES('1b166b38-ec56-4728-8773-89393aa61619', '2c8fc734-f5f4-404b-965b-afc18306512c');
INSERT INTO `COMPOSITE_ROLE` (`COMPOSITE`, `CHILD_ROLE`) VALUES('1b166b38-ec56-4728-8773-89393aa61619', '33e05120-2b50-4935-b715-85398b4f7858');
INSERT INTO `COMPOSITE_ROLE` (`COMPOSITE`, `CHILD_ROLE`) VALUES('1b166b38-ec56-4728-8773-89393aa61619', '3ba616e4-e250-4e6d-acb4-bc65536e1e53');
INSERT INTO `COMPOSITE_ROLE` (`COMPOSITE`, `CHILD_ROLE`) VALUES('1b166b38-ec56-4728-8773-89393aa61619', '4ea4a015-1abb-46e9-8309-b459f2b59100');
INSERT INTO `COMPOSITE_ROLE` (`COMPOSITE`, `CHILD_ROLE`) VALUES('1b166b38-ec56-4728-8773-89393aa61619', '5a7ee4db-2416-4c3f-bd89-a4b88d204a92');
INSERT INTO `COMPOSITE_ROLE` (`COMPOSITE`, `CHILD_ROLE`) VALUES('1b166b38-ec56-4728-8773-89393aa61619', '61043eae-5fce-4178-af51-cb2fe809f261');
INSERT INTO `COMPOSITE_ROLE` (`COMPOSITE`, `CHILD_ROLE`) VALUES('1b166b38-ec56-4728-8773-89393aa61619', '647432bc-f1cc-4d15-a4d6-63e93efb4944');
INSERT INTO `COMPOSITE_ROLE` (`COMPOSITE`, `CHILD_ROLE`) VALUES('1b166b38-ec56-4728-8773-89393aa61619', '80e889cd-4227-4f6e-aeae-a3ba8ecd375b');
INSERT INTO `COMPOSITE_ROLE` (`COMPOSITE`, `CHILD_ROLE`) VALUES('1b166b38-ec56-4728-8773-89393aa61619', '97d5cd49-183b-4844-ba7d-50fe677ede67');
INSERT INTO `COMPOSITE_ROLE` (`COMPOSITE`, `CHILD_ROLE`) VALUES('1b166b38-ec56-4728-8773-89393aa61619', '9b262b9a-3a3e-41c6-aec6-b5a4c8775036');
INSERT INTO `COMPOSITE_ROLE` (`COMPOSITE`, `CHILD_ROLE`) VALUES('1b166b38-ec56-4728-8773-89393aa61619', '9e23fd12-a3a1-4839-897a-2208555b8ecc');
INSERT INTO `COMPOSITE_ROLE` (`COMPOSITE`, `CHILD_ROLE`) VALUES('1b166b38-ec56-4728-8773-89393aa61619', 'a0b36c62-a350-44f7-b76c-f9afe33e4133');
INSERT INTO `COMPOSITE_ROLE` (`COMPOSITE`, `CHILD_ROLE`) VALUES('1b166b38-ec56-4728-8773-89393aa61619', 'b2180960-9c90-4d8c-98a6-ebb77ca89c52');
INSERT INTO `COMPOSITE_ROLE` (`COMPOSITE`, `CHILD_ROLE`) VALUES('1b166b38-ec56-4728-8773-89393aa61619', 'c057d4e5-e9f9-48f6-813e-6b3c7f1ffa89');
INSERT INTO `COMPOSITE_ROLE` (`COMPOSITE`, `CHILD_ROLE`) VALUES('1b166b38-ec56-4728-8773-89393aa61619', 'd43934a6-d505-4ae5-bc1e-419c422b1e41');
INSERT INTO `COMPOSITE_ROLE` (`COMPOSITE`, `CHILD_ROLE`) VALUES('1b166b38-ec56-4728-8773-89393aa61619', 'f982391d-bd66-4741-89c0-78e14a2a8e77');
INSERT INTO `COMPOSITE_ROLE` (`COMPOSITE`, `CHILD_ROLE`) VALUES('1b166b38-ec56-4728-8773-89393aa61619', 'fd9d7d54-b8cb-4a56-a1e3-4d0c383be67c');
INSERT INTO `COMPOSITE_ROLE` (`COMPOSITE`, `CHILD_ROLE`) VALUES('1b166b38-ec56-4728-8773-89393aa61619', 'fdf3d36c-22bd-4fce-b732-fe53e38daed8');
INSERT INTO `COMPOSITE_ROLE` (`COMPOSITE`, `CHILD_ROLE`) VALUES('22359aa1-5eb6-49b5-949a-89412523bfcf', '02400811-5ba5-4889-8629-1787307f7bcd');
INSERT INTO `COMPOSITE_ROLE` (`COMPOSITE`, `CHILD_ROLE`) VALUES('22359aa1-5eb6-49b5-949a-89412523bfcf', '0637fdd1-cf28-4131-b4b7-6efdf84a076e');
INSERT INTO `COMPOSITE_ROLE` (`COMPOSITE`, `CHILD_ROLE`) VALUES('22359aa1-5eb6-49b5-949a-89412523bfcf', '08a7fe3b-0428-4c18-b4dd-4df2b6ca6e36');
INSERT INTO `COMPOSITE_ROLE` (`COMPOSITE`, `CHILD_ROLE`) VALUES('22359aa1-5eb6-49b5-949a-89412523bfcf', '0c6edf87-ac95-444a-977c-e9020168d46e');
INSERT INTO `COMPOSITE_ROLE` (`COMPOSITE`, `CHILD_ROLE`) VALUES('22359aa1-5eb6-49b5-949a-89412523bfcf', '11dfcc34-7422-4f00-bf7a-5f3e70a754cc');
INSERT INTO `COMPOSITE_ROLE` (`COMPOSITE`, `CHILD_ROLE`) VALUES('22359aa1-5eb6-49b5-949a-89412523bfcf', '14d3b423-3ba6-4f7f-a91b-beb767787524');
INSERT INTO `COMPOSITE_ROLE` (`COMPOSITE`, `CHILD_ROLE`) VALUES('22359aa1-5eb6-49b5-949a-89412523bfcf', '162a6830-48b9-41f8-88f7-f2d1c27f5e57');
INSERT INTO `COMPOSITE_ROLE` (`COMPOSITE`, `CHILD_ROLE`) VALUES('22359aa1-5eb6-49b5-949a-89412523bfcf', '17ff4f27-ed58-422c-9920-d3e7406359f4');
INSERT INTO `COMPOSITE_ROLE` (`COMPOSITE`, `CHILD_ROLE`) VALUES('22359aa1-5eb6-49b5-949a-89412523bfcf', '1d148854-db35-4d2e-a490-5812b1f8ba63');
INSERT INTO `COMPOSITE_ROLE` (`COMPOSITE`, `CHILD_ROLE`) VALUES('22359aa1-5eb6-49b5-949a-89412523bfcf', '1d239122-5e7e-4bad-ad2a-e4e062ede71a');
INSERT INTO `COMPOSITE_ROLE` (`COMPOSITE`, `CHILD_ROLE`) VALUES('22359aa1-5eb6-49b5-949a-89412523bfcf', '24d0c76c-598a-4a89-9984-0116cc941c73');
INSERT INTO `COMPOSITE_ROLE` (`COMPOSITE`, `CHILD_ROLE`) VALUES('22359aa1-5eb6-49b5-949a-89412523bfcf', '24f4f6f0-73f4-44ac-bee8-15c7c6335220');
INSERT INTO `COMPOSITE_ROLE` (`COMPOSITE`, `CHILD_ROLE`) VALUES('22359aa1-5eb6-49b5-949a-89412523bfcf', '2a7b411b-ff26-4a12-b622-e2ee06ceb8a5');
INSERT INTO `COMPOSITE_ROLE` (`COMPOSITE`, `CHILD_ROLE`) VALUES('22359aa1-5eb6-49b5-949a-89412523bfcf', '2b4c93a5-bc27-47ac-9ad1-a3038903f653');
INSERT INTO `COMPOSITE_ROLE` (`COMPOSITE`, `CHILD_ROLE`) VALUES('22359aa1-5eb6-49b5-949a-89412523bfcf', '2e2d1fec-ae82-4d3a-af7b-ac8a06a49b51');
INSERT INTO `COMPOSITE_ROLE` (`COMPOSITE`, `CHILD_ROLE`) VALUES('22359aa1-5eb6-49b5-949a-89412523bfcf', '31464876-5b49-45fb-9879-a85c51cabd26');
INSERT INTO `COMPOSITE_ROLE` (`COMPOSITE`, `CHILD_ROLE`) VALUES('22359aa1-5eb6-49b5-949a-89412523bfcf', '32adb78a-47da-4846-8dbe-155d12c49094');
INSERT INTO `COMPOSITE_ROLE` (`COMPOSITE`, `CHILD_ROLE`) VALUES('22359aa1-5eb6-49b5-949a-89412523bfcf', '35fd31a7-90be-453d-9610-e38418fd9944');
INSERT INTO `COMPOSITE_ROLE` (`COMPOSITE`, `CHILD_ROLE`) VALUES('22359aa1-5eb6-49b5-949a-89412523bfcf', '3b61516c-1202-4aa7-91a5-ced3ae9f68cf');
INSERT INTO `COMPOSITE_ROLE` (`COMPOSITE`, `CHILD_ROLE`) VALUES('22359aa1-5eb6-49b5-949a-89412523bfcf', '410beadd-09e6-4eb8-9961-f8a16864c6d5');
INSERT INTO `COMPOSITE_ROLE` (`COMPOSITE`, `CHILD_ROLE`) VALUES('22359aa1-5eb6-49b5-949a-89412523bfcf', '42f786ac-1a77-4127-a7fc-ba395feeec61');
INSERT INTO `COMPOSITE_ROLE` (`COMPOSITE`, `CHILD_ROLE`) VALUES('22359aa1-5eb6-49b5-949a-89412523bfcf', '4523a7b4-d63f-4d87-99a0-9b95cf919035');
INSERT INTO `COMPOSITE_ROLE` (`COMPOSITE`, `CHILD_ROLE`) VALUES('22359aa1-5eb6-49b5-949a-89412523bfcf', '455dbe71-683c-403b-828f-d1fc29b7ca5c');
INSERT INTO `COMPOSITE_ROLE` (`COMPOSITE`, `CHILD_ROLE`) VALUES('22359aa1-5eb6-49b5-949a-89412523bfcf', '456f9171-8c3c-4791-8f24-66504b283423');
INSERT INTO `COMPOSITE_ROLE` (`COMPOSITE`, `CHILD_ROLE`) VALUES('22359aa1-5eb6-49b5-949a-89412523bfcf', '479c0a6e-be89-43b7-8f8f-7a83375d66cb');
INSERT INTO `COMPOSITE_ROLE` (`COMPOSITE`, `CHILD_ROLE`) VALUES('22359aa1-5eb6-49b5-949a-89412523bfcf', '483d7b00-7e53-4989-ba5f-1ea906bc3202');
INSERT INTO `COMPOSITE_ROLE` (`COMPOSITE`, `CHILD_ROLE`) VALUES('22359aa1-5eb6-49b5-949a-89412523bfcf', '4894b192-7848-47b1-929e-2d91c60b1142');
INSERT INTO `COMPOSITE_ROLE` (`COMPOSITE`, `CHILD_ROLE`) VALUES('22359aa1-5eb6-49b5-949a-89412523bfcf', '496af728-73f0-4746-8c12-b7d139cfb162');
INSERT INTO `COMPOSITE_ROLE` (`COMPOSITE`, `CHILD_ROLE`) VALUES('22359aa1-5eb6-49b5-949a-89412523bfcf', '4a5acf94-c095-46e5-8a6e-bd5da40224f8');
INSERT INTO `COMPOSITE_ROLE` (`COMPOSITE`, `CHILD_ROLE`) VALUES('22359aa1-5eb6-49b5-949a-89412523bfcf', '4aa43b39-a3fa-4f9e-8064-17974a9b3ace');
INSERT INTO `COMPOSITE_ROLE` (`COMPOSITE`, `CHILD_ROLE`) VALUES('22359aa1-5eb6-49b5-949a-89412523bfcf', '55bc96ef-2669-461f-99f7-fe872c44fc8b');
INSERT INTO `COMPOSITE_ROLE` (`COMPOSITE`, `CHILD_ROLE`) VALUES('22359aa1-5eb6-49b5-949a-89412523bfcf', '58577a2e-2366-49cd-9da0-29bdc44b4c7d');
INSERT INTO `COMPOSITE_ROLE` (`COMPOSITE`, `CHILD_ROLE`) VALUES('22359aa1-5eb6-49b5-949a-89412523bfcf', '58cacc93-0720-4a96-a4bc-6bff863e5f01');
INSERT INTO `COMPOSITE_ROLE` (`COMPOSITE`, `CHILD_ROLE`) VALUES('22359aa1-5eb6-49b5-949a-89412523bfcf', '5a822eae-9cd9-47b7-8a91-5ac156473853');
INSERT INTO `COMPOSITE_ROLE` (`COMPOSITE`, `CHILD_ROLE`) VALUES('22359aa1-5eb6-49b5-949a-89412523bfcf', '5c9b5ca9-70a2-4f96-a84c-7b6423e7fd63');
INSERT INTO `COMPOSITE_ROLE` (`COMPOSITE`, `CHILD_ROLE`) VALUES('22359aa1-5eb6-49b5-949a-89412523bfcf', '5e97682e-1858-4b62-898b-fd51c14e0d9e');
INSERT INTO `COMPOSITE_ROLE` (`COMPOSITE`, `CHILD_ROLE`) VALUES('22359aa1-5eb6-49b5-949a-89412523bfcf', '6499f373-2d9c-4c97-9de7-21e3f3d4125b');
INSERT INTO `COMPOSITE_ROLE` (`COMPOSITE`, `CHILD_ROLE`) VALUES('22359aa1-5eb6-49b5-949a-89412523bfcf', '6676fddd-8d6c-456b-b3a9-ac302df3b8b8');
INSERT INTO `COMPOSITE_ROLE` (`COMPOSITE`, `CHILD_ROLE`) VALUES('22359aa1-5eb6-49b5-949a-89412523bfcf', '6cdca758-4638-45e2-bb97-5f3f1268bd25');
INSERT INTO `COMPOSITE_ROLE` (`COMPOSITE`, `CHILD_ROLE`) VALUES('22359aa1-5eb6-49b5-949a-89412523bfcf', '719c874f-7dc9-4cd2-922f-4b5600ae425b');
INSERT INTO `COMPOSITE_ROLE` (`COMPOSITE`, `CHILD_ROLE`) VALUES('22359aa1-5eb6-49b5-949a-89412523bfcf', '7d75b56d-9a40-4666-a899-5eebc87cc673');
INSERT INTO `COMPOSITE_ROLE` (`COMPOSITE`, `CHILD_ROLE`) VALUES('22359aa1-5eb6-49b5-949a-89412523bfcf', '7e0c6bc0-09eb-4493-86b9-266c590e505b');
INSERT INTO `COMPOSITE_ROLE` (`COMPOSITE`, `CHILD_ROLE`) VALUES('22359aa1-5eb6-49b5-949a-89412523bfcf', '8110efaf-b654-4774-8c9c-8978ca4ee46c');
INSERT INTO `COMPOSITE_ROLE` (`COMPOSITE`, `CHILD_ROLE`) VALUES('22359aa1-5eb6-49b5-949a-89412523bfcf', '8717bbaa-1a03-4781-90d4-d2728ac888b2');
INSERT INTO `COMPOSITE_ROLE` (`COMPOSITE`, `CHILD_ROLE`) VALUES('22359aa1-5eb6-49b5-949a-89412523bfcf', '873a6185-1f66-4d15-87ce-9404abc7ec71');
INSERT INTO `COMPOSITE_ROLE` (`COMPOSITE`, `CHILD_ROLE`) VALUES('22359aa1-5eb6-49b5-949a-89412523bfcf', '891c6a50-09ae-4084-b549-b79fc765ca63');
INSERT INTO `COMPOSITE_ROLE` (`COMPOSITE`, `CHILD_ROLE`) VALUES('22359aa1-5eb6-49b5-949a-89412523bfcf', '8b413afb-e953-4629-97f5-be93856cc2bc');
INSERT INTO `COMPOSITE_ROLE` (`COMPOSITE`, `CHILD_ROLE`) VALUES('22359aa1-5eb6-49b5-949a-89412523bfcf', '900bfdf6-0b88-4cff-8179-47c6258d96e9');
INSERT INTO `COMPOSITE_ROLE` (`COMPOSITE`, `CHILD_ROLE`) VALUES('22359aa1-5eb6-49b5-949a-89412523bfcf', '948c5c63-7427-4c69-9253-9ea38747dc0b');
INSERT INTO `COMPOSITE_ROLE` (`COMPOSITE`, `CHILD_ROLE`) VALUES('22359aa1-5eb6-49b5-949a-89412523bfcf', '98792ddb-4c8e-4b55-a9e0-0bac784c77f9');
INSERT INTO `COMPOSITE_ROLE` (`COMPOSITE`, `CHILD_ROLE`) VALUES('22359aa1-5eb6-49b5-949a-89412523bfcf', '9b7529b0-3699-4f5a-a4dc-ed3ac68505d2');
INSERT INTO `COMPOSITE_ROLE` (`COMPOSITE`, `CHILD_ROLE`) VALUES('22359aa1-5eb6-49b5-949a-89412523bfcf', '9da97b18-bcd2-430e-a4c0-21f1d8647669');
INSERT INTO `COMPOSITE_ROLE` (`COMPOSITE`, `CHILD_ROLE`) VALUES('22359aa1-5eb6-49b5-949a-89412523bfcf', 'a5fbb35e-603d-43f5-a7d0-ff8a9dd8e328');
INSERT INTO `COMPOSITE_ROLE` (`COMPOSITE`, `CHILD_ROLE`) VALUES('22359aa1-5eb6-49b5-949a-89412523bfcf', 'a88520c9-f857-46b8-aa2f-544394974ef1');
INSERT INTO `COMPOSITE_ROLE` (`COMPOSITE`, `CHILD_ROLE`) VALUES('22359aa1-5eb6-49b5-949a-89412523bfcf', 'a8d89b97-e92f-4387-bdfa-e98d35f45f0a');
INSERT INTO `COMPOSITE_ROLE` (`COMPOSITE`, `CHILD_ROLE`) VALUES('22359aa1-5eb6-49b5-949a-89412523bfcf', 'b1c300e3-3fcc-4ce7-a4c1-1377c8b8ac91');
INSERT INTO `COMPOSITE_ROLE` (`COMPOSITE`, `CHILD_ROLE`) VALUES('22359aa1-5eb6-49b5-949a-89412523bfcf', 'b4bddc18-8f63-44b9-9ad0-c541f8dbf811');
INSERT INTO `COMPOSITE_ROLE` (`COMPOSITE`, `CHILD_ROLE`) VALUES('22359aa1-5eb6-49b5-949a-89412523bfcf', 'bba2eb5b-adfa-4e7d-adf8-98633dca9eb8');
INSERT INTO `COMPOSITE_ROLE` (`COMPOSITE`, `CHILD_ROLE`) VALUES('22359aa1-5eb6-49b5-949a-89412523bfcf', 'bf769a51-dc46-4419-bcfe-f51a537899dd');
INSERT INTO `COMPOSITE_ROLE` (`COMPOSITE`, `CHILD_ROLE`) VALUES('22359aa1-5eb6-49b5-949a-89412523bfcf', 'c16fb732-961c-4df9-bce7-1203dc7f48f6');
INSERT INTO `COMPOSITE_ROLE` (`COMPOSITE`, `CHILD_ROLE`) VALUES('22359aa1-5eb6-49b5-949a-89412523bfcf', 'c3e43902-13cd-4cda-92ba-24c5879790a4');
INSERT INTO `COMPOSITE_ROLE` (`COMPOSITE`, `CHILD_ROLE`) VALUES('22359aa1-5eb6-49b5-949a-89412523bfcf', 'c4f5a5c9-0ac7-42ce-87b4-7e1e393ead12');
INSERT INTO `COMPOSITE_ROLE` (`COMPOSITE`, `CHILD_ROLE`) VALUES('22359aa1-5eb6-49b5-949a-89412523bfcf', 'c75775a9-0023-4047-b893-85c0f7b5350e');
INSERT INTO `COMPOSITE_ROLE` (`COMPOSITE`, `CHILD_ROLE`) VALUES('22359aa1-5eb6-49b5-949a-89412523bfcf', 'd3c2edca-7a74-4e5d-a960-e2cc1f870273');
INSERT INTO `COMPOSITE_ROLE` (`COMPOSITE`, `CHILD_ROLE`) VALUES('22359aa1-5eb6-49b5-949a-89412523bfcf', 'd41f1013-c58f-4ca2-8eb0-4a5e59537c3a');
INSERT INTO `COMPOSITE_ROLE` (`COMPOSITE`, `CHILD_ROLE`) VALUES('22359aa1-5eb6-49b5-949a-89412523bfcf', 'd4552629-df4b-48e2-8723-b81b896681aa');
INSERT INTO `COMPOSITE_ROLE` (`COMPOSITE`, `CHILD_ROLE`) VALUES('22359aa1-5eb6-49b5-949a-89412523bfcf', 'de884376-c2c5-4640-bbe0-391a24194446');
INSERT INTO `COMPOSITE_ROLE` (`COMPOSITE`, `CHILD_ROLE`) VALUES('22359aa1-5eb6-49b5-949a-89412523bfcf', 'e25bcfd6-e303-4277-a183-54aa48d2d63f');
INSERT INTO `COMPOSITE_ROLE` (`COMPOSITE`, `CHILD_ROLE`) VALUES('22359aa1-5eb6-49b5-949a-89412523bfcf', 'f3001633-b50f-44dd-9732-465802df0397');
INSERT INTO `COMPOSITE_ROLE` (`COMPOSITE`, `CHILD_ROLE`) VALUES('22359aa1-5eb6-49b5-949a-89412523bfcf', 'f4342d7a-d38a-4f3f-bbc3-dbe58bda3bca');
INSERT INTO `COMPOSITE_ROLE` (`COMPOSITE`, `CHILD_ROLE`) VALUES('22359aa1-5eb6-49b5-949a-89412523bfcf', 'f55b732b-86fd-4e08-89e1-a5fd6a4f85a5');
INSERT INTO `COMPOSITE_ROLE` (`COMPOSITE`, `CHILD_ROLE`) VALUES('22359aa1-5eb6-49b5-949a-89412523bfcf', 'f82b8f3d-0e3f-4413-b987-74ca2f7be92f');
INSERT INTO `COMPOSITE_ROLE` (`COMPOSITE`, `CHILD_ROLE`) VALUES('22359aa1-5eb6-49b5-949a-89412523bfcf', 'f8c12718-02f4-43ce-97b5-56845108f5f2');
INSERT INTO `COMPOSITE_ROLE` (`COMPOSITE`, `CHILD_ROLE`) VALUES('456f9171-8c3c-4791-8f24-66504b283423', '24d0c76c-598a-4a89-9984-0116cc941c73');
INSERT INTO `COMPOSITE_ROLE` (`COMPOSITE`, `CHILD_ROLE`) VALUES('4aa43b39-a3fa-4f9e-8064-17974a9b3ace', '2b4c93a5-bc27-47ac-9ad1-a3038903f653');
INSERT INTO `COMPOSITE_ROLE` (`COMPOSITE`, `CHILD_ROLE`) VALUES('4b49d573-78e6-4b13-a6d4-518f3e64803f', '032a226e-b447-45da-9908-a6f537d955f2');
INSERT INTO `COMPOSITE_ROLE` (`COMPOSITE`, `CHILD_ROLE`) VALUES('4b49d573-78e6-4b13-a6d4-518f3e64803f', 'a939292a-8f62-4681-b045-fa01e2d205f6');
INSERT INTO `COMPOSITE_ROLE` (`COMPOSITE`, `CHILD_ROLE`) VALUES('4b49d573-78e6-4b13-a6d4-518f3e64803f', 'ca7cc890-b1d7-41a3-9420-d8e46274a365');
INSERT INTO `COMPOSITE_ROLE` (`COMPOSITE`, `CHILD_ROLE`) VALUES('4b49d573-78e6-4b13-a6d4-518f3e64803f', 'd6a477b4-0366-4577-ad8f-9a05dbe846c6');
INSERT INTO `COMPOSITE_ROLE` (`COMPOSITE`, `CHILD_ROLE`) VALUES('65f9435c-d228-4d0f-9bee-2a759e91a2ee', '21fe9ae6-018f-470e-a167-8c3b230a70ae');
INSERT INTO `COMPOSITE_ROLE` (`COMPOSITE`, `CHILD_ROLE`) VALUES('65f9435c-d228-4d0f-9bee-2a759e91a2ee', 'ebcbab4c-c4d3-4293-9635-5c8ea64d84f6');
INSERT INTO `COMPOSITE_ROLE` (`COMPOSITE`, `CHILD_ROLE`) VALUES('69319b99-1964-4f0a-893a-a142e4f874e9', 'caa5925d-9f40-4883-afc0-b7f6b6f5af51');
INSERT INTO `COMPOSITE_ROLE` (`COMPOSITE`, `CHILD_ROLE`) VALUES('72e25792-273d-417a-817a-24b868fc6acf', '74968314-08e0-4d8f-a8be-4480546d1740');
INSERT INTO `COMPOSITE_ROLE` (`COMPOSITE`, `CHILD_ROLE`) VALUES('74374a15-5e0c-4ec2-802f-d917c7be4a8e', '35410ca0-ece4-4847-8b4a-5681f362bc18');
INSERT INTO `COMPOSITE_ROLE` (`COMPOSITE`, `CHILD_ROLE`) VALUES('74374a15-5e0c-4ec2-802f-d917c7be4a8e', '492b61d1-0bbb-48b4-9bc1-fc41ad697f45');
INSERT INTO `COMPOSITE_ROLE` (`COMPOSITE`, `CHILD_ROLE`) VALUES('74374a15-5e0c-4ec2-802f-d917c7be4a8e', '72e25792-273d-417a-817a-24b868fc6acf');
INSERT INTO `COMPOSITE_ROLE` (`COMPOSITE`, `CHILD_ROLE`) VALUES('74374a15-5e0c-4ec2-802f-d917c7be4a8e', 'c63d801a-1516-4709-a641-b31130588a79');
INSERT INTO `COMPOSITE_ROLE` (`COMPOSITE`, `CHILD_ROLE`) VALUES('80e889cd-4227-4f6e-aeae-a3ba8ecd375b', '4ea4a015-1abb-46e9-8309-b459f2b59100');
INSERT INTO `COMPOSITE_ROLE` (`COMPOSITE`, `CHILD_ROLE`) VALUES('8b413afb-e953-4629-97f5-be93856cc2bc', '6499f373-2d9c-4c97-9de7-21e3f3d4125b');
INSERT INTO `COMPOSITE_ROLE` (`COMPOSITE`, `CHILD_ROLE`) VALUES('8b413afb-e953-4629-97f5-be93856cc2bc', '891c6a50-09ae-4084-b549-b79fc765ca63');
INSERT INTO `COMPOSITE_ROLE` (`COMPOSITE`, `CHILD_ROLE`) VALUES('9194f28a-a2c2-4ee8-b70a-de4a60861485', 'e60b14eb-cfe1-4c8e-9385-516fad39331c');
INSERT INTO `COMPOSITE_ROLE` (`COMPOSITE`, `CHILD_ROLE`) VALUES('93f50c2e-d92e-44fc-8a16-a10d2b87f511', '1c165b97-8447-43e9-a9f6-457d1f90f3eb');
INSERT INTO `COMPOSITE_ROLE` (`COMPOSITE`, `CHILD_ROLE`) VALUES('93f50c2e-d92e-44fc-8a16-a10d2b87f511', '246cd8cc-1e5e-46e2-a4e9-b8db522971ce');
INSERT INTO `COMPOSITE_ROLE` (`COMPOSITE`, `CHILD_ROLE`) VALUES('93f50c2e-d92e-44fc-8a16-a10d2b87f511', '26414f6d-df53-4e86-80bf-ed17c4ec8e6d');
INSERT INTO `COMPOSITE_ROLE` (`COMPOSITE`, `CHILD_ROLE`) VALUES('93f50c2e-d92e-44fc-8a16-a10d2b87f511', '9194f28a-a2c2-4ee8-b70a-de4a60861485');
INSERT INTO `COMPOSITE_ROLE` (`COMPOSITE`, `CHILD_ROLE`) VALUES('948c5c63-7427-4c69-9253-9ea38747dc0b', 'd4552629-df4b-48e2-8723-b81b896681aa');
INSERT INTO `COMPOSITE_ROLE` (`COMPOSITE`, `CHILD_ROLE`) VALUES('9e43a538-9f45-4367-b6b0-34f3c4b7573d', '204901c2-2851-4e36-ae07-e8aadfb1c2fc');
INSERT INTO `COMPOSITE_ROLE` (`COMPOSITE`, `CHILD_ROLE`) VALUES('9e43a538-9f45-4367-b6b0-34f3c4b7573d', '4b9b89e1-37fe-4819-9a73-d67d2e948642');
INSERT INTO `COMPOSITE_ROLE` (`COMPOSITE`, `CHILD_ROLE`) VALUES('a88520c9-f857-46b8-aa2f-544394974ef1', '1d239122-5e7e-4bad-ad2a-e4e062ede71a');
INSERT INTO `COMPOSITE_ROLE` (`COMPOSITE`, `CHILD_ROLE`) VALUES('b2180960-9c90-4d8c-98a6-ebb77ca89c52', '9e23fd12-a3a1-4839-897a-2208555b8ecc');
INSERT INTO `COMPOSITE_ROLE` (`COMPOSITE`, `CHILD_ROLE`) VALUES('b2180960-9c90-4d8c-98a6-ebb77ca89c52', 'c057d4e5-e9f9-48f6-813e-6b3c7f1ffa89');
INSERT INTO `COMPOSITE_ROLE` (`COMPOSITE`, `CHILD_ROLE`) VALUES('b4bddc18-8f63-44b9-9ad0-c541f8dbf811', '2e2d1fec-ae82-4d3a-af7b-ac8a06a49b51');
INSERT INTO `COMPOSITE_ROLE` (`COMPOSITE`, `CHILD_ROLE`) VALUES('b4bddc18-8f63-44b9-9ad0-c541f8dbf811', 'bba2eb5b-adfa-4e7d-adf8-98633dca9eb8');
INSERT INTO `COMPOSITE_ROLE` (`COMPOSITE`, `CHILD_ROLE`) VALUES('c4616eff-7a00-40d3-a192-26e0c823420e', '63f14a0d-12f3-40c4-9713-fd7421c3f99f');
INSERT INTO `COMPOSITE_ROLE` (`COMPOSITE`, `CHILD_ROLE`) VALUES('c5527676-75fb-4908-97d6-09b1a994970a', '2e72176d-d64e-449f-86ca-162bf94e69ab');
INSERT INTO `COMPOSITE_ROLE` (`COMPOSITE`, `CHILD_ROLE`) VALUES('c584e1f4-2486-4f07-bba3-ec381ef2bb9f', 'f9b4650e-8f2f-4fbe-a8a5-19587913c115');
INSERT INTO `COMPOSITE_ROLE` (`COMPOSITE`, `CHILD_ROLE`) VALUES('ca752ae9-21ea-406d-9f75-a7385cf50e83', '3defbad3-a2da-41ad-a4c2-29fdace07917');
INSERT INTO `COMPOSITE_ROLE` (`COMPOSITE`, `CHILD_ROLE`) VALUES('e3ec6188-edb0-4ee0-900a-db8d73935a21', '53dddae5-73e2-459b-aad7-f576d68d6391');
INSERT INTO `COMPOSITE_ROLE` (`COMPOSITE`, `CHILD_ROLE`) VALUES('f5bb349d-4b3c-4e04-a1f0-b3a75edae90b', '05e2a1e5-68f6-4838-a5b8-e40c03f9b76b');
INSERT INTO `COMPOSITE_ROLE` (`COMPOSITE`, `CHILD_ROLE`) VALUES('f5bb349d-4b3c-4e04-a1f0-b3a75edae90b', '08c1cae6-eb54-455d-97a5-6548588f152a');
INSERT INTO `COMPOSITE_ROLE` (`COMPOSITE`, `CHILD_ROLE`) VALUES('f5bb349d-4b3c-4e04-a1f0-b3a75edae90b', '15d21f6d-4bc3-4472-a858-92d875476209');
INSERT INTO `COMPOSITE_ROLE` (`COMPOSITE`, `CHILD_ROLE`) VALUES('f5bb349d-4b3c-4e04-a1f0-b3a75edae90b', '21fe9ae6-018f-470e-a167-8c3b230a70ae');
INSERT INTO `COMPOSITE_ROLE` (`COMPOSITE`, `CHILD_ROLE`) VALUES('f5bb349d-4b3c-4e04-a1f0-b3a75edae90b', '347c6928-8bba-4c54-9918-45752ce477ea');
INSERT INTO `COMPOSITE_ROLE` (`COMPOSITE`, `CHILD_ROLE`) VALUES('f5bb349d-4b3c-4e04-a1f0-b3a75edae90b', '3a5b6bdf-df6b-4c56-b20c-df25d6a4eb0d');
INSERT INTO `COMPOSITE_ROLE` (`COMPOSITE`, `CHILD_ROLE`) VALUES('f5bb349d-4b3c-4e04-a1f0-b3a75edae90b', '65f9435c-d228-4d0f-9bee-2a759e91a2ee');
INSERT INTO `COMPOSITE_ROLE` (`COMPOSITE`, `CHILD_ROLE`) VALUES('f5bb349d-4b3c-4e04-a1f0-b3a75edae90b', '6d51262e-2d8d-48aa-81c0-49d2e93d18f6');
INSERT INTO `COMPOSITE_ROLE` (`COMPOSITE`, `CHILD_ROLE`) VALUES('f5bb349d-4b3c-4e04-a1f0-b3a75edae90b', '7521d733-b99b-4b83-b7a5-d5aa6ce8d4e7');
INSERT INTO `COMPOSITE_ROLE` (`COMPOSITE`, `CHILD_ROLE`) VALUES('f5bb349d-4b3c-4e04-a1f0-b3a75edae90b', 'ab5a14b6-bfe3-4dfa-9523-5ebc1077d0b2');
INSERT INTO `COMPOSITE_ROLE` (`COMPOSITE`, `CHILD_ROLE`) VALUES('f5bb349d-4b3c-4e04-a1f0-b3a75edae90b', 'b5b841b7-8411-466f-8f50-238934b2dfe7');
INSERT INTO `COMPOSITE_ROLE` (`COMPOSITE`, `CHILD_ROLE`) VALUES('f5bb349d-4b3c-4e04-a1f0-b3a75edae90b', 'bd031f10-8e6d-43e9-b98f-7b83589f0265');
INSERT INTO `COMPOSITE_ROLE` (`COMPOSITE`, `CHILD_ROLE`) VALUES('f5bb349d-4b3c-4e04-a1f0-b3a75edae90b', 'c1245641-f3da-4c44-a1f7-e6d15715eb92');
INSERT INTO `COMPOSITE_ROLE` (`COMPOSITE`, `CHILD_ROLE`) VALUES('f5bb349d-4b3c-4e04-a1f0-b3a75edae90b', 'd2c848cd-85cf-4022-93a6-adc0f22d3e3f');
INSERT INTO `COMPOSITE_ROLE` (`COMPOSITE`, `CHILD_ROLE`) VALUES('f5bb349d-4b3c-4e04-a1f0-b3a75edae90b', 'e80ce634-e325-425a-873d-2e517967ac84');
INSERT INTO `COMPOSITE_ROLE` (`COMPOSITE`, `CHILD_ROLE`) VALUES('f5bb349d-4b3c-4e04-a1f0-b3a75edae90b', 'ebcbab4c-c4d3-4293-9635-5c8ea64d84f6');
INSERT INTO `COMPOSITE_ROLE` (`COMPOSITE`, `CHILD_ROLE`) VALUES('f5bb349d-4b3c-4e04-a1f0-b3a75edae90b', 'efe0607d-82c9-4af8-833d-98345dcc0ccf');
INSERT INTO `COMPOSITE_ROLE` (`COMPOSITE`, `CHILD_ROLE`) VALUES('f5bb349d-4b3c-4e04-a1f0-b3a75edae90b', 'fa514b4c-6458-4bef-95c7-0dd0cd4860de');

DROP TABLE IF EXISTS `CREDENTIAL`;
CREATE TABLE `CREDENTIAL` (
  `ID` varchar(36) NOT NULL,
  `SALT` tinyblob DEFAULT NULL,
  `TYPE` varchar(255) DEFAULT NULL,
  `USER_ID` varchar(36) DEFAULT NULL,
  `CREATED_DATE` bigint(20) DEFAULT NULL,
  `USER_LABEL` varchar(255) DEFAULT NULL,
  `SECRET_DATA` longtext DEFAULT NULL,
  `CREDENTIAL_DATA` longtext DEFAULT NULL,
  `PRIORITY` int(11) DEFAULT NULL
) ENGINE=InnoDB DEFAULT CHARSET=utf8;

INSERT INTO `CREDENTIAL` (`ID`, `SALT`, `TYPE`, `USER_ID`, `CREATED_DATE`, `USER_LABEL`, `SECRET_DATA`, `CREDENTIAL_DATA`, `PRIORITY`) VALUES('1908cdce-773b-4385-91e4-3202ca3ce2ff', NULL, 'password', 'e21f2194-7376-4603-a568-a033839c518a', 1631265336377, NULL, '{\"value\":\"LxVSVmE+HMQhcheKGVyQMCQzbl5S7jXo4EX0L6t1uxfJU2hJnAg/UPRQTuVez7iq+mpvmDIB8Ytbg91I2t0ITA==\",\"salt\":\"vxsj8oM9h4iCoNjMmzLifQ==\",\"additionalParameters\":{}}', '{\"hashIterations\":27500,\"algorithm\":\"pbkdf2-sha256\",\"additionalParameters\":{}}', 10);
INSERT INTO `CREDENTIAL` (`ID`, `SALT`, `TYPE`, `USER_ID`, `CREATED_DATE`, `USER_LABEL`, `SECRET_DATA`, `CREDENTIAL_DATA`, `PRIORITY`) VALUES('2173ea80-2ba8-46f0-bbfe-59d62a4f5f74', NULL, 'password', '3d1c5cb3-a51a-431e-9780-0c806f2311e1', 1631265025729, NULL, '{\"value\":\"dGpK2xnCVOib2BkubQUIsh9AIRS31xr3ciDuD0lzuN5Ikhg8wKSd0RceqLY+NFRYTS2ipuF2Do/h/k0xUsUjQA==\",\"salt\":\"iQyPzUJ4pBC1lbOwGndTzw==\",\"additionalParameters\":{}}', '{\"hashIterations\":27500,\"algorithm\":\"pbkdf2-sha256\",\"additionalParameters\":{}}', 10);
INSERT INTO `CREDENTIAL` (`ID`, `SALT`, `TYPE`, `USER_ID`, `CREATED_DATE`, `USER_LABEL`, `SECRET_DATA`, `CREDENTIAL_DATA`, `PRIORITY`) VALUES('24e3d7f0-c26b-4d24-98eb-c6383e8d6fb4', NULL, 'password', '0020b355-ed6a-4126-a6fb-dd167b72da27', 1631266432477, NULL, '{\"value\":\"ObxQt7vyKCRjr02GW3k0jHw+HNSbSe3LpJIoVh9B3yTyBLintPIo+BVRCns/p0IKYj7Cz0/ulJDMk/nOGMARmA==\",\"salt\":\"STE0wCWsB1k/cxjLUOfI3w==\",\"additionalParameters\":{}}', '{\"hashIterations\":27500,\"algorithm\":\"pbkdf2-sha256\",\"additionalParameters\":{}}', 10);
INSERT INTO `CREDENTIAL` (`ID`, `SALT`, `TYPE`, `USER_ID`, `CREATED_DATE`, `USER_LABEL`, `SECRET_DATA`, `CREDENTIAL_DATA`, `PRIORITY`) VALUES('46d0b623-e9d7-4ccd-8bd7-9c4cbd9c29c7', NULL, 'password', '7f3200dd-d4e8-4cea-b038-bdaf0a265691', 1631265284132, NULL, '{\"value\":\"Iahse23njyjFkbDt4xE/uVx6CIIGCA84GSsFVz+xQ1/nDwNEmww0e5os2OFDovxcr/NbzOFAaXKIRuqvpwKZFA==\",\"salt\":\"C5+cTMwqRRJ/ONfq8wOdIw==\",\"additionalParameters\":{}}', '{\"hashIterations\":27500,\"algorithm\":\"pbkdf2-sha256\",\"additionalParameters\":{}}', 10);
INSERT INTO `CREDENTIAL` (`ID`, `SALT`, `TYPE`, `USER_ID`, `CREATED_DATE`, `USER_LABEL`, `SECRET_DATA`, `CREDENTIAL_DATA`, `PRIORITY`) VALUES('4da0f07e-acff-45e6-b1b4-da33e0048517', NULL, 'password', '2a581489-c1ad-4a0d-998a-7507b88c01f1', 1631264648010, NULL, '{\"value\":\"knuNQtQRx+UgV52AzYxgLNP+rCk09A3CDNRCEY0f1y3NqmdY4FwtZmwLugNSz2pGqgTxI6MUwlApZxrJ584nnw==\",\"salt\":\"aNtUwSCIdw0D0isSlXhtbw==\",\"additionalParameters\":{}}', '{\"hashIterations\":27500,\"algorithm\":\"pbkdf2-sha256\",\"additionalParameters\":{}}', 10);
INSERT INTO `CREDENTIAL` (`ID`, `SALT`, `TYPE`, `USER_ID`, `CREATED_DATE`, `USER_LABEL`, `SECRET_DATA`, `CREDENTIAL_DATA`, `PRIORITY`) VALUES('517b3032-1749-4cfd-8166-479c578e96c8', NULL, 'password', '93217469-d07e-4ed7-ab8c-33dbe4fae2cc', 1631264278600, NULL, '{\"value\":\"zPPiD1eQDAoLtsfXXSuwWaBWzKFudZyr6j55ulKH/gjLwB4r8n/+spYUhKldvQrfRZb1+IHUSFsRQrAiVogpXw==\",\"salt\":\"66tvarv+5+GT0Pt24EjETg==\",\"additionalParameters\":{}}', '{\"hashIterations\":27500,\"algorithm\":\"pbkdf2-sha256\",\"additionalParameters\":{}}', 10);
INSERT INTO `CREDENTIAL` (`ID`, `SALT`, `TYPE`, `USER_ID`, `CREATED_DATE`, `USER_LABEL`, `SECRET_DATA`, `CREDENTIAL_DATA`, `PRIORITY`) VALUES('76b4a658-a8f5-46b8-adb6-e486542fd40f', NULL, 'password', 'ac6df0c7-e4ce-450d-be79-8f25091f9c37', 1631265235734, NULL, '{\"value\":\"8sU6whaPPjwzrLfzFVOYsJLl/fIBu3j4MDZEx6as6+tbeENFaOS3YPnWAGtMszHgQ5Arr/DXVoQbx0H49qi6bg==\",\"salt\":\"xOeBUVBdi7nm/Tk73Orx8A==\",\"additionalParameters\":{}}', '{\"hashIterations\":27500,\"algorithm\":\"pbkdf2-sha256\",\"additionalParameters\":{}}', 10);
INSERT INTO `CREDENTIAL` (`ID`, `SALT`, `TYPE`, `USER_ID`, `CREATED_DATE`, `USER_LABEL`, `SECRET_DATA`, `CREDENTIAL_DATA`, `PRIORITY`) VALUES('89972fda-e3ff-4154-9dc5-41750d7d7f00', NULL, 'password', '79d1ab30-eeb9-46a8-8db5-ef6fbbafc21d', 1631265004509, NULL, '{\"value\":\"EDMEb3wZJtBXuQsTlOoqtKESz0QZPfdu1UrKQCxrFlvWuluFKX+L0/WbReU73XF8hGrbD2t+pVItal/2b6dvOw==\",\"salt\":\"nTBlksdpqqoVGG2BfHIHUQ==\",\"additionalParameters\":{}}', '{\"hashIterations\":27500,\"algorithm\":\"pbkdf2-sha256\",\"additionalParameters\":{}}', 10);
INSERT INTO `CREDENTIAL` (`ID`, `SALT`, `TYPE`, `USER_ID`, `CREATED_DATE`, `USER_LABEL`, `SECRET_DATA`, `CREDENTIAL_DATA`, `PRIORITY`) VALUES('9166e595-f044-4c5c-9b74-6b9bd3e9f530', NULL, 'password', '557ae867-4c3f-473d-bbcb-3a62d928fe00', 1631264985631, NULL, '{\"value\":\"P6kn2Sn+OWh5Roakckowl7ZnWaelhjX5h4GGQHyhbr3Fgx4vLqaJbUao5UldH6LTHcKkqU3zJ5iIQ+79Hrj5Qw==\",\"salt\":\"kst8Zlxq0+AY7gFZCjhO3w==\",\"additionalParameters\":{}}', '{\"hashIterations\":27500,\"algorithm\":\"pbkdf2-sha256\",\"additionalParameters\":{}}', 10);
INSERT INTO `CREDENTIAL` (`ID`, `SALT`, `TYPE`, `USER_ID`, `CREATED_DATE`, `USER_LABEL`, `SECRET_DATA`, `CREDENTIAL_DATA`, `PRIORITY`) VALUES('a571aedc-4e8f-46b0-ac6a-11238bbd2a38', NULL, 'password', 'ce5d54ef-88c8-4877-b86d-9d36c84c5568', 1631265072262, NULL, '{\"value\":\"Z1+KvTK0HCEtCX2rSpQkqy03AqPQYFHN8K/Rg9MLVdV4AR82PH4HhSZPm2FKVEBE+Ki0abSvAwyggeQd0YtHkA==\",\"salt\":\"vIBxNnFviejcjL48IxysLA==\",\"additionalParameters\":{}}', '{\"hashIterations\":27500,\"algorithm\":\"pbkdf2-sha256\",\"additionalParameters\":{}}', 10);
INSERT INTO `CREDENTIAL` (`ID`, `SALT`, `TYPE`, `USER_ID`, `CREATED_DATE`, `USER_LABEL`, `SECRET_DATA`, `CREDENTIAL_DATA`, `PRIORITY`) VALUES('b6663a18-bfab-40d8-a6a8-e0cf6e613ece', NULL, 'password', '099cd5c7-f9ae-40b9-a691-915525fe44af', 1631265319127, NULL, '{\"value\":\"zUk8x58DNRsyMpk7ZU3c8jZZr/Pt4TDK62PC1lkCyvMG1OA9dGzH+GJ3s4BggcsPtPzn3Wwos3+LyzB5Sji22g==\",\"salt\":\"s0PUnAlrR/T2wKnoLGE4wA==\",\"additionalParameters\":{}}', '{\"hashIterations\":27500,\"algorithm\":\"pbkdf2-sha256\",\"additionalParameters\":{}}', 10);
INSERT INTO `CREDENTIAL` (`ID`, `SALT`, `TYPE`, `USER_ID`, `CREATED_DATE`, `USER_LABEL`, `SECRET_DATA`, `CREDENTIAL_DATA`, `PRIORITY`) VALUES('d597dcf5-7a03-422f-96dd-fe601717532c', NULL, 'password', 'c32cda59-b3b5-4079-83c4-29faba48e5fc', 1631264957829, NULL, '{\"value\":\"qG7d/4KPihke8NAfTraQiV+mAf8trs3ryr5yRL4jUoCcsxwCkf8CVT38+WSvwtG39wCDRrIcE8BuFaVgKfm3Mg==\",\"salt\":\"ZpO+spPwBGeBVS5LHLGaGQ==\",\"additionalParameters\":{}}', '{\"hashIterations\":27500,\"algorithm\":\"pbkdf2-sha256\",\"additionalParameters\":{}}', 10);
INSERT INTO `CREDENTIAL` (`ID`, `SALT`, `TYPE`, `USER_ID`, `CREATED_DATE`, `USER_LABEL`, `SECRET_DATA`, `CREDENTIAL_DATA`, `PRIORITY`) VALUES('e4782eb8-832b-43dc-8dc7-344f9c933551', NULL, 'password', 'd9292d04-c772-45f1-86db-4e4129e8ac00', 1631264571542, NULL, '{\"value\":\"ezZCogtTNGJZsNkYFIf3PdyB1UUmgFYgYibNYqkch/V7dXPJQxMg9UgqMADmbLPCKHXOQXCMURCnDxqi3FQlYQ==\",\"salt\":\"hzFtP7oOG32JS/KC2XlrRw==\",\"additionalParameters\":{}}', '{\"hashIterations\":27500,\"algorithm\":\"pbkdf2-sha256\",\"additionalParameters\":{}}', 10);
INSERT INTO `CREDENTIAL` (`ID`, `SALT`, `TYPE`, `USER_ID`, `CREATED_DATE`, `USER_LABEL`, `SECRET_DATA`, `CREDENTIAL_DATA`, `PRIORITY`) VALUES('ed8e427e-2f81-4a1e-bce3-6d5b37c453e4', NULL, 'password', '8ea706c1-093d-4808-b0c0-77d5e628f8d4', 1631266009668, NULL, '{\"value\":\"z0UMdmSscM2cUDIZHh+JtsrV/LXRtcSwLZsmgsL99ZB2iAqS433GOAPu04/B3KJEChi6uZeK8KvtnM/ZgTJAjg==\",\"salt\":\"zUu3AgAS+u/AN2an/nT3IQ==\",\"additionalParameters\":{}}', '{\"hashIterations\":27500,\"algorithm\":\"pbkdf2-sha256\",\"additionalParameters\":{}}', 10);
INSERT INTO `CREDENTIAL` (`ID`, `SALT`, `TYPE`, `USER_ID`, `CREATED_DATE`, `USER_LABEL`, `SECRET_DATA`, `CREDENTIAL_DATA`, `PRIORITY`) VALUES('f9a59036-6c34-49f1-b2eb-b96237cbd5d8', NULL, 'password', '460bc5fa-7ee6-498a-bce6-61686f002655', 1631264196867, NULL, '{\"value\":\"Kg/aRN/B6uDuYQ+/ZSr1NZw/4s0zOQqpLPoACUZZQJw2PQHHEaFYYM0J7QDausf395O0SRDABmk0MXZU/U+QwQ==\",\"salt\":\"2SDfwCboW7Bf18POG5vOBw==\",\"additionalParameters\":{}}', '{\"hashIterations\":27500,\"algorithm\":\"pbkdf2-sha256\",\"additionalParameters\":{}}', 10);

DROP TABLE IF EXISTS `DATABASECHANGELOG`;
CREATE TABLE `DATABASECHANGELOG` (
  `ID` varchar(255) NOT NULL,
  `AUTHOR` varchar(255) NOT NULL,
  `FILENAME` varchar(255) NOT NULL,
  `DATEEXECUTED` datetime NOT NULL,
  `ORDEREXECUTED` int(11) NOT NULL,
  `EXECTYPE` varchar(10) NOT NULL,
  `MD5SUM` varchar(35) DEFAULT NULL,
  `DESCRIPTION` varchar(255) DEFAULT NULL,
  `COMMENTS` varchar(255) DEFAULT NULL,
  `TAG` varchar(255) DEFAULT NULL,
  `LIQUIBASE` varchar(20) DEFAULT NULL,
  `CONTEXTS` varchar(255) DEFAULT NULL,
  `LABELS` varchar(255) DEFAULT NULL,
  `DEPLOYMENT_ID` varchar(10) DEFAULT NULL
) ENGINE=InnoDB DEFAULT CHARSET=utf8;

INSERT INTO `DATABASECHANGELOG` (`ID`, `AUTHOR`, `FILENAME`, `DATEEXECUTED`, `ORDEREXECUTED`, `EXECTYPE`, `MD5SUM`, `DESCRIPTION`, `COMMENTS`, `TAG`, `LIQUIBASE`, `CONTEXTS`, `LABELS`, `DEPLOYMENT_ID`) VALUES('1.0.0.Final-KEYCLOAK-5461', 'sthorger@redhat.com', 'META-INF/jpa-changelog-1.0.0.Final.xml', '2021-09-10 08:44:21', 1, 'EXECUTED', '7:4e70412f24a3f382c82183742ec79317', 'createTable tableName=APPLICATION_DEFAULT_ROLES; createTable tableName=CLIENT; createTable tableName=CLIENT_SESSION; createTable tableName=CLIENT_SESSION_ROLE; createTable tableName=COMPOSITE_ROLE; createTable tableName=CREDENTIAL; createTable tab...', '', NULL, '3.5.4', NULL, NULL, '1263460980');
INSERT INTO `DATABASECHANGELOG` (`ID`, `AUTHOR`, `FILENAME`, `DATEEXECUTED`, `ORDEREXECUTED`, `EXECTYPE`, `MD5SUM`, `DESCRIPTION`, `COMMENTS`, `TAG`, `LIQUIBASE`, `CONTEXTS`, `LABELS`, `DEPLOYMENT_ID`) VALUES('1.0.0.Final-KEYCLOAK-5461', 'sthorger@redhat.com', 'META-INF/db2-jpa-changelog-1.0.0.Final.xml', '2021-09-10 08:44:21', 2, 'MARK_RAN', '7:cb16724583e9675711801c6875114f28', 'createTable tableName=APPLICATION_DEFAULT_ROLES; createTable tableName=CLIENT; createTable tableName=CLIENT_SESSION; createTable tableName=CLIENT_SESSION_ROLE; createTable tableName=COMPOSITE_ROLE; createTable tableName=CREDENTIAL; createTable tab...', '', NULL, '3.5.4', NULL, NULL, '1263460980');
INSERT INTO `DATABASECHANGELOG` (`ID`, `AUTHOR`, `FILENAME`, `DATEEXECUTED`, `ORDEREXECUTED`, `EXECTYPE`, `MD5SUM`, `DESCRIPTION`, `COMMENTS`, `TAG`, `LIQUIBASE`, `CONTEXTS`, `LABELS`, `DEPLOYMENT_ID`) VALUES('1.1.0.Beta1', 'sthorger@redhat.com', 'META-INF/jpa-changelog-1.1.0.Beta1.xml', '2021-09-10 08:44:22', 3, 'EXECUTED', '7:0310eb8ba07cec616460794d42ade0fa', 'delete tableName=CLIENT_SESSION_ROLE; delete tableName=CLIENT_SESSION; delete tableName=USER_SESSION; createTable tableName=CLIENT_ATTRIBUTES; createTable tableName=CLIENT_SESSION_NOTE; createTable tableName=APP_NODE_REGISTRATIONS; addColumn table...', '', NULL, '3.5.4', NULL, NULL, '1263460980');
INSERT INTO `DATABASECHANGELOG` (`ID`, `AUTHOR`, `FILENAME`, `DATEEXECUTED`, `ORDEREXECUTED`, `EXECTYPE`, `MD5SUM`, `DESCRIPTION`, `COMMENTS`, `TAG`, `LIQUIBASE`, `CONTEXTS`, `LABELS`, `DEPLOYMENT_ID`) VALUES('1.1.0.Final', 'sthorger@redhat.com', 'META-INF/jpa-changelog-1.1.0.Final.xml', '2021-09-10 08:44:22', 4, 'EXECUTED', '7:5d25857e708c3233ef4439df1f93f012', 'renameColumn newColumnName=EVENT_TIME, oldColumnName=TIME, tableName=EVENT_ENTITY', '', NULL, '3.5.4', NULL, NULL, '1263460980');
INSERT INTO `DATABASECHANGELOG` (`ID`, `AUTHOR`, `FILENAME`, `DATEEXECUTED`, `ORDEREXECUTED`, `EXECTYPE`, `MD5SUM`, `DESCRIPTION`, `COMMENTS`, `TAG`, `LIQUIBASE`, `CONTEXTS`, `LABELS`, `DEPLOYMENT_ID`) VALUES('1.2.0.Beta1', 'psilva@redhat.com', 'META-INF/jpa-changelog-1.2.0.Beta1.xml', '2021-09-10 08:44:22', 5, 'EXECUTED', '7:c7a54a1041d58eb3817a4a883b4d4e84', 'delete tableName=CLIENT_SESSION_ROLE; delete tableName=CLIENT_SESSION_NOTE; delete tableName=CLIENT_SESSION; delete tableName=USER_SESSION; createTable tableName=PROTOCOL_MAPPER; createTable tableName=PROTOCOL_MAPPER_CONFIG; createTable tableName=...', '', NULL, '3.5.4', NULL, NULL, '1263460980');
INSERT INTO `DATABASECHANGELOG` (`ID`, `AUTHOR`, `FILENAME`, `DATEEXECUTED`, `ORDEREXECUTED`, `EXECTYPE`, `MD5SUM`, `DESCRIPTION`, `COMMENTS`, `TAG`, `LIQUIBASE`, `CONTEXTS`, `LABELS`, `DEPLOYMENT_ID`) VALUES('1.2.0.Beta1', 'psilva@redhat.com', 'META-INF/db2-jpa-changelog-1.2.0.Beta1.xml', '2021-09-10 08:44:22', 6, 'MARK_RAN', '7:2e01012df20974c1c2a605ef8afe25b7', 'delete tableName=CLIENT_SESSION_ROLE; delete tableName=CLIENT_SESSION_NOTE; delete tableName=CLIENT_SESSION; delete tableName=USER_SESSION; createTable tableName=PROTOCOL_MAPPER; createTable tableName=PROTOCOL_MAPPER_CONFIG; createTable tableName=...', '', NULL, '3.5.4', NULL, NULL, '1263460980');
INSERT INTO `DATABASECHANGELOG` (`ID`, `AUTHOR`, `FILENAME`, `DATEEXECUTED`, `ORDEREXECUTED`, `EXECTYPE`, `MD5SUM`, `DESCRIPTION`, `COMMENTS`, `TAG`, `LIQUIBASE`, `CONTEXTS`, `LABELS`, `DEPLOYMENT_ID`) VALUES('1.2.0.RC1', 'bburke@redhat.com', 'META-INF/jpa-changelog-1.2.0.CR1.xml', '2021-09-10 08:44:23', 7, 'EXECUTED', '7:0f08df48468428e0f30ee59a8ec01a41', 'delete tableName=CLIENT_SESSION_ROLE; delete tableName=CLIENT_SESSION_NOTE; delete tableName=CLIENT_SESSION; delete tableName=USER_SESSION_NOTE; delete tableName=USER_SESSION; createTable tableName=MIGRATION_MODEL; createTable tableName=IDENTITY_P...', '', NULL, '3.5.4', NULL, NULL, '1263460980');
INSERT INTO `DATABASECHANGELOG` (`ID`, `AUTHOR`, `FILENAME`, `DATEEXECUTED`, `ORDEREXECUTED`, `EXECTYPE`, `MD5SUM`, `DESCRIPTION`, `COMMENTS`, `TAG`, `LIQUIBASE`, `CONTEXTS`, `LABELS`, `DEPLOYMENT_ID`) VALUES('1.2.0.RC1', 'bburke@redhat.com', 'META-INF/db2-jpa-changelog-1.2.0.CR1.xml', '2021-09-10 08:44:23', 8, 'MARK_RAN', '7:a77ea2ad226b345e7d689d366f185c8c', 'delete tableName=CLIENT_SESSION_ROLE; delete tableName=CLIENT_SESSION_NOTE; delete tableName=CLIENT_SESSION; delete tableName=USER_SESSION_NOTE; delete tableName=USER_SESSION; createTable tableName=MIGRATION_MODEL; createTable tableName=IDENTITY_P...', '', NULL, '3.5.4', NULL, NULL, '1263460980');
INSERT INTO `DATABASECHANGELOG` (`ID`, `AUTHOR`, `FILENAME`, `DATEEXECUTED`, `ORDEREXECUTED`, `EXECTYPE`, `MD5SUM`, `DESCRIPTION`, `COMMENTS`, `TAG`, `LIQUIBASE`, `CONTEXTS`, `LABELS`, `DEPLOYMENT_ID`) VALUES('1.2.0.Final', 'keycloak', 'META-INF/jpa-changelog-1.2.0.Final.xml', '2021-09-10 08:44:23', 9, 'EXECUTED', '7:a3377a2059aefbf3b90ebb4c4cc8e2ab', 'update tableName=CLIENT; update tableName=CLIENT; update tableName=CLIENT', '', NULL, '3.5.4', NULL, NULL, '1263460980');
INSERT INTO `DATABASECHANGELOG` (`ID`, `AUTHOR`, `FILENAME`, `DATEEXECUTED`, `ORDEREXECUTED`, `EXECTYPE`, `MD5SUM`, `DESCRIPTION`, `COMMENTS`, `TAG`, `LIQUIBASE`, `CONTEXTS`, `LABELS`, `DEPLOYMENT_ID`) VALUES('1.3.0', 'bburke@redhat.com', 'META-INF/jpa-changelog-1.3.0.xml', '2021-09-10 08:44:23', 10, 'EXECUTED', '7:04c1dbedc2aa3e9756d1a1668e003451', 'delete tableName=CLIENT_SESSION_ROLE; delete tableName=CLIENT_SESSION_PROT_MAPPER; delete tableName=CLIENT_SESSION_NOTE; delete tableName=CLIENT_SESSION; delete tableName=USER_SESSION_NOTE; delete tableName=USER_SESSION; createTable tableName=ADMI...', '', NULL, '3.5.4', NULL, NULL, '1263460980');
INSERT INTO `DATABASECHANGELOG` (`ID`, `AUTHOR`, `FILENAME`, `DATEEXECUTED`, `ORDEREXECUTED`, `EXECTYPE`, `MD5SUM`, `DESCRIPTION`, `COMMENTS`, `TAG`, `LIQUIBASE`, `CONTEXTS`, `LABELS`, `DEPLOYMENT_ID`) VALUES('1.4.0', 'bburke@redhat.com', 'META-INF/jpa-changelog-1.4.0.xml', '2021-09-10 08:44:23', 11, 'EXECUTED', '7:36ef39ed560ad07062d956db861042ba', 'delete tableName=CLIENT_SESSION_AUTH_STATUS; delete tableName=CLIENT_SESSION_ROLE; delete tableName=CLIENT_SESSION_PROT_MAPPER; delete tableName=CLIENT_SESSION_NOTE; delete tableName=CLIENT_SESSION; delete tableName=USER_SESSION_NOTE; delete table...', '', NULL, '3.5.4', NULL, NULL, '1263460980');
INSERT INTO `DATABASECHANGELOG` (`ID`, `AUTHOR`, `FILENAME`, `DATEEXECUTED`, `ORDEREXECUTED`, `EXECTYPE`, `MD5SUM`, `DESCRIPTION`, `COMMENTS`, `TAG`, `LIQUIBASE`, `CONTEXTS`, `LABELS`, `DEPLOYMENT_ID`) VALUES('1.4.0', 'bburke@redhat.com', 'META-INF/db2-jpa-changelog-1.4.0.xml', '2021-09-10 08:44:23', 12, 'MARK_RAN', '7:d909180b2530479a716d3f9c9eaea3d7', 'delete tableName=CLIENT_SESSION_AUTH_STATUS; delete tableName=CLIENT_SESSION_ROLE; delete tableName=CLIENT_SESSION_PROT_MAPPER; delete tableName=CLIENT_SESSION_NOTE; delete tableName=CLIENT_SESSION; delete tableName=USER_SESSION_NOTE; delete table...', '', NULL, '3.5.4', NULL, NULL, '1263460980');
INSERT INTO `DATABASECHANGELOG` (`ID`, `AUTHOR`, `FILENAME`, `DATEEXECUTED`, `ORDEREXECUTED`, `EXECTYPE`, `MD5SUM`, `DESCRIPTION`, `COMMENTS`, `TAG`, `LIQUIBASE`, `CONTEXTS`, `LABELS`, `DEPLOYMENT_ID`) VALUES('1.5.0', 'bburke@redhat.com', 'META-INF/jpa-changelog-1.5.0.xml', '2021-09-10 08:44:23', 13, 'EXECUTED', '7:cf12b04b79bea5152f165eb41f3955f6', 'delete tableName=CLIENT_SESSION_AUTH_STATUS; delete tableName=CLIENT_SESSION_ROLE; delete tableName=CLIENT_SESSION_PROT_MAPPER; delete tableName=CLIENT_SESSION_NOTE; delete tableName=CLIENT_SESSION; delete tableName=USER_SESSION_NOTE; delete table...', '', NULL, '3.5.4', NULL, NULL, '1263460980');
INSERT INTO `DATABASECHANGELOG` (`ID`, `AUTHOR`, `FILENAME`, `DATEEXECUTED`, `ORDEREXECUTED`, `EXECTYPE`, `MD5SUM`, `DESCRIPTION`, `COMMENTS`, `TAG`, `LIQUIBASE`, `CONTEXTS`, `LABELS`, `DEPLOYMENT_ID`) VALUES('1.6.1_from15', 'mposolda@redhat.com', 'META-INF/jpa-changelog-1.6.1.xml', '2021-09-10 08:44:23', 14, 'EXECUTED', '7:7e32c8f05c755e8675764e7d5f514509', 'addColumn tableName=REALM; addColumn tableName=KEYCLOAK_ROLE; addColumn tableName=CLIENT; createTable tableName=OFFLINE_USER_SESSION; createTable tableName=OFFLINE_CLIENT_SESSION; addPrimaryKey constraintName=CONSTRAINT_OFFL_US_SES_PK2, tableName=...', '', NULL, '3.5.4', NULL, NULL, '1263460980');
INSERT INTO `DATABASECHANGELOG` (`ID`, `AUTHOR`, `FILENAME`, `DATEEXECUTED`, `ORDEREXECUTED`, `EXECTYPE`, `MD5SUM`, `DESCRIPTION`, `COMMENTS`, `TAG`, `LIQUIBASE`, `CONTEXTS`, `LABELS`, `DEPLOYMENT_ID`) VALUES('1.6.1_from16-pre', 'mposolda@redhat.com', 'META-INF/jpa-changelog-1.6.1.xml', '2021-09-10 08:44:23', 15, 'MARK_RAN', '7:980ba23cc0ec39cab731ce903dd01291', 'delete tableName=OFFLINE_CLIENT_SESSION; delete tableName=OFFLINE_USER_SESSION', '', NULL, '3.5.4', NULL, NULL, '1263460980');
INSERT INTO `DATABASECHANGELOG` (`ID`, `AUTHOR`, `FILENAME`, `DATEEXECUTED`, `ORDEREXECUTED`, `EXECTYPE`, `MD5SUM`, `DESCRIPTION`, `COMMENTS`, `TAG`, `LIQUIBASE`, `CONTEXTS`, `LABELS`, `DEPLOYMENT_ID`) VALUES('1.6.1_from16', 'mposolda@redhat.com', 'META-INF/jpa-changelog-1.6.1.xml', '2021-09-10 08:44:23', 16, 'MARK_RAN', '7:2fa220758991285312eb84f3b4ff5336', 'dropPrimaryKey constraintName=CONSTRAINT_OFFLINE_US_SES_PK, tableName=OFFLINE_USER_SESSION; dropPrimaryKey constraintName=CONSTRAINT_OFFLINE_CL_SES_PK, tableName=OFFLINE_CLIENT_SESSION; addColumn tableName=OFFLINE_USER_SESSION; update tableName=OF...', '', NULL, '3.5.4', NULL, NULL, '1263460980');
INSERT INTO `DATABASECHANGELOG` (`ID`, `AUTHOR`, `FILENAME`, `DATEEXECUTED`, `ORDEREXECUTED`, `EXECTYPE`, `MD5SUM`, `DESCRIPTION`, `COMMENTS`, `TAG`, `LIQUIBASE`, `CONTEXTS`, `LABELS`, `DEPLOYMENT_ID`) VALUES('1.6.1', 'mposolda@redhat.com', 'META-INF/jpa-changelog-1.6.1.xml', '2021-09-10 08:44:23', 17, 'EXECUTED', '7:d41d8cd98f00b204e9800998ecf8427e', 'empty', '', NULL, '3.5.4', NULL, NULL, '1263460980');
INSERT INTO `DATABASECHANGELOG` (`ID`, `AUTHOR`, `FILENAME`, `DATEEXECUTED`, `ORDEREXECUTED`, `EXECTYPE`, `MD5SUM`, `DESCRIPTION`, `COMMENTS`, `TAG`, `LIQUIBASE`, `CONTEXTS`, `LABELS`, `DEPLOYMENT_ID`) VALUES('1.7.0', 'bburke@redhat.com', 'META-INF/jpa-changelog-1.7.0.xml', '2021-09-10 08:44:24', 18, 'EXECUTED', '7:91ace540896df890cc00a0490ee52bbc', 'createTable tableName=KEYCLOAK_GROUP; createTable tableName=GROUP_ROLE_MAPPING; createTable tableName=GROUP_ATTRIBUTE; createTable tableName=USER_GROUP_MEMBERSHIP; createTable tableName=REALM_DEFAULT_GROUPS; addColumn tableName=IDENTITY_PROVIDER; ...', '', NULL, '3.5.4', NULL, NULL, '1263460980');
INSERT INTO `DATABASECHANGELOG` (`ID`, `AUTHOR`, `FILENAME`, `DATEEXECUTED`, `ORDEREXECUTED`, `EXECTYPE`, `MD5SUM`, `DESCRIPTION`, `COMMENTS`, `TAG`, `LIQUIBASE`, `CONTEXTS`, `LABELS`, `DEPLOYMENT_ID`) VALUES('1.8.0', 'mposolda@redhat.com', 'META-INF/jpa-changelog-1.8.0.xml', '2021-09-10 08:44:24', 19, 'EXECUTED', '7:c31d1646dfa2618a9335c00e07f89f24', 'addColumn tableName=IDENTITY_PROVIDER; createTable tableName=CLIENT_TEMPLATE; createTable tableName=CLIENT_TEMPLATE_ATTRIBUTES; createTable tableName=TEMPLATE_SCOPE_MAPPING; dropNotNullConstraint columnName=CLIENT_ID, tableName=PROTOCOL_MAPPER; ad...', '', NULL, '3.5.4', NULL, NULL, '1263460980');
INSERT INTO `DATABASECHANGELOG` (`ID`, `AUTHOR`, `FILENAME`, `DATEEXECUTED`, `ORDEREXECUTED`, `EXECTYPE`, `MD5SUM`, `DESCRIPTION`, `COMMENTS`, `TAG`, `LIQUIBASE`, `CONTEXTS`, `LABELS`, `DEPLOYMENT_ID`) VALUES('1.8.0-2', 'keycloak', 'META-INF/jpa-changelog-1.8.0.xml', '2021-09-10 08:44:24', 20, 'EXECUTED', '7:df8bc21027a4f7cbbb01f6344e89ce07', 'dropDefaultValue columnName=ALGORITHM, tableName=CREDENTIAL; update tableName=CREDENTIAL', '', NULL, '3.5.4', NULL, NULL, '1263460980');
INSERT INTO `DATABASECHANGELOG` (`ID`, `AUTHOR`, `FILENAME`, `DATEEXECUTED`, `ORDEREXECUTED`, `EXECTYPE`, `MD5SUM`, `DESCRIPTION`, `COMMENTS`, `TAG`, `LIQUIBASE`, `CONTEXTS`, `LABELS`, `DEPLOYMENT_ID`) VALUES('1.8.0', 'mposolda@redhat.com', 'META-INF/db2-jpa-changelog-1.8.0.xml', '2021-09-10 08:44:24', 21, 'MARK_RAN', '7:f987971fe6b37d963bc95fee2b27f8df', 'addColumn tableName=IDENTITY_PROVIDER; createTable tableName=CLIENT_TEMPLATE; createTable tableName=CLIENT_TEMPLATE_ATTRIBUTES; createTable tableName=TEMPLATE_SCOPE_MAPPING; dropNotNullConstraint columnName=CLIENT_ID, tableName=PROTOCOL_MAPPER; ad...', '', NULL, '3.5.4', NULL, NULL, '1263460980');
INSERT INTO `DATABASECHANGELOG` (`ID`, `AUTHOR`, `FILENAME`, `DATEEXECUTED`, `ORDEREXECUTED`, `EXECTYPE`, `MD5SUM`, `DESCRIPTION`, `COMMENTS`, `TAG`, `LIQUIBASE`, `CONTEXTS`, `LABELS`, `DEPLOYMENT_ID`) VALUES('1.8.0-2', 'keycloak', 'META-INF/db2-jpa-changelog-1.8.0.xml', '2021-09-10 08:44:24', 22, 'MARK_RAN', '7:df8bc21027a4f7cbbb01f6344e89ce07', 'dropDefaultValue columnName=ALGORITHM, tableName=CREDENTIAL; update tableName=CREDENTIAL', '', NULL, '3.5.4', NULL, NULL, '1263460980');
INSERT INTO `DATABASECHANGELOG` (`ID`, `AUTHOR`, `FILENAME`, `DATEEXECUTED`, `ORDEREXECUTED`, `EXECTYPE`, `MD5SUM`, `DESCRIPTION`, `COMMENTS`, `TAG`, `LIQUIBASE`, `CONTEXTS`, `LABELS`, `DEPLOYMENT_ID`) VALUES('1.9.0', 'mposolda@redhat.com', 'META-INF/jpa-changelog-1.9.0.xml', '2021-09-10 08:44:24', 23, 'EXECUTED', '7:ed2dc7f799d19ac452cbcda56c929e47', 'update tableName=REALM; update tableName=REALM; update tableName=REALM; update tableName=REALM; update tableName=CREDENTIAL; update tableName=CREDENTIAL; update tableName=CREDENTIAL; update tableName=REALM; update tableName=REALM; customChange; dr...', '', NULL, '3.5.4', NULL, NULL, '1263460980');
INSERT INTO `DATABASECHANGELOG` (`ID`, `AUTHOR`, `FILENAME`, `DATEEXECUTED`, `ORDEREXECUTED`, `EXECTYPE`, `MD5SUM`, `DESCRIPTION`, `COMMENTS`, `TAG`, `LIQUIBASE`, `CONTEXTS`, `LABELS`, `DEPLOYMENT_ID`) VALUES('1.9.1', 'keycloak', 'META-INF/jpa-changelog-1.9.1.xml', '2021-09-10 08:44:24', 24, 'EXECUTED', '7:80b5db88a5dda36ece5f235be8757615', 'modifyDataType columnName=PRIVATE_KEY, tableName=REALM; modifyDataType columnName=PUBLIC_KEY, tableName=REALM; modifyDataType columnName=CERTIFICATE, tableName=REALM', '', NULL, '3.5.4', NULL, NULL, '1263460980');
INSERT INTO `DATABASECHANGELOG` (`ID`, `AUTHOR`, `FILENAME`, `DATEEXECUTED`, `ORDEREXECUTED`, `EXECTYPE`, `MD5SUM`, `DESCRIPTION`, `COMMENTS`, `TAG`, `LIQUIBASE`, `CONTEXTS`, `LABELS`, `DEPLOYMENT_ID`) VALUES('1.9.1', 'keycloak', 'META-INF/db2-jpa-changelog-1.9.1.xml', '2021-09-10 08:44:24', 25, 'MARK_RAN', '7:1437310ed1305a9b93f8848f301726ce', 'modifyDataType columnName=PRIVATE_KEY, tableName=REALM; modifyDataType columnName=CERTIFICATE, tableName=REALM', '', NULL, '3.5.4', NULL, NULL, '1263460980');
INSERT INTO `DATABASECHANGELOG` (`ID`, `AUTHOR`, `FILENAME`, `DATEEXECUTED`, `ORDEREXECUTED`, `EXECTYPE`, `MD5SUM`, `DESCRIPTION`, `COMMENTS`, `TAG`, `LIQUIBASE`, `CONTEXTS`, `LABELS`, `DEPLOYMENT_ID`) VALUES('1.9.2', 'keycloak', 'META-INF/jpa-changelog-1.9.2.xml', '2021-09-10 08:44:24', 26, 'EXECUTED', '7:b82ffb34850fa0836be16deefc6a87c4', 'createIndex indexName=IDX_USER_EMAIL, tableName=USER_ENTITY; createIndex indexName=IDX_USER_ROLE_MAPPING, tableName=USER_ROLE_MAPPING; createIndex indexName=IDX_USER_GROUP_MAPPING, tableName=USER_GROUP_MEMBERSHIP; createIndex indexName=IDX_USER_CO...', '', NULL, '3.5.4', NULL, NULL, '1263460980');
INSERT INTO `DATABASECHANGELOG` (`ID`, `AUTHOR`, `FILENAME`, `DATEEXECUTED`, `ORDEREXECUTED`, `EXECTYPE`, `MD5SUM`, `DESCRIPTION`, `COMMENTS`, `TAG`, `LIQUIBASE`, `CONTEXTS`, `LABELS`, `DEPLOYMENT_ID`) VALUES('authz-2.0.0', 'psilva@redhat.com', 'META-INF/jpa-changelog-authz-2.0.0.xml', '2021-09-10 08:44:24', 27, 'EXECUTED', '7:9cc98082921330d8d9266decdd4bd658', 'createTable tableName=RESOURCE_SERVER; addPrimaryKey constraintName=CONSTRAINT_FARS, tableName=RESOURCE_SERVER; addUniqueConstraint constraintName=UK_AU8TT6T700S9V50BU18WS5HA6, tableName=RESOURCE_SERVER; createTable tableName=RESOURCE_SERVER_RESOU...', '', NULL, '3.5.4', NULL, NULL, '1263460980');
INSERT INTO `DATABASECHANGELOG` (`ID`, `AUTHOR`, `FILENAME`, `DATEEXECUTED`, `ORDEREXECUTED`, `EXECTYPE`, `MD5SUM`, `DESCRIPTION`, `COMMENTS`, `TAG`, `LIQUIBASE`, `CONTEXTS`, `LABELS`, `DEPLOYMENT_ID`) VALUES('authz-2.5.1', 'psilva@redhat.com', 'META-INF/jpa-changelog-authz-2.5.1.xml', '2021-09-10 08:44:24', 28, 'EXECUTED', '7:03d64aeed9cb52b969bd30a7ac0db57e', 'update tableName=RESOURCE_SERVER_POLICY', '', NULL, '3.5.4', NULL, NULL, '1263460980');
INSERT INTO `DATABASECHANGELOG` (`ID`, `AUTHOR`, `FILENAME`, `DATEEXECUTED`, `ORDEREXECUTED`, `EXECTYPE`, `MD5SUM`, `DESCRIPTION`, `COMMENTS`, `TAG`, `LIQUIBASE`, `CONTEXTS`, `LABELS`, `DEPLOYMENT_ID`) VALUES('2.1.0-KEYCLOAK-5461', 'bburke@redhat.com', 'META-INF/jpa-changelog-2.1.0.xml', '2021-09-10 08:44:25', 29, 'EXECUTED', '7:f1f9fd8710399d725b780f463c6b21cd', 'createTable tableName=BROKER_LINK; createTable tableName=FED_USER_ATTRIBUTE; createTable tableName=FED_USER_CONSENT; createTable tableName=FED_USER_CONSENT_ROLE; createTable tableName=FED_USER_CONSENT_PROT_MAPPER; createTable tableName=FED_USER_CR...', '', NULL, '3.5.4', NULL, NULL, '1263460980');
INSERT INTO `DATABASECHANGELOG` (`ID`, `AUTHOR`, `FILENAME`, `DATEEXECUTED`, `ORDEREXECUTED`, `EXECTYPE`, `MD5SUM`, `DESCRIPTION`, `COMMENTS`, `TAG`, `LIQUIBASE`, `CONTEXTS`, `LABELS`, `DEPLOYMENT_ID`) VALUES('2.2.0', 'bburke@redhat.com', 'META-INF/jpa-changelog-2.2.0.xml', '2021-09-10 08:44:25', 30, 'EXECUTED', '7:53188c3eb1107546e6f765835705b6c1', 'addColumn tableName=ADMIN_EVENT_ENTITY; createTable tableName=CREDENTIAL_ATTRIBUTE; createTable tableName=FED_CREDENTIAL_ATTRIBUTE; modifyDataType columnName=VALUE, tableName=CREDENTIAL; addForeignKeyConstraint baseTableName=FED_CREDENTIAL_ATTRIBU...', '', NULL, '3.5.4', NULL, NULL, '1263460980');
INSERT INTO `DATABASECHANGELOG` (`ID`, `AUTHOR`, `FILENAME`, `DATEEXECUTED`, `ORDEREXECUTED`, `EXECTYPE`, `MD5SUM`, `DESCRIPTION`, `COMMENTS`, `TAG`, `LIQUIBASE`, `CONTEXTS`, `LABELS`, `DEPLOYMENT_ID`) VALUES('2.3.0', 'bburke@redhat.com', 'META-INF/jpa-changelog-2.3.0.xml', '2021-09-10 08:44:25', 31, 'EXECUTED', '7:d6e6f3bc57a0c5586737d1351725d4d4', 'createTable tableName=FEDERATED_USER; addPrimaryKey constraintName=CONSTR_FEDERATED_USER, tableName=FEDERATED_USER; dropDefaultValue columnName=TOTP, tableName=USER_ENTITY; dropColumn columnName=TOTP, tableName=USER_ENTITY; addColumn tableName=IDE...', '', NULL, '3.5.4', NULL, NULL, '1263460980');
INSERT INTO `DATABASECHANGELOG` (`ID`, `AUTHOR`, `FILENAME`, `DATEEXECUTED`, `ORDEREXECUTED`, `EXECTYPE`, `MD5SUM`, `DESCRIPTION`, `COMMENTS`, `TAG`, `LIQUIBASE`, `CONTEXTS`, `LABELS`, `DEPLOYMENT_ID`) VALUES('2.4.0', 'bburke@redhat.com', 'META-INF/jpa-changelog-2.4.0.xml', '2021-09-10 08:44:25', 32, 'EXECUTED', '7:454d604fbd755d9df3fd9c6329043aa5', 'customChange', '', NULL, '3.5.4', NULL, NULL, '1263460980');
INSERT INTO `DATABASECHANGELOG` (`ID`, `AUTHOR`, `FILENAME`, `DATEEXECUTED`, `ORDEREXECUTED`, `EXECTYPE`, `MD5SUM`, `DESCRIPTION`, `COMMENTS`, `TAG`, `LIQUIBASE`, `CONTEXTS`, `LABELS`, `DEPLOYMENT_ID`) VALUES('2.5.0', 'bburke@redhat.com', 'META-INF/jpa-changelog-2.5.0.xml', '2021-09-10 08:44:25', 33, 'EXECUTED', '7:57e98a3077e29caf562f7dbf80c72600', 'customChange; modifyDataType columnName=USER_ID, tableName=OFFLINE_USER_SESSION', '', NULL, '3.5.4', NULL, NULL, '1263460980');
INSERT INTO `DATABASECHANGELOG` (`ID`, `AUTHOR`, `FILENAME`, `DATEEXECUTED`, `ORDEREXECUTED`, `EXECTYPE`, `MD5SUM`, `DESCRIPTION`, `COMMENTS`, `TAG`, `LIQUIBASE`, `CONTEXTS`, `LABELS`, `DEPLOYMENT_ID`) VALUES('2.5.0-unicode-oracle', 'hmlnarik@redhat.com', 'META-INF/jpa-changelog-2.5.0.xml', '2021-09-10 08:44:25', 34, 'MARK_RAN', '7:e4c7e8f2256210aee71ddc42f538b57a', 'modifyDataType columnName=DESCRIPTION, tableName=AUTHENTICATION_FLOW; modifyDataType columnName=DESCRIPTION, tableName=CLIENT_TEMPLATE; modifyDataType columnName=DESCRIPTION, tableName=RESOURCE_SERVER_POLICY; modifyDataType columnName=DESCRIPTION,...', '', NULL, '3.5.4', NULL, NULL, '1263460980');
INSERT INTO `DATABASECHANGELOG` (`ID`, `AUTHOR`, `FILENAME`, `DATEEXECUTED`, `ORDEREXECUTED`, `EXECTYPE`, `MD5SUM`, `DESCRIPTION`, `COMMENTS`, `TAG`, `LIQUIBASE`, `CONTEXTS`, `LABELS`, `DEPLOYMENT_ID`) VALUES('2.5.0-unicode-other-dbs', 'hmlnarik@redhat.com', 'META-INF/jpa-changelog-2.5.0.xml', '2021-09-10 08:44:25', 35, 'EXECUTED', '7:09a43c97e49bc626460480aa1379b522', 'modifyDataType columnName=DESCRIPTION, tableName=AUTHENTICATION_FLOW; modifyDataType columnName=DESCRIPTION, tableName=CLIENT_TEMPLATE; modifyDataType columnName=DESCRIPTION, tableName=RESOURCE_SERVER_POLICY; modifyDataType columnName=DESCRIPTION,...', '', NULL, '3.5.4', NULL, NULL, '1263460980');
INSERT INTO `DATABASECHANGELOG` (`ID`, `AUTHOR`, `FILENAME`, `DATEEXECUTED`, `ORDEREXECUTED`, `EXECTYPE`, `MD5SUM`, `DESCRIPTION`, `COMMENTS`, `TAG`, `LIQUIBASE`, `CONTEXTS`, `LABELS`, `DEPLOYMENT_ID`) VALUES('2.5.0-duplicate-email-support', 'slawomir@dabek.name', 'META-INF/jpa-changelog-2.5.0.xml', '2021-09-10 08:44:25', 36, 'EXECUTED', '7:26bfc7c74fefa9126f2ce702fb775553', 'addColumn tableName=REALM', '', NULL, '3.5.4', NULL, NULL, '1263460980');
INSERT INTO `DATABASECHANGELOG` (`ID`, `AUTHOR`, `FILENAME`, `DATEEXECUTED`, `ORDEREXECUTED`, `EXECTYPE`, `MD5SUM`, `DESCRIPTION`, `COMMENTS`, `TAG`, `LIQUIBASE`, `CONTEXTS`, `LABELS`, `DEPLOYMENT_ID`) VALUES('2.5.0-unique-group-names', 'hmlnarik@redhat.com', 'META-INF/jpa-changelog-2.5.0.xml', '2021-09-10 08:44:25', 37, 'EXECUTED', '7:a161e2ae671a9020fff61e996a207377', 'addUniqueConstraint constraintName=SIBLING_NAMES, tableName=KEYCLOAK_GROUP', '', NULL, '3.5.4', NULL, NULL, '1263460980');
INSERT INTO `DATABASECHANGELOG` (`ID`, `AUTHOR`, `FILENAME`, `DATEEXECUTED`, `ORDEREXECUTED`, `EXECTYPE`, `MD5SUM`, `DESCRIPTION`, `COMMENTS`, `TAG`, `LIQUIBASE`, `CONTEXTS`, `LABELS`, `DEPLOYMENT_ID`) VALUES('2.5.1', 'bburke@redhat.com', 'META-INF/jpa-changelog-2.5.1.xml', '2021-09-10 08:44:25', 38, 'EXECUTED', '7:37fc1781855ac5388c494f1442b3f717', 'addColumn tableName=FED_USER_CONSENT', '', NULL, '3.5.4', NULL, NULL, '1263460980');
INSERT INTO `DATABASECHANGELOG` (`ID`, `AUTHOR`, `FILENAME`, `DATEEXECUTED`, `ORDEREXECUTED`, `EXECTYPE`, `MD5SUM`, `DESCRIPTION`, `COMMENTS`, `TAG`, `LIQUIBASE`, `CONTEXTS`, `LABELS`, `DEPLOYMENT_ID`) VALUES('3.0.0', 'bburke@redhat.com', 'META-INF/jpa-changelog-3.0.0.xml', '2021-09-10 08:44:25', 39, 'EXECUTED', '7:13a27db0dae6049541136adad7261d27', 'addColumn tableName=IDENTITY_PROVIDER', '', NULL, '3.5.4', NULL, NULL, '1263460980');
INSERT INTO `DATABASECHANGELOG` (`ID`, `AUTHOR`, `FILENAME`, `DATEEXECUTED`, `ORDEREXECUTED`, `EXECTYPE`, `MD5SUM`, `DESCRIPTION`, `COMMENTS`, `TAG`, `LIQUIBASE`, `CONTEXTS`, `LABELS`, `DEPLOYMENT_ID`) VALUES('3.2.0-fix', 'keycloak', 'META-INF/jpa-changelog-3.2.0.xml', '2021-09-10 08:44:25', 40, 'MARK_RAN', '7:550300617e3b59e8af3a6294df8248a3', 'addNotNullConstraint columnName=REALM_ID, tableName=CLIENT_INITIAL_ACCESS', '', NULL, '3.5.4', NULL, NULL, '1263460980');
INSERT INTO `DATABASECHANGELOG` (`ID`, `AUTHOR`, `FILENAME`, `DATEEXECUTED`, `ORDEREXECUTED`, `EXECTYPE`, `MD5SUM`, `DESCRIPTION`, `COMMENTS`, `TAG`, `LIQUIBASE`, `CONTEXTS`, `LABELS`, `DEPLOYMENT_ID`) VALUES('3.2.0-fix-with-keycloak-5416', 'keycloak', 'META-INF/jpa-changelog-3.2.0.xml', '2021-09-10 08:44:25', 41, 'MARK_RAN', '7:e3a9482b8931481dc2772a5c07c44f17', 'dropIndex indexName=IDX_CLIENT_INIT_ACC_REALM, tableName=CLIENT_INITIAL_ACCESS; addNotNullConstraint columnName=REALM_ID, tableName=CLIENT_INITIAL_ACCESS; createIndex indexName=IDX_CLIENT_INIT_ACC_REALM, tableName=CLIENT_INITIAL_ACCESS', '', NULL, '3.5.4', NULL, NULL, '1263460980');
INSERT INTO `DATABASECHANGELOG` (`ID`, `AUTHOR`, `FILENAME`, `DATEEXECUTED`, `ORDEREXECUTED`, `EXECTYPE`, `MD5SUM`, `DESCRIPTION`, `COMMENTS`, `TAG`, `LIQUIBASE`, `CONTEXTS`, `LABELS`, `DEPLOYMENT_ID`) VALUES('3.2.0-fix-offline-sessions', 'hmlnarik', 'META-INF/jpa-changelog-3.2.0.xml', '2021-09-10 08:44:25', 42, 'EXECUTED', '7:72b07d85a2677cb257edb02b408f332d', 'customChange', '', NULL, '3.5.4', NULL, NULL, '1263460980');
INSERT INTO `DATABASECHANGELOG` (`ID`, `AUTHOR`, `FILENAME`, `DATEEXECUTED`, `ORDEREXECUTED`, `EXECTYPE`, `MD5SUM`, `DESCRIPTION`, `COMMENTS`, `TAG`, `LIQUIBASE`, `CONTEXTS`, `LABELS`, `DEPLOYMENT_ID`) VALUES('3.2.0-fixed', 'keycloak', 'META-INF/jpa-changelog-3.2.0.xml', '2021-09-10 08:44:26', 43, 'EXECUTED', '7:a72a7858967bd414835d19e04d880312', 'addColumn tableName=REALM; dropPrimaryKey constraintName=CONSTRAINT_OFFL_CL_SES_PK2, tableName=OFFLINE_CLIENT_SESSION; dropColumn columnName=CLIENT_SESSION_ID, tableName=OFFLINE_CLIENT_SESSION; addPrimaryKey constraintName=CONSTRAINT_OFFL_CL_SES_P...', '', NULL, '3.5.4', NULL, NULL, '1263460980');
INSERT INTO `DATABASECHANGELOG` (`ID`, `AUTHOR`, `FILENAME`, `DATEEXECUTED`, `ORDEREXECUTED`, `EXECTYPE`, `MD5SUM`, `DESCRIPTION`, `COMMENTS`, `TAG`, `LIQUIBASE`, `CONTEXTS`, `LABELS`, `DEPLOYMENT_ID`) VALUES('3.3.0', 'keycloak', 'META-INF/jpa-changelog-3.3.0.xml', '2021-09-10 08:44:26', 44, 'EXECUTED', '7:94edff7cf9ce179e7e85f0cd78a3cf2c', 'addColumn tableName=USER_ENTITY', '', NULL, '3.5.4', NULL, NULL, '1263460980');
INSERT INTO `DATABASECHANGELOG` (`ID`, `AUTHOR`, `FILENAME`, `DATEEXECUTED`, `ORDEREXECUTED`, `EXECTYPE`, `MD5SUM`, `DESCRIPTION`, `COMMENTS`, `TAG`, `LIQUIBASE`, `CONTEXTS`, `LABELS`, `DEPLOYMENT_ID`) VALUES('authz-3.4.0.CR1-resource-server-pk-change-part1', 'glavoie@gmail.com', 'META-INF/jpa-changelog-authz-3.4.0.CR1.xml', '2021-09-10 08:44:26', 45, 'EXECUTED', '7:6a48ce645a3525488a90fbf76adf3bb3', 'addColumn tableName=RESOURCE_SERVER_POLICY; addColumn tableName=RESOURCE_SERVER_RESOURCE; addColumn tableName=RESOURCE_SERVER_SCOPE', '', NULL, '3.5.4', NULL, NULL, '1263460980');
INSERT INTO `DATABASECHANGELOG` (`ID`, `AUTHOR`, `FILENAME`, `DATEEXECUTED`, `ORDEREXECUTED`, `EXECTYPE`, `MD5SUM`, `DESCRIPTION`, `COMMENTS`, `TAG`, `LIQUIBASE`, `CONTEXTS`, `LABELS`, `DEPLOYMENT_ID`) VALUES('authz-3.4.0.CR1-resource-server-pk-change-part2-KEYCLOAK-6095', 'hmlnarik@redhat.com', 'META-INF/jpa-changelog-authz-3.4.0.CR1.xml', '2021-09-10 08:44:26', 46, 'EXECUTED', '7:e64b5dcea7db06077c6e57d3b9e5ca14', 'customChange', '', NULL, '3.5.4', NULL, NULL, '1263460980');
INSERT INTO `DATABASECHANGELOG` (`ID`, `AUTHOR`, `FILENAME`, `DATEEXECUTED`, `ORDEREXECUTED`, `EXECTYPE`, `MD5SUM`, `DESCRIPTION`, `COMMENTS`, `TAG`, `LIQUIBASE`, `CONTEXTS`, `LABELS`, `DEPLOYMENT_ID`) VALUES('authz-3.4.0.CR1-resource-server-pk-change-part3-fixed', 'glavoie@gmail.com', 'META-INF/jpa-changelog-authz-3.4.0.CR1.xml', '2021-09-10 08:44:26', 47, 'MARK_RAN', '7:fd8cf02498f8b1e72496a20afc75178c', 'dropIndex indexName=IDX_RES_SERV_POL_RES_SERV, tableName=RESOURCE_SERVER_POLICY; dropIndex indexName=IDX_RES_SRV_RES_RES_SRV, tableName=RESOURCE_SERVER_RESOURCE; dropIndex indexName=IDX_RES_SRV_SCOPE_RES_SRV, tableName=RESOURCE_SERVER_SCOPE', '', NULL, '3.5.4', NULL, NULL, '1263460980');
INSERT INTO `DATABASECHANGELOG` (`ID`, `AUTHOR`, `FILENAME`, `DATEEXECUTED`, `ORDEREXECUTED`, `EXECTYPE`, `MD5SUM`, `DESCRIPTION`, `COMMENTS`, `TAG`, `LIQUIBASE`, `CONTEXTS`, `LABELS`, `DEPLOYMENT_ID`) VALUES('authz-3.4.0.CR1-resource-server-pk-change-part3-fixed-nodropindex', 'glavoie@gmail.com', 'META-INF/jpa-changelog-authz-3.4.0.CR1.xml', '2021-09-10 08:44:26', 48, 'EXECUTED', '7:542794f25aa2b1fbabb7e577d6646319', 'addNotNullConstraint columnName=RESOURCE_SERVER_CLIENT_ID, tableName=RESOURCE_SERVER_POLICY; addNotNullConstraint columnName=RESOURCE_SERVER_CLIENT_ID, tableName=RESOURCE_SERVER_RESOURCE; addNotNullConstraint columnName=RESOURCE_SERVER_CLIENT_ID, ...', '', NULL, '3.5.4', NULL, NULL, '1263460980');
INSERT INTO `DATABASECHANGELOG` (`ID`, `AUTHOR`, `FILENAME`, `DATEEXECUTED`, `ORDEREXECUTED`, `EXECTYPE`, `MD5SUM`, `DESCRIPTION`, `COMMENTS`, `TAG`, `LIQUIBASE`, `CONTEXTS`, `LABELS`, `DEPLOYMENT_ID`) VALUES('authn-3.4.0.CR1-refresh-token-max-reuse', 'glavoie@gmail.com', 'META-INF/jpa-changelog-authz-3.4.0.CR1.xml', '2021-09-10 08:44:26', 49, 'EXECUTED', '7:edad604c882df12f74941dac3cc6d650', 'addColumn tableName=REALM', '', NULL, '3.5.4', NULL, NULL, '1263460980');
INSERT INTO `DATABASECHANGELOG` (`ID`, `AUTHOR`, `FILENAME`, `DATEEXECUTED`, `ORDEREXECUTED`, `EXECTYPE`, `MD5SUM`, `DESCRIPTION`, `COMMENTS`, `TAG`, `LIQUIBASE`, `CONTEXTS`, `LABELS`, `DEPLOYMENT_ID`) VALUES('3.4.0', 'keycloak', 'META-INF/jpa-changelog-3.4.0.xml', '2021-09-10 08:44:26', 50, 'EXECUTED', '7:0f88b78b7b46480eb92690cbf5e44900', 'addPrimaryKey constraintName=CONSTRAINT_REALM_DEFAULT_ROLES, tableName=REALM_DEFAULT_ROLES; addPrimaryKey constraintName=CONSTRAINT_COMPOSITE_ROLE, tableName=COMPOSITE_ROLE; addPrimaryKey constraintName=CONSTR_REALM_DEFAULT_GROUPS, tableName=REALM...', '', NULL, '3.5.4', NULL, NULL, '1263460980');
INSERT INTO `DATABASECHANGELOG` (`ID`, `AUTHOR`, `FILENAME`, `DATEEXECUTED`, `ORDEREXECUTED`, `EXECTYPE`, `MD5SUM`, `DESCRIPTION`, `COMMENTS`, `TAG`, `LIQUIBASE`, `CONTEXTS`, `LABELS`, `DEPLOYMENT_ID`) VALUES('3.4.0-KEYCLOAK-5230', 'hmlnarik@redhat.com', 'META-INF/jpa-changelog-3.4.0.xml', '2021-09-10 08:44:27', 51, 'EXECUTED', '7:d560e43982611d936457c327f872dd59', 'createIndex indexName=IDX_FU_ATTRIBUTE, tableName=FED_USER_ATTRIBUTE; createIndex indexName=IDX_FU_CONSENT, tableName=FED_USER_CONSENT; createIndex indexName=IDX_FU_CONSENT_RU, tableName=FED_USER_CONSENT; createIndex indexName=IDX_FU_CREDENTIAL, t...', '', NULL, '3.5.4', NULL, NULL, '1263460980');
INSERT INTO `DATABASECHANGELOG` (`ID`, `AUTHOR`, `FILENAME`, `DATEEXECUTED`, `ORDEREXECUTED`, `EXECTYPE`, `MD5SUM`, `DESCRIPTION`, `COMMENTS`, `TAG`, `LIQUIBASE`, `CONTEXTS`, `LABELS`, `DEPLOYMENT_ID`) VALUES('3.4.1', 'psilva@redhat.com', 'META-INF/jpa-changelog-3.4.1.xml', '2021-09-10 08:44:27', 52, 'EXECUTED', '7:c155566c42b4d14ef07059ec3b3bbd8e', 'modifyDataType columnName=VALUE, tableName=CLIENT_ATTRIBUTES', '', NULL, '3.5.4', NULL, NULL, '1263460980');
INSERT INTO `DATABASECHANGELOG` (`ID`, `AUTHOR`, `FILENAME`, `DATEEXECUTED`, `ORDEREXECUTED`, `EXECTYPE`, `MD5SUM`, `DESCRIPTION`, `COMMENTS`, `TAG`, `LIQUIBASE`, `CONTEXTS`, `LABELS`, `DEPLOYMENT_ID`) VALUES('3.4.2', 'keycloak', 'META-INF/jpa-changelog-3.4.2.xml', '2021-09-10 08:44:27', 53, 'EXECUTED', '7:b40376581f12d70f3c89ba8ddf5b7dea', 'update tableName=REALM', '', NULL, '3.5.4', NULL, NULL, '1263460980');
INSERT INTO `DATABASECHANGELOG` (`ID`, `AUTHOR`, `FILENAME`, `DATEEXECUTED`, `ORDEREXECUTED`, `EXECTYPE`, `MD5SUM`, `DESCRIPTION`, `COMMENTS`, `TAG`, `LIQUIBASE`, `CONTEXTS`, `LABELS`, `DEPLOYMENT_ID`) VALUES('3.4.2-KEYCLOAK-5172', 'mkanis@redhat.com', 'META-INF/jpa-changelog-3.4.2.xml', '2021-09-10 08:44:27', 54, 'EXECUTED', '7:a1132cc395f7b95b3646146c2e38f168', 'update tableName=CLIENT', '', NULL, '3.5.4', NULL, NULL, '1263460980');
INSERT INTO `DATABASECHANGELOG` (`ID`, `AUTHOR`, `FILENAME`, `DATEEXECUTED`, `ORDEREXECUTED`, `EXECTYPE`, `MD5SUM`, `DESCRIPTION`, `COMMENTS`, `TAG`, `LIQUIBASE`, `CONTEXTS`, `LABELS`, `DEPLOYMENT_ID`) VALUES('4.0.0-KEYCLOAK-6335', 'bburke@redhat.com', 'META-INF/jpa-changelog-4.0.0.xml', '2021-09-10 08:44:27', 55, 'EXECUTED', '7:d8dc5d89c789105cfa7ca0e82cba60af', 'createTable tableName=CLIENT_AUTH_FLOW_BINDINGS; addPrimaryKey constraintName=C_CLI_FLOW_BIND, tableName=CLIENT_AUTH_FLOW_BINDINGS', '', NULL, '3.5.4', NULL, NULL, '1263460980');
INSERT INTO `DATABASECHANGELOG` (`ID`, `AUTHOR`, `FILENAME`, `DATEEXECUTED`, `ORDEREXECUTED`, `EXECTYPE`, `MD5SUM`, `DESCRIPTION`, `COMMENTS`, `TAG`, `LIQUIBASE`, `CONTEXTS`, `LABELS`, `DEPLOYMENT_ID`) VALUES('4.0.0-CLEANUP-UNUSED-TABLE', 'bburke@redhat.com', 'META-INF/jpa-changelog-4.0.0.xml', '2021-09-10 08:44:27', 56, 'EXECUTED', '7:7822e0165097182e8f653c35517656a3', 'dropTable tableName=CLIENT_IDENTITY_PROV_MAPPING', '', NULL, '3.5.4', NULL, NULL, '1263460980');
INSERT INTO `DATABASECHANGELOG` (`ID`, `AUTHOR`, `FILENAME`, `DATEEXECUTED`, `ORDEREXECUTED`, `EXECTYPE`, `MD5SUM`, `DESCRIPTION`, `COMMENTS`, `TAG`, `LIQUIBASE`, `CONTEXTS`, `LABELS`, `DEPLOYMENT_ID`) VALUES('4.0.0-KEYCLOAK-6228', 'bburke@redhat.com', 'META-INF/jpa-changelog-4.0.0.xml', '2021-09-10 08:44:27', 57, 'EXECUTED', '7:c6538c29b9c9a08f9e9ea2de5c2b6375', 'dropUniqueConstraint constraintName=UK_JKUWUVD56ONTGSUHOGM8UEWRT, tableName=USER_CONSENT; dropNotNullConstraint columnName=CLIENT_ID, tableName=USER_CONSENT; addColumn tableName=USER_CONSENT; addUniqueConstraint constraintName=UK_JKUWUVD56ONTGSUHO...', '', NULL, '3.5.4', NULL, NULL, '1263460980');
INSERT INTO `DATABASECHANGELOG` (`ID`, `AUTHOR`, `FILENAME`, `DATEEXECUTED`, `ORDEREXECUTED`, `EXECTYPE`, `MD5SUM`, `DESCRIPTION`, `COMMENTS`, `TAG`, `LIQUIBASE`, `CONTEXTS`, `LABELS`, `DEPLOYMENT_ID`) VALUES('4.0.0-KEYCLOAK-5579-fixed', 'mposolda@redhat.com', 'META-INF/jpa-changelog-4.0.0.xml', '2021-09-10 08:44:27', 58, 'EXECUTED', '7:6d4893e36de22369cf73bcb051ded875', 'dropForeignKeyConstraint baseTableName=CLIENT_TEMPLATE_ATTRIBUTES, constraintName=FK_CL_TEMPL_ATTR_TEMPL; renameTable newTableName=CLIENT_SCOPE_ATTRIBUTES, oldTableName=CLIENT_TEMPLATE_ATTRIBUTES; renameColumn newColumnName=SCOPE_ID, oldColumnName...', '', NULL, '3.5.4', NULL, NULL, '1263460980');
INSERT INTO `DATABASECHANGELOG` (`ID`, `AUTHOR`, `FILENAME`, `DATEEXECUTED`, `ORDEREXECUTED`, `EXECTYPE`, `MD5SUM`, `DESCRIPTION`, `COMMENTS`, `TAG`, `LIQUIBASE`, `CONTEXTS`, `LABELS`, `DEPLOYMENT_ID`) VALUES('authz-4.0.0.CR1', 'psilva@redhat.com', 'META-INF/jpa-changelog-authz-4.0.0.CR1.xml', '2021-09-10 08:44:27', 59, 'EXECUTED', '7:57960fc0b0f0dd0563ea6f8b2e4a1707', 'createTable tableName=RESOURCE_SERVER_PERM_TICKET; addPrimaryKey constraintName=CONSTRAINT_FAPMT, tableName=RESOURCE_SERVER_PERM_TICKET; addForeignKeyConstraint baseTableName=RESOURCE_SERVER_PERM_TICKET, constraintName=FK_FRSRHO213XCX4WNKOG82SSPMT...', '', NULL, '3.5.4', NULL, NULL, '1263460980');
INSERT INTO `DATABASECHANGELOG` (`ID`, `AUTHOR`, `FILENAME`, `DATEEXECUTED`, `ORDEREXECUTED`, `EXECTYPE`, `MD5SUM`, `DESCRIPTION`, `COMMENTS`, `TAG`, `LIQUIBASE`, `CONTEXTS`, `LABELS`, `DEPLOYMENT_ID`) VALUES('authz-4.0.0.Beta3', 'psilva@redhat.com', 'META-INF/jpa-changelog-authz-4.0.0.Beta3.xml', '2021-09-10 08:44:27', 60, 'EXECUTED', '7:2b4b8bff39944c7097977cc18dbceb3b', 'addColumn tableName=RESOURCE_SERVER_POLICY; addColumn tableName=RESOURCE_SERVER_PERM_TICKET; addForeignKeyConstraint baseTableName=RESOURCE_SERVER_PERM_TICKET, constraintName=FK_FRSRPO2128CX4WNKOG82SSRFY, referencedTableName=RESOURCE_SERVER_POLICY', '', NULL, '3.5.4', NULL, NULL, '1263460980');
INSERT INTO `DATABASECHANGELOG` (`ID`, `AUTHOR`, `FILENAME`, `DATEEXECUTED`, `ORDEREXECUTED`, `EXECTYPE`, `MD5SUM`, `DESCRIPTION`, `COMMENTS`, `TAG`, `LIQUIBASE`, `CONTEXTS`, `LABELS`, `DEPLOYMENT_ID`) VALUES('authz-4.2.0.Final', 'mhajas@redhat.com', 'META-INF/jpa-changelog-authz-4.2.0.Final.xml', '2021-09-10 08:44:27', 61, 'EXECUTED', '7:2aa42a964c59cd5b8ca9822340ba33a8', 'createTable tableName=RESOURCE_URIS; addForeignKeyConstraint baseTableName=RESOURCE_URIS, constraintName=FK_RESOURCE_SERVER_URIS, referencedTableName=RESOURCE_SERVER_RESOURCE; customChange; dropColumn columnName=URI, tableName=RESOURCE_SERVER_RESO...', '', NULL, '3.5.4', NULL, NULL, '1263460980');
INSERT INTO `DATABASECHANGELOG` (`ID`, `AUTHOR`, `FILENAME`, `DATEEXECUTED`, `ORDEREXECUTED`, `EXECTYPE`, `MD5SUM`, `DESCRIPTION`, `COMMENTS`, `TAG`, `LIQUIBASE`, `CONTEXTS`, `LABELS`, `DEPLOYMENT_ID`) VALUES('authz-4.2.0.Final-KEYCLOAK-9944', 'hmlnarik@redhat.com', 'META-INF/jpa-changelog-authz-4.2.0.Final.xml', '2021-09-10 08:44:27', 62, 'EXECUTED', '7:9ac9e58545479929ba23f4a3087a0346', 'addPrimaryKey constraintName=CONSTRAINT_RESOUR_URIS_PK, tableName=RESOURCE_URIS', '', NULL, '3.5.4', NULL, NULL, '1263460980');
INSERT INTO `DATABASECHANGELOG` (`ID`, `AUTHOR`, `FILENAME`, `DATEEXECUTED`, `ORDEREXECUTED`, `EXECTYPE`, `MD5SUM`, `DESCRIPTION`, `COMMENTS`, `TAG`, `LIQUIBASE`, `CONTEXTS`, `LABELS`, `DEPLOYMENT_ID`) VALUES('4.2.0-KEYCLOAK-6313', 'wadahiro@gmail.com', 'META-INF/jpa-changelog-4.2.0.xml', '2021-09-10 08:44:27', 63, 'EXECUTED', '7:14d407c35bc4fe1976867756bcea0c36', 'addColumn tableName=REQUIRED_ACTION_PROVIDER', '', NULL, '3.5.4', NULL, NULL, '1263460980');
INSERT INTO `DATABASECHANGELOG` (`ID`, `AUTHOR`, `FILENAME`, `DATEEXECUTED`, `ORDEREXECUTED`, `EXECTYPE`, `MD5SUM`, `DESCRIPTION`, `COMMENTS`, `TAG`, `LIQUIBASE`, `CONTEXTS`, `LABELS`, `DEPLOYMENT_ID`) VALUES('4.3.0-KEYCLOAK-7984', 'wadahiro@gmail.com', 'META-INF/jpa-changelog-4.3.0.xml', '2021-09-10 08:44:27', 64, 'EXECUTED', '7:241a8030c748c8548e346adee548fa93', 'update tableName=REQUIRED_ACTION_PROVIDER', '', NULL, '3.5.4', NULL, NULL, '1263460980');
INSERT INTO `DATABASECHANGELOG` (`ID`, `AUTHOR`, `FILENAME`, `DATEEXECUTED`, `ORDEREXECUTED`, `EXECTYPE`, `MD5SUM`, `DESCRIPTION`, `COMMENTS`, `TAG`, `LIQUIBASE`, `CONTEXTS`, `LABELS`, `DEPLOYMENT_ID`) VALUES('4.6.0-KEYCLOAK-7950', 'psilva@redhat.com', 'META-INF/jpa-changelog-4.6.0.xml', '2021-09-10 08:44:27', 65, 'EXECUTED', '7:7d3182f65a34fcc61e8d23def037dc3f', 'update tableName=RESOURCE_SERVER_RESOURCE', '', NULL, '3.5.4', NULL, NULL, '1263460980');
INSERT INTO `DATABASECHANGELOG` (`ID`, `AUTHOR`, `FILENAME`, `DATEEXECUTED`, `ORDEREXECUTED`, `EXECTYPE`, `MD5SUM`, `DESCRIPTION`, `COMMENTS`, `TAG`, `LIQUIBASE`, `CONTEXTS`, `LABELS`, `DEPLOYMENT_ID`) VALUES('4.6.0-KEYCLOAK-8377', 'keycloak', 'META-INF/jpa-changelog-4.6.0.xml', '2021-09-10 08:44:28', 66, 'EXECUTED', '7:b30039e00a0b9715d430d1b0636728fa', 'createTable tableName=ROLE_ATTRIBUTE; addPrimaryKey constraintName=CONSTRAINT_ROLE_ATTRIBUTE_PK, tableName=ROLE_ATTRIBUTE; addForeignKeyConstraint baseTableName=ROLE_ATTRIBUTE, constraintName=FK_ROLE_ATTRIBUTE_ID, referencedTableName=KEYCLOAK_ROLE...', '', NULL, '3.5.4', NULL, NULL, '1263460980');
INSERT INTO `DATABASECHANGELOG` (`ID`, `AUTHOR`, `FILENAME`, `DATEEXECUTED`, `ORDEREXECUTED`, `EXECTYPE`, `MD5SUM`, `DESCRIPTION`, `COMMENTS`, `TAG`, `LIQUIBASE`, `CONTEXTS`, `LABELS`, `DEPLOYMENT_ID`) VALUES('4.6.0-KEYCLOAK-8555', 'gideonray@gmail.com', 'META-INF/jpa-changelog-4.6.0.xml', '2021-09-10 08:44:28', 67, 'EXECUTED', '7:3797315ca61d531780f8e6f82f258159', 'createIndex indexName=IDX_COMPONENT_PROVIDER_TYPE, tableName=COMPONENT', '', NULL, '3.5.4', NULL, NULL, '1263460980');
INSERT INTO `DATABASECHANGELOG` (`ID`, `AUTHOR`, `FILENAME`, `DATEEXECUTED`, `ORDEREXECUTED`, `EXECTYPE`, `MD5SUM`, `DESCRIPTION`, `COMMENTS`, `TAG`, `LIQUIBASE`, `CONTEXTS`, `LABELS`, `DEPLOYMENT_ID`) VALUES('4.7.0-KEYCLOAK-1267', 'sguilhen@redhat.com', 'META-INF/jpa-changelog-4.7.0.xml', '2021-09-10 08:44:28', 68, 'EXECUTED', '7:c7aa4c8d9573500c2d347c1941ff0301', 'addColumn tableName=REALM', '', NULL, '3.5.4', NULL, NULL, '1263460980');
INSERT INTO `DATABASECHANGELOG` (`ID`, `AUTHOR`, `FILENAME`, `DATEEXECUTED`, `ORDEREXECUTED`, `EXECTYPE`, `MD5SUM`, `DESCRIPTION`, `COMMENTS`, `TAG`, `LIQUIBASE`, `CONTEXTS`, `LABELS`, `DEPLOYMENT_ID`) VALUES('4.7.0-KEYCLOAK-7275', 'keycloak', 'META-INF/jpa-changelog-4.7.0.xml', '2021-09-10 08:44:28', 69, 'EXECUTED', '7:b207faee394fc074a442ecd42185a5dd', 'renameColumn newColumnName=CREATED_ON, oldColumnName=LAST_SESSION_REFRESH, tableName=OFFLINE_USER_SESSION; addNotNullConstraint columnName=CREATED_ON, tableName=OFFLINE_USER_SESSION; addColumn tableName=OFFLINE_USER_SESSION; customChange; createIn...', '', NULL, '3.5.4', NULL, NULL, '1263460980');
INSERT INTO `DATABASECHANGELOG` (`ID`, `AUTHOR`, `FILENAME`, `DATEEXECUTED`, `ORDEREXECUTED`, `EXECTYPE`, `MD5SUM`, `DESCRIPTION`, `COMMENTS`, `TAG`, `LIQUIBASE`, `CONTEXTS`, `LABELS`, `DEPLOYMENT_ID`) VALUES('4.8.0-KEYCLOAK-8835', 'sguilhen@redhat.com', 'META-INF/jpa-changelog-4.8.0.xml', '2021-09-10 08:44:28', 70, 'EXECUTED', '7:ab9a9762faaba4ddfa35514b212c4922', 'addNotNullConstraint columnName=SSO_MAX_LIFESPAN_REMEMBER_ME, tableName=REALM; addNotNullConstraint columnName=SSO_IDLE_TIMEOUT_REMEMBER_ME, tableName=REALM', '', NULL, '3.5.4', NULL, NULL, '1263460980');
INSERT INTO `DATABASECHANGELOG` (`ID`, `AUTHOR`, `FILENAME`, `DATEEXECUTED`, `ORDEREXECUTED`, `EXECTYPE`, `MD5SUM`, `DESCRIPTION`, `COMMENTS`, `TAG`, `LIQUIBASE`, `CONTEXTS`, `LABELS`, `DEPLOYMENT_ID`) VALUES('authz-7.0.0-KEYCLOAK-10443', 'psilva@redhat.com', 'META-INF/jpa-changelog-authz-7.0.0.xml', '2021-09-10 08:44:28', 71, 'EXECUTED', '7:b9710f74515a6ccb51b72dc0d19df8c4', 'addColumn tableName=RESOURCE_SERVER', '', NULL, '3.5.4', NULL, NULL, '1263460980');
INSERT INTO `DATABASECHANGELOG` (`ID`, `AUTHOR`, `FILENAME`, `DATEEXECUTED`, `ORDEREXECUTED`, `EXECTYPE`, `MD5SUM`, `DESCRIPTION`, `COMMENTS`, `TAG`, `LIQUIBASE`, `CONTEXTS`, `LABELS`, `DEPLOYMENT_ID`) VALUES('8.0.0-adding-credential-columns', 'keycloak', 'META-INF/jpa-changelog-8.0.0.xml', '2021-09-10 08:44:28', 72, 'EXECUTED', '7:ec9707ae4d4f0b7452fee20128083879', 'addColumn tableName=CREDENTIAL; addColumn tableName=FED_USER_CREDENTIAL', '', NULL, '3.5.4', NULL, NULL, '1263460980');
INSERT INTO `DATABASECHANGELOG` (`ID`, `AUTHOR`, `FILENAME`, `DATEEXECUTED`, `ORDEREXECUTED`, `EXECTYPE`, `MD5SUM`, `DESCRIPTION`, `COMMENTS`, `TAG`, `LIQUIBASE`, `CONTEXTS`, `LABELS`, `DEPLOYMENT_ID`) VALUES('8.0.0-updating-credential-data-not-oracle-fixed', 'keycloak', 'META-INF/jpa-changelog-8.0.0.xml', '2021-09-10 08:44:28', 73, 'EXECUTED', '7:3979a0ae07ac465e920ca696532fc736', 'update tableName=CREDENTIAL; update tableName=CREDENTIAL; update tableName=CREDENTIAL; update tableName=FED_USER_CREDENTIAL; update tableName=FED_USER_CREDENTIAL; update tableName=FED_USER_CREDENTIAL', '', NULL, '3.5.4', NULL, NULL, '1263460980');
INSERT INTO `DATABASECHANGELOG` (`ID`, `AUTHOR`, `FILENAME`, `DATEEXECUTED`, `ORDEREXECUTED`, `EXECTYPE`, `MD5SUM`, `DESCRIPTION`, `COMMENTS`, `TAG`, `LIQUIBASE`, `CONTEXTS`, `LABELS`, `DEPLOYMENT_ID`) VALUES('8.0.0-updating-credential-data-oracle-fixed', 'keycloak', 'META-INF/jpa-changelog-8.0.0.xml', '2021-09-10 08:44:28', 74, 'MARK_RAN', '7:5abfde4c259119d143bd2fbf49ac2bca', 'update tableName=CREDENTIAL; update tableName=CREDENTIAL; update tableName=CREDENTIAL; update tableName=FED_USER_CREDENTIAL; update tableName=FED_USER_CREDENTIAL; update tableName=FED_USER_CREDENTIAL', '', NULL, '3.5.4', NULL, NULL, '1263460980');
INSERT INTO `DATABASECHANGELOG` (`ID`, `AUTHOR`, `FILENAME`, `DATEEXECUTED`, `ORDEREXECUTED`, `EXECTYPE`, `MD5SUM`, `DESCRIPTION`, `COMMENTS`, `TAG`, `LIQUIBASE`, `CONTEXTS`, `LABELS`, `DEPLOYMENT_ID`) VALUES('8.0.0-credential-cleanup-fixed', 'keycloak', 'META-INF/jpa-changelog-8.0.0.xml', '2021-09-10 08:44:28', 75, 'EXECUTED', '7:b48da8c11a3d83ddd6b7d0c8c2219345', 'dropDefaultValue columnName=COUNTER, tableName=CREDENTIAL; dropDefaultValue columnName=DIGITS, tableName=CREDENTIAL; dropDefaultValue columnName=PERIOD, tableName=CREDENTIAL; dropDefaultValue columnName=ALGORITHM, tableName=CREDENTIAL; dropColumn ...', '', NULL, '3.5.4', NULL, NULL, '1263460980');
INSERT INTO `DATABASECHANGELOG` (`ID`, `AUTHOR`, `FILENAME`, `DATEEXECUTED`, `ORDEREXECUTED`, `EXECTYPE`, `MD5SUM`, `DESCRIPTION`, `COMMENTS`, `TAG`, `LIQUIBASE`, `CONTEXTS`, `LABELS`, `DEPLOYMENT_ID`) VALUES('8.0.0-resource-tag-support', 'keycloak', 'META-INF/jpa-changelog-8.0.0.xml', '2021-09-10 08:44:28', 76, 'EXECUTED', '7:a73379915c23bfad3e8f5c6d5c0aa4bd', 'addColumn tableName=MIGRATION_MODEL; createIndex indexName=IDX_UPDATE_TIME, tableName=MIGRATION_MODEL', '', NULL, '3.5.4', NULL, NULL, '1263460980');
INSERT INTO `DATABASECHANGELOG` (`ID`, `AUTHOR`, `FILENAME`, `DATEEXECUTED`, `ORDEREXECUTED`, `EXECTYPE`, `MD5SUM`, `DESCRIPTION`, `COMMENTS`, `TAG`, `LIQUIBASE`, `CONTEXTS`, `LABELS`, `DEPLOYMENT_ID`) VALUES('9.0.0-always-display-client', 'keycloak', 'META-INF/jpa-changelog-9.0.0.xml', '2021-09-10 08:44:28', 77, 'EXECUTED', '7:39e0073779aba192646291aa2332493d', 'addColumn tableName=CLIENT', '', NULL, '3.5.4', NULL, NULL, '1263460980');
INSERT INTO `DATABASECHANGELOG` (`ID`, `AUTHOR`, `FILENAME`, `DATEEXECUTED`, `ORDEREXECUTED`, `EXECTYPE`, `MD5SUM`, `DESCRIPTION`, `COMMENTS`, `TAG`, `LIQUIBASE`, `CONTEXTS`, `LABELS`, `DEPLOYMENT_ID`) VALUES('9.0.0-drop-constraints-for-column-increase', 'keycloak', 'META-INF/jpa-changelog-9.0.0.xml', '2021-09-10 08:44:28', 78, 'MARK_RAN', '7:81f87368f00450799b4bf42ea0b3ec34', 'dropUniqueConstraint constraintName=UK_FRSR6T700S9V50BU18WS5PMT, tableName=RESOURCE_SERVER_PERM_TICKET; dropUniqueConstraint constraintName=UK_FRSR6T700S9V50BU18WS5HA6, tableName=RESOURCE_SERVER_RESOURCE; dropPrimaryKey constraintName=CONSTRAINT_O...', '', NULL, '3.5.4', NULL, NULL, '1263460980');
INSERT INTO `DATABASECHANGELOG` (`ID`, `AUTHOR`, `FILENAME`, `DATEEXECUTED`, `ORDEREXECUTED`, `EXECTYPE`, `MD5SUM`, `DESCRIPTION`, `COMMENTS`, `TAG`, `LIQUIBASE`, `CONTEXTS`, `LABELS`, `DEPLOYMENT_ID`) VALUES('9.0.0-increase-column-size-federated-fk', 'keycloak', 'META-INF/jpa-changelog-9.0.0.xml', '2021-09-10 08:44:28', 79, 'EXECUTED', '7:20b37422abb9fb6571c618148f013a15', 'modifyDataType columnName=CLIENT_ID, tableName=FED_USER_CONSENT; modifyDataType columnName=CLIENT_REALM_CONSTRAINT, tableName=KEYCLOAK_ROLE; modifyDataType columnName=OWNER, tableName=RESOURCE_SERVER_POLICY; modifyDataType columnName=CLIENT_ID, ta...', '', NULL, '3.5.4', NULL, NULL, '1263460980');
INSERT INTO `DATABASECHANGELOG` (`ID`, `AUTHOR`, `FILENAME`, `DATEEXECUTED`, `ORDEREXECUTED`, `EXECTYPE`, `MD5SUM`, `DESCRIPTION`, `COMMENTS`, `TAG`, `LIQUIBASE`, `CONTEXTS`, `LABELS`, `DEPLOYMENT_ID`) VALUES('9.0.0-recreate-constraints-after-column-increase', 'keycloak', 'META-INF/jpa-changelog-9.0.0.xml', '2021-09-10 08:44:28', 80, 'MARK_RAN', '7:1970bb6cfb5ee800736b95ad3fb3c78a', 'addNotNullConstraint columnName=CLIENT_ID, tableName=OFFLINE_CLIENT_SESSION; addNotNullConstraint columnName=OWNER, tableName=RESOURCE_SERVER_PERM_TICKET; addNotNullConstraint columnName=REQUESTER, tableName=RESOURCE_SERVER_PERM_TICKET; addNotNull...', '', NULL, '3.5.4', NULL, NULL, '1263460980');
INSERT INTO `DATABASECHANGELOG` (`ID`, `AUTHOR`, `FILENAME`, `DATEEXECUTED`, `ORDEREXECUTED`, `EXECTYPE`, `MD5SUM`, `DESCRIPTION`, `COMMENTS`, `TAG`, `LIQUIBASE`, `CONTEXTS`, `LABELS`, `DEPLOYMENT_ID`) VALUES('9.0.1-add-index-to-client.client_id', 'keycloak', 'META-INF/jpa-changelog-9.0.1.xml', '2021-09-10 08:44:28', 81, 'EXECUTED', '7:45d9b25fc3b455d522d8dcc10a0f4c80', 'createIndex indexName=IDX_CLIENT_ID, tableName=CLIENT', '', NULL, '3.5.4', NULL, NULL, '1263460980');
INSERT INTO `DATABASECHANGELOG` (`ID`, `AUTHOR`, `FILENAME`, `DATEEXECUTED`, `ORDEREXECUTED`, `EXECTYPE`, `MD5SUM`, `DESCRIPTION`, `COMMENTS`, `TAG`, `LIQUIBASE`, `CONTEXTS`, `LABELS`, `DEPLOYMENT_ID`) VALUES('9.0.1-KEYCLOAK-12579-drop-constraints', 'keycloak', 'META-INF/jpa-changelog-9.0.1.xml', '2021-09-10 08:44:28', 82, 'MARK_RAN', '7:890ae73712bc187a66c2813a724d037f', 'dropUniqueConstraint constraintName=SIBLING_NAMES, tableName=KEYCLOAK_GROUP', '', NULL, '3.5.4', NULL, NULL, '1263460980');
INSERT INTO `DATABASECHANGELOG` (`ID`, `AUTHOR`, `FILENAME`, `DATEEXECUTED`, `ORDEREXECUTED`, `EXECTYPE`, `MD5SUM`, `DESCRIPTION`, `COMMENTS`, `TAG`, `LIQUIBASE`, `CONTEXTS`, `LABELS`, `DEPLOYMENT_ID`) VALUES('9.0.1-KEYCLOAK-12579-add-not-null-constraint', 'keycloak', 'META-INF/jpa-changelog-9.0.1.xml', '2021-09-10 08:44:28', 83, 'EXECUTED', '7:0a211980d27fafe3ff50d19a3a29b538', 'addNotNullConstraint columnName=PARENT_GROUP, tableName=KEYCLOAK_GROUP', '', NULL, '3.5.4', NULL, NULL, '1263460980');
INSERT INTO `DATABASECHANGELOG` (`ID`, `AUTHOR`, `FILENAME`, `DATEEXECUTED`, `ORDEREXECUTED`, `EXECTYPE`, `MD5SUM`, `DESCRIPTION`, `COMMENTS`, `TAG`, `LIQUIBASE`, `CONTEXTS`, `LABELS`, `DEPLOYMENT_ID`) VALUES('9.0.1-KEYCLOAK-12579-recreate-constraints', 'keycloak', 'META-INF/jpa-changelog-9.0.1.xml', '2021-09-10 08:44:28', 84, 'MARK_RAN', '7:a161e2ae671a9020fff61e996a207377', 'addUniqueConstraint constraintName=SIBLING_NAMES, tableName=KEYCLOAK_GROUP', '', NULL, '3.5.4', NULL, NULL, '1263460980');
INSERT INTO `DATABASECHANGELOG` (`ID`, `AUTHOR`, `FILENAME`, `DATEEXECUTED`, `ORDEREXECUTED`, `EXECTYPE`, `MD5SUM`, `DESCRIPTION`, `COMMENTS`, `TAG`, `LIQUIBASE`, `CONTEXTS`, `LABELS`, `DEPLOYMENT_ID`) VALUES('9.0.1-add-index-to-events', 'keycloak', 'META-INF/jpa-changelog-9.0.1.xml', '2021-09-10 08:44:28', 85, 'EXECUTED', '7:01c49302201bdf815b0a18d1f98a55dc', 'createIndex indexName=IDX_EVENT_TIME, tableName=EVENT_ENTITY', '', NULL, '3.5.4', NULL, NULL, '1263460980');
INSERT INTO `DATABASECHANGELOG` (`ID`, `AUTHOR`, `FILENAME`, `DATEEXECUTED`, `ORDEREXECUTED`, `EXECTYPE`, `MD5SUM`, `DESCRIPTION`, `COMMENTS`, `TAG`, `LIQUIBASE`, `CONTEXTS`, `LABELS`, `DEPLOYMENT_ID`) VALUES('map-remove-ri', 'keycloak', 'META-INF/jpa-changelog-11.0.0.xml', '2021-09-10 08:44:28', 86, 'EXECUTED', '7:3dace6b144c11f53f1ad2c0361279b86', 'dropForeignKeyConstraint baseTableName=REALM, constraintName=FK_TRAF444KK6QRKMS7N56AIWQ5Y; dropForeignKeyConstraint baseTableName=KEYCLOAK_ROLE, constraintName=FK_KJHO5LE2C0RAL09FL8CM9WFW9', '', NULL, '3.5.4', NULL, NULL, '1263460980');
INSERT INTO `DATABASECHANGELOG` (`ID`, `AUTHOR`, `FILENAME`, `DATEEXECUTED`, `ORDEREXECUTED`, `EXECTYPE`, `MD5SUM`, `DESCRIPTION`, `COMMENTS`, `TAG`, `LIQUIBASE`, `CONTEXTS`, `LABELS`, `DEPLOYMENT_ID`) VALUES('map-remove-ri', 'keycloak', 'META-INF/jpa-changelog-12.0.0.xml', '2021-09-10 08:44:28', 87, 'EXECUTED', '7:578d0b92077eaf2ab95ad0ec087aa903', 'dropForeignKeyConstraint baseTableName=REALM_DEFAULT_GROUPS, constraintName=FK_DEF_GROUPS_GROUP; dropForeignKeyConstraint baseTableName=REALM_DEFAULT_ROLES, constraintName=FK_H4WPD7W4HSOOLNI3H0SW7BTJE; dropForeignKeyConstraint baseTableName=CLIENT...', '', NULL, '3.5.4', NULL, NULL, '1263460980');
INSERT INTO `DATABASECHANGELOG` (`ID`, `AUTHOR`, `FILENAME`, `DATEEXECUTED`, `ORDEREXECUTED`, `EXECTYPE`, `MD5SUM`, `DESCRIPTION`, `COMMENTS`, `TAG`, `LIQUIBASE`, `CONTEXTS`, `LABELS`, `DEPLOYMENT_ID`) VALUES('12.1.0-add-realm-localization-table', 'keycloak', 'META-INF/jpa-changelog-12.0.0.xml', '2021-09-10 08:44:28', 88, 'EXECUTED', '7:c95abe90d962c57a09ecaee57972835d', 'createTable tableName=REALM_LOCALIZATIONS; addPrimaryKey tableName=REALM_LOCALIZATIONS', '', NULL, '3.5.4', NULL, NULL, '1263460980');
INSERT INTO `DATABASECHANGELOG` (`ID`, `AUTHOR`, `FILENAME`, `DATEEXECUTED`, `ORDEREXECUTED`, `EXECTYPE`, `MD5SUM`, `DESCRIPTION`, `COMMENTS`, `TAG`, `LIQUIBASE`, `CONTEXTS`, `LABELS`, `DEPLOYMENT_ID`) VALUES('default-roles', 'keycloak', 'META-INF/jpa-changelog-13.0.0.xml', '2021-09-10 08:44:28', 89, 'EXECUTED', '7:f1313bcc2994a5c4dc1062ed6d8282d3', 'addColumn tableName=REALM; customChange', '', NULL, '3.5.4', NULL, NULL, '1263460980');
INSERT INTO `DATABASECHANGELOG` (`ID`, `AUTHOR`, `FILENAME`, `DATEEXECUTED`, `ORDEREXECUTED`, `EXECTYPE`, `MD5SUM`, `DESCRIPTION`, `COMMENTS`, `TAG`, `LIQUIBASE`, `CONTEXTS`, `LABELS`, `DEPLOYMENT_ID`) VALUES('default-roles-cleanup', 'keycloak', 'META-INF/jpa-changelog-13.0.0.xml', '2021-09-10 08:44:28', 90, 'EXECUTED', '7:90d763b52eaffebefbcbde55f269508b', 'dropTable tableName=REALM_DEFAULT_ROLES; dropTable tableName=CLIENT_DEFAULT_ROLES', '', NULL, '3.5.4', NULL, NULL, '1263460980');
INSERT INTO `DATABASECHANGELOG` (`ID`, `AUTHOR`, `FILENAME`, `DATEEXECUTED`, `ORDEREXECUTED`, `EXECTYPE`, `MD5SUM`, `DESCRIPTION`, `COMMENTS`, `TAG`, `LIQUIBASE`, `CONTEXTS`, `LABELS`, `DEPLOYMENT_ID`) VALUES('13.0.0-KEYCLOAK-16844', 'keycloak', 'META-INF/jpa-changelog-13.0.0.xml', '2021-09-10 08:44:28', 91, 'EXECUTED', '7:d554f0cb92b764470dccfa5e0014a7dd', 'createIndex indexName=IDX_OFFLINE_USS_PRELOAD, tableName=OFFLINE_USER_SESSION', '', NULL, '3.5.4', NULL, NULL, '1263460980');
INSERT INTO `DATABASECHANGELOG` (`ID`, `AUTHOR`, `FILENAME`, `DATEEXECUTED`, `ORDEREXECUTED`, `EXECTYPE`, `MD5SUM`, `DESCRIPTION`, `COMMENTS`, `TAG`, `LIQUIBASE`, `CONTEXTS`, `LABELS`, `DEPLOYMENT_ID`) VALUES('map-remove-ri-13.0.0', 'keycloak', 'META-INF/jpa-changelog-13.0.0.xml', '2021-09-10 08:44:28', 92, 'EXECUTED', '7:73193e3ab3c35cf0f37ccea3bf783764', 'dropForeignKeyConstraint baseTableName=DEFAULT_CLIENT_SCOPE, constraintName=FK_R_DEF_CLI_SCOPE_SCOPE; dropForeignKeyConstraint baseTableName=CLIENT_SCOPE_CLIENT, constraintName=FK_C_CLI_SCOPE_SCOPE; dropForeignKeyConstraint baseTableName=CLIENT_SC...', '', NULL, '3.5.4', NULL, NULL, '1263460980');
INSERT INTO `DATABASECHANGELOG` (`ID`, `AUTHOR`, `FILENAME`, `DATEEXECUTED`, `ORDEREXECUTED`, `EXECTYPE`, `MD5SUM`, `DESCRIPTION`, `COMMENTS`, `TAG`, `LIQUIBASE`, `CONTEXTS`, `LABELS`, `DEPLOYMENT_ID`) VALUES('13.0.0-KEYCLOAK-17992-drop-constraints', 'keycloak', 'META-INF/jpa-changelog-13.0.0.xml', '2021-09-10 08:44:28', 93, 'MARK_RAN', '7:90a1e74f92e9cbaa0c5eab80b8a037f3', 'dropPrimaryKey constraintName=C_CLI_SCOPE_BIND, tableName=CLIENT_SCOPE_CLIENT; dropIndex indexName=IDX_CLSCOPE_CL, tableName=CLIENT_SCOPE_CLIENT; dropIndex indexName=IDX_CL_CLSCOPE, tableName=CLIENT_SCOPE_CLIENT', '', NULL, '3.5.4', NULL, NULL, '1263460980');
INSERT INTO `DATABASECHANGELOG` (`ID`, `AUTHOR`, `FILENAME`, `DATEEXECUTED`, `ORDEREXECUTED`, `EXECTYPE`, `MD5SUM`, `DESCRIPTION`, `COMMENTS`, `TAG`, `LIQUIBASE`, `CONTEXTS`, `LABELS`, `DEPLOYMENT_ID`) VALUES('13.0.0-increase-column-size-federated', 'keycloak', 'META-INF/jpa-changelog-13.0.0.xml', '2021-09-10 08:44:28', 94, 'EXECUTED', '7:5b9248f29cd047c200083cc6d8388b16', 'modifyDataType columnName=CLIENT_ID, tableName=CLIENT_SCOPE_CLIENT; modifyDataType columnName=SCOPE_ID, tableName=CLIENT_SCOPE_CLIENT', '', NULL, '3.5.4', NULL, NULL, '1263460980');
INSERT INTO `DATABASECHANGELOG` (`ID`, `AUTHOR`, `FILENAME`, `DATEEXECUTED`, `ORDEREXECUTED`, `EXECTYPE`, `MD5SUM`, `DESCRIPTION`, `COMMENTS`, `TAG`, `LIQUIBASE`, `CONTEXTS`, `LABELS`, `DEPLOYMENT_ID`) VALUES('13.0.0-KEYCLOAK-17992-recreate-constraints', 'keycloak', 'META-INF/jpa-changelog-13.0.0.xml', '2021-09-10 08:44:28', 95, 'MARK_RAN', '7:64db59e44c374f13955489e8990d17a1', 'addNotNullConstraint columnName=CLIENT_ID, tableName=CLIENT_SCOPE_CLIENT; addNotNullConstraint columnName=SCOPE_ID, tableName=CLIENT_SCOPE_CLIENT; addPrimaryKey constraintName=C_CLI_SCOPE_BIND, tableName=CLIENT_SCOPE_CLIENT; createIndex indexName=...', '', NULL, '3.5.4', NULL, NULL, '1263460980');
INSERT INTO `DATABASECHANGELOG` (`ID`, `AUTHOR`, `FILENAME`, `DATEEXECUTED`, `ORDEREXECUTED`, `EXECTYPE`, `MD5SUM`, `DESCRIPTION`, `COMMENTS`, `TAG`, `LIQUIBASE`, `CONTEXTS`, `LABELS`, `DEPLOYMENT_ID`) VALUES('json-string-accomodation-fixed', 'keycloak', 'META-INF/jpa-changelog-13.0.0.xml', '2021-09-10 08:44:28', 96, 'EXECUTED', '7:329a578cdb43262fff975f0a7f6cda60', 'addColumn tableName=REALM_ATTRIBUTE; update tableName=REALM_ATTRIBUTE; dropColumn columnName=VALUE, tableName=REALM_ATTRIBUTE; renameColumn newColumnName=VALUE, oldColumnName=VALUE_NEW, tableName=REALM_ATTRIBUTE', '', NULL, '3.5.4', NULL, NULL, '1263460980');
INSERT INTO `DATABASECHANGELOG` (`ID`, `AUTHOR`, `FILENAME`, `DATEEXECUTED`, `ORDEREXECUTED`, `EXECTYPE`, `MD5SUM`, `DESCRIPTION`, `COMMENTS`, `TAG`, `LIQUIBASE`, `CONTEXTS`, `LABELS`, `DEPLOYMENT_ID`) VALUES('14.0.0-KEYCLOAK-11019', 'keycloak', 'META-INF/jpa-changelog-14.0.0.xml', '2021-09-10 08:44:28', 97, 'EXECUTED', '7:fae0de241ac0fd0bbc2b380b85e4f567', 'createIndex indexName=IDX_OFFLINE_CSS_PRELOAD, tableName=OFFLINE_CLIENT_SESSION; createIndex indexName=IDX_OFFLINE_USS_BY_USER, tableName=OFFLINE_USER_SESSION; createIndex indexName=IDX_OFFLINE_USS_BY_USERSESS, tableName=OFFLINE_USER_SESSION', '', NULL, '3.5.4', NULL, NULL, '1263460980');
INSERT INTO `DATABASECHANGELOG` (`ID`, `AUTHOR`, `FILENAME`, `DATEEXECUTED`, `ORDEREXECUTED`, `EXECTYPE`, `MD5SUM`, `DESCRIPTION`, `COMMENTS`, `TAG`, `LIQUIBASE`, `CONTEXTS`, `LABELS`, `DEPLOYMENT_ID`) VALUES('14.0.0-KEYCLOAK-18286', 'keycloak', 'META-INF/jpa-changelog-14.0.0.xml', '2021-09-10 08:44:28', 98, 'MARK_RAN', '7:075d54e9180f49bb0c64ca4218936e81', 'createIndex indexName=IDX_CLIENT_ATT_BY_NAME_VALUE, tableName=CLIENT_ATTRIBUTES', '', NULL, '3.5.4', NULL, NULL, '1263460980');
INSERT INTO `DATABASECHANGELOG` (`ID`, `AUTHOR`, `FILENAME`, `DATEEXECUTED`, `ORDEREXECUTED`, `EXECTYPE`, `MD5SUM`, `DESCRIPTION`, `COMMENTS`, `TAG`, `LIQUIBASE`, `CONTEXTS`, `LABELS`, `DEPLOYMENT_ID`) VALUES('14.0.0-KEYCLOAK-18286-revert', 'keycloak', 'META-INF/jpa-changelog-14.0.0.xml', '2021-09-10 08:44:28', 99, 'MARK_RAN', '7:06499836520f4f6b3d05e35a59324910', 'dropIndex indexName=IDX_CLIENT_ATT_BY_NAME_VALUE, tableName=CLIENT_ATTRIBUTES', '', NULL, '3.5.4', NULL, NULL, '1263460980');
INSERT INTO `DATABASECHANGELOG` (`ID`, `AUTHOR`, `FILENAME`, `DATEEXECUTED`, `ORDEREXECUTED`, `EXECTYPE`, `MD5SUM`, `DESCRIPTION`, `COMMENTS`, `TAG`, `LIQUIBASE`, `CONTEXTS`, `LABELS`, `DEPLOYMENT_ID`) VALUES('14.0.0-KEYCLOAK-18286-supported-dbs', 'keycloak', 'META-INF/jpa-changelog-14.0.0.xml', '2021-09-10 08:44:28', 100, 'EXECUTED', '7:b558ad47ea0e4d3c3514225a49cc0d65', 'createIndex indexName=IDX_CLIENT_ATT_BY_NAME_VALUE, tableName=CLIENT_ATTRIBUTES', '', NULL, '3.5.4', NULL, NULL, '1263460980');
INSERT INTO `DATABASECHANGELOG` (`ID`, `AUTHOR`, `FILENAME`, `DATEEXECUTED`, `ORDEREXECUTED`, `EXECTYPE`, `MD5SUM`, `DESCRIPTION`, `COMMENTS`, `TAG`, `LIQUIBASE`, `CONTEXTS`, `LABELS`, `DEPLOYMENT_ID`) VALUES('14.0.0-KEYCLOAK-18286-unsupported-dbs', 'keycloak', 'META-INF/jpa-changelog-14.0.0.xml', '2021-09-10 08:44:28', 101, 'MARK_RAN', '7:3d2b23076e59c6f70bae703aa01be35b', 'createIndex indexName=IDX_CLIENT_ATT_BY_NAME_VALUE, tableName=CLIENT_ATTRIBUTES', '', NULL, '3.5.4', NULL, NULL, '1263460980');
INSERT INTO `DATABASECHANGELOG` (`ID`, `AUTHOR`, `FILENAME`, `DATEEXECUTED`, `ORDEREXECUTED`, `EXECTYPE`, `MD5SUM`, `DESCRIPTION`, `COMMENTS`, `TAG`, `LIQUIBASE`, `CONTEXTS`, `LABELS`, `DEPLOYMENT_ID`) VALUES('KEYCLOAK-17267-add-index-to-user-attributes', 'keycloak', 'META-INF/jpa-changelog-14.0.0.xml', '2021-09-10 08:44:28', 102, 'EXECUTED', '7:1a7f28ff8d9e53aeb879d76ea3d9341a', 'createIndex indexName=IDX_USER_ATTRIBUTE_NAME, tableName=USER_ATTRIBUTE', '', NULL, '3.5.4', NULL, NULL, '1263460980');
INSERT INTO `DATABASECHANGELOG` (`ID`, `AUTHOR`, `FILENAME`, `DATEEXECUTED`, `ORDEREXECUTED`, `EXECTYPE`, `MD5SUM`, `DESCRIPTION`, `COMMENTS`, `TAG`, `LIQUIBASE`, `CONTEXTS`, `LABELS`, `DEPLOYMENT_ID`) VALUES('KEYCLOAK-18146-add-saml-art-binding-identifier', 'keycloak', 'META-INF/jpa-changelog-14.0.0.xml', '2021-09-10 08:44:28', 103, 'EXECUTED', '7:2fd554456fed4a82c698c555c5b751b6', 'customChange', '', NULL, '3.5.4', NULL, NULL, '1263460980');
INSERT INTO `DATABASECHANGELOG` (`ID`, `AUTHOR`, `FILENAME`, `DATEEXECUTED`, `ORDEREXECUTED`, `EXECTYPE`, `MD5SUM`, `DESCRIPTION`, `COMMENTS`, `TAG`, `LIQUIBASE`, `CONTEXTS`, `LABELS`, `DEPLOYMENT_ID`) VALUES('15.0.0-KEYCLOAK-18467', 'keycloak', 'META-INF/jpa-changelog-15.0.0.xml', '2021-09-10 08:44:28', 104, 'EXECUTED', '7:b06356d66c2790ecc2ae54ba0458397a', 'addColumn tableName=REALM_LOCALIZATIONS; update tableName=REALM_LOCALIZATIONS; dropColumn columnName=TEXTS, tableName=REALM_LOCALIZATIONS; renameColumn newColumnName=TEXTS, oldColumnName=TEXTS_NEW, tableName=REALM_LOCALIZATIONS; addNotNullConstrai...', '', NULL, '3.5.4', NULL, NULL, '1263460980');

DROP TABLE IF EXISTS `DATABASECHANGELOGLOCK`;
CREATE TABLE `DATABASECHANGELOGLOCK` (
  `ID` int(11) NOT NULL,
  `LOCKED` bit(1) NOT NULL,
  `LOCKGRANTED` datetime DEFAULT NULL,
  `LOCKEDBY` varchar(255) DEFAULT NULL
) ENGINE=InnoDB DEFAULT CHARSET=utf8;

INSERT INTO `DATABASECHANGELOGLOCK` (`ID`, `LOCKED`, `LOCKGRANTED`, `LOCKEDBY`) VALUES(1, b'0', NULL, NULL);
INSERT INTO `DATABASECHANGELOGLOCK` (`ID`, `LOCKED`, `LOCKGRANTED`, `LOCKEDBY`) VALUES(1000, b'0', NULL, NULL);
INSERT INTO `DATABASECHANGELOGLOCK` (`ID`, `LOCKED`, `LOCKGRANTED`, `LOCKEDBY`) VALUES(1001, b'0', NULL, NULL);

DROP TABLE IF EXISTS `DEFAULT_CLIENT_SCOPE`;
CREATE TABLE `DEFAULT_CLIENT_SCOPE` (
  `REALM_ID` varchar(36) NOT NULL,
  `SCOPE_ID` varchar(36) NOT NULL,
  `DEFAULT_SCOPE` bit(1) NOT NULL DEFAULT b'0'
) ENGINE=InnoDB DEFAULT CHARSET=utf8;

INSERT INTO `DEFAULT_CLIENT_SCOPE` (`REALM_ID`, `SCOPE_ID`, `DEFAULT_SCOPE`) VALUES('galaxy', '0411d69b-2fc9-49be-a7cc-298ab9e17032', b'0');
INSERT INTO `DEFAULT_CLIENT_SCOPE` (`REALM_ID`, `SCOPE_ID`, `DEFAULT_SCOPE`) VALUES('galaxy', '0f99a1ea-b1fa-435a-aaa5-c4f1f6ead0d1', b'1');
INSERT INTO `DEFAULT_CLIENT_SCOPE` (`REALM_ID`, `SCOPE_ID`, `DEFAULT_SCOPE`) VALUES('galaxy', '2c522681-4b24-4bbf-a5cb-1f575a012903', b'0');
INSERT INTO `DEFAULT_CLIENT_SCOPE` (`REALM_ID`, `SCOPE_ID`, `DEFAULT_SCOPE`) VALUES('galaxy', '3f7d577c-2bf2-4ac8-b8ec-1489910ece97', b'0');
INSERT INTO `DEFAULT_CLIENT_SCOPE` (`REALM_ID`, `SCOPE_ID`, `DEFAULT_SCOPE`) VALUES('galaxy', '416843f0-505c-4baf-82d6-b5987e80d47f', b'1');
INSERT INTO `DEFAULT_CLIENT_SCOPE` (`REALM_ID`, `SCOPE_ID`, `DEFAULT_SCOPE`) VALUES('galaxy', '57416cf1-18e5-4d41-8ecf-034970d4fcb4', b'1');
INSERT INTO `DEFAULT_CLIENT_SCOPE` (`REALM_ID`, `SCOPE_ID`, `DEFAULT_SCOPE`) VALUES('galaxy', '697aa7cc-1e72-4477-9f76-05264324de5d', b'0');
INSERT INTO `DEFAULT_CLIENT_SCOPE` (`REALM_ID`, `SCOPE_ID`, `DEFAULT_SCOPE`) VALUES('galaxy', '8eb63c81-e51a-4a4f-8322-ceabb67485a7', b'1');
INSERT INTO `DEFAULT_CLIENT_SCOPE` (`REALM_ID`, `SCOPE_ID`, `DEFAULT_SCOPE`) VALUES('galaxy', 'c846b4db-877d-468f-98b7-059a6a83abca', b'1');
INSERT INTO `DEFAULT_CLIENT_SCOPE` (`REALM_ID`, `SCOPE_ID`, `DEFAULT_SCOPE`) VALUES('marvel', '02aa6c9d-b12e-4afc-9f2b-8ac459fce845', b'1');
INSERT INTO `DEFAULT_CLIENT_SCOPE` (`REALM_ID`, `SCOPE_ID`, `DEFAULT_SCOPE`) VALUES('marvel', '24c83f17-ad46-4548-8078-e3ad7b770280', b'0');
INSERT INTO `DEFAULT_CLIENT_SCOPE` (`REALM_ID`, `SCOPE_ID`, `DEFAULT_SCOPE`) VALUES('marvel', '27ff3c26-da3d-4f5b-a02f-0150538e586e', b'0');
INSERT INTO `DEFAULT_CLIENT_SCOPE` (`REALM_ID`, `SCOPE_ID`, `DEFAULT_SCOPE`) VALUES('marvel', '328cfa31-ff02-4b0c-bff1-8d7e9c916a98', b'1');
INSERT INTO `DEFAULT_CLIENT_SCOPE` (`REALM_ID`, `SCOPE_ID`, `DEFAULT_SCOPE`) VALUES('marvel', '37152741-48f9-4c11-a38e-c46a5b1caf1d', b'1');
INSERT INTO `DEFAULT_CLIENT_SCOPE` (`REALM_ID`, `SCOPE_ID`, `DEFAULT_SCOPE`) VALUES('marvel', '8a529876-ae0c-4e6f-a541-1f5d69b8401c', b'1');
INSERT INTO `DEFAULT_CLIENT_SCOPE` (`REALM_ID`, `SCOPE_ID`, `DEFAULT_SCOPE`) VALUES('marvel', 'b8254efa-c132-4bc3-9d6f-8227517845f2', b'1');
INSERT INTO `DEFAULT_CLIENT_SCOPE` (`REALM_ID`, `SCOPE_ID`, `DEFAULT_SCOPE`) VALUES('marvel', 'ea4d6cd9-e5e7-44f8-926f-ab640f7b31e8', b'0');
INSERT INTO `DEFAULT_CLIENT_SCOPE` (`REALM_ID`, `SCOPE_ID`, `DEFAULT_SCOPE`) VALUES('marvel', 'fe0c1253-9bb7-4c3a-9aab-dc093ccc713a', b'0');
INSERT INTO `DEFAULT_CLIENT_SCOPE` (`REALM_ID`, `SCOPE_ID`, `DEFAULT_SCOPE`) VALUES('master', '15fc8161-70e5-4848-b078-f686ed78c8f9', b'0');
INSERT INTO `DEFAULT_CLIENT_SCOPE` (`REALM_ID`, `SCOPE_ID`, `DEFAULT_SCOPE`) VALUES('master', '2d5f0af5-e6ae-4411-80cb-12b8a18a23cf', b'1');
INSERT INTO `DEFAULT_CLIENT_SCOPE` (`REALM_ID`, `SCOPE_ID`, `DEFAULT_SCOPE`) VALUES('master', '3d863fdf-b7bb-45fc-be7a-07b27512b53d', b'1');
INSERT INTO `DEFAULT_CLIENT_SCOPE` (`REALM_ID`, `SCOPE_ID`, `DEFAULT_SCOPE`) VALUES('master', '5f287cae-1e91-4552-8fee-463c80acf42c', b'1');
INSERT INTO `DEFAULT_CLIENT_SCOPE` (`REALM_ID`, `SCOPE_ID`, `DEFAULT_SCOPE`) VALUES('master', '9794822e-acab-41a1-9fdd-1e3677852ef3', b'0');
INSERT INTO `DEFAULT_CLIENT_SCOPE` (`REALM_ID`, `SCOPE_ID`, `DEFAULT_SCOPE`) VALUES('master', '9a3a5269-507a-47ce-9d9c-ca5eee739604', b'1');
INSERT INTO `DEFAULT_CLIENT_SCOPE` (`REALM_ID`, `SCOPE_ID`, `DEFAULT_SCOPE`) VALUES('master', 'c243d721-0cf1-4755-b530-06f3577f05f9', b'0');
INSERT INTO `DEFAULT_CLIENT_SCOPE` (`REALM_ID`, `SCOPE_ID`, `DEFAULT_SCOPE`) VALUES('master', 'd4256bca-0178-4af6-a538-6fac9339a4a5', b'1');
INSERT INTO `DEFAULT_CLIENT_SCOPE` (`REALM_ID`, `SCOPE_ID`, `DEFAULT_SCOPE`) VALUES('master', 'e9814c10-e9b1-4603-a67c-b4b5fcc3991c', b'0');
INSERT INTO `DEFAULT_CLIENT_SCOPE` (`REALM_ID`, `SCOPE_ID`, `DEFAULT_SCOPE`) VALUES('shire', '1ea6de3d-d7a1-4312-aeb7-e63860bb9047', b'1');
INSERT INTO `DEFAULT_CLIENT_SCOPE` (`REALM_ID`, `SCOPE_ID`, `DEFAULT_SCOPE`) VALUES('shire', '51f1d912-7f39-4cdc-b7a1-08b610508778', b'1');
INSERT INTO `DEFAULT_CLIENT_SCOPE` (`REALM_ID`, `SCOPE_ID`, `DEFAULT_SCOPE`) VALUES('shire', '6f3d6b73-4d9d-4e93-9ccf-b5fa282e5c00', b'1');
INSERT INTO `DEFAULT_CLIENT_SCOPE` (`REALM_ID`, `SCOPE_ID`, `DEFAULT_SCOPE`) VALUES('shire', 'a8a7255e-2a69-40f4-bb89-6913d19d968b', b'0');
INSERT INTO `DEFAULT_CLIENT_SCOPE` (`REALM_ID`, `SCOPE_ID`, `DEFAULT_SCOPE`) VALUES('shire', 'a98031b6-d077-42df-89e6-95d9f54fec0e', b'1');
INSERT INTO `DEFAULT_CLIENT_SCOPE` (`REALM_ID`, `SCOPE_ID`, `DEFAULT_SCOPE`) VALUES('shire', 'c0ff7e2e-cb9f-455a-ad48-c3a62f70eb3a', b'0');
INSERT INTO `DEFAULT_CLIENT_SCOPE` (`REALM_ID`, `SCOPE_ID`, `DEFAULT_SCOPE`) VALUES('shire', 'e9960a90-1489-4a86-ba21-807b01cedb4e', b'1');
INSERT INTO `DEFAULT_CLIENT_SCOPE` (`REALM_ID`, `SCOPE_ID`, `DEFAULT_SCOPE`) VALUES('shire', 'eadb042c-0b98-45f5-aa04-c9785a617212', b'0');
INSERT INTO `DEFAULT_CLIENT_SCOPE` (`REALM_ID`, `SCOPE_ID`, `DEFAULT_SCOPE`) VALUES('shire', 'ff8b1ee3-737f-4757-b82b-08d333bf34d3', b'0');

DROP TABLE IF EXISTS `EVENT_ENTITY`;
CREATE TABLE `EVENT_ENTITY` (
  `ID` varchar(36) NOT NULL,
  `CLIENT_ID` varchar(255) DEFAULT NULL,
  `DETAILS_JSON` text DEFAULT NULL,
  `ERROR` varchar(255) DEFAULT NULL,
  `IP_ADDRESS` varchar(255) DEFAULT NULL,
  `REALM_ID` varchar(255) DEFAULT NULL,
  `SESSION_ID` varchar(255) DEFAULT NULL,
  `EVENT_TIME` bigint(20) DEFAULT NULL,
  `TYPE` varchar(255) DEFAULT NULL,
  `USER_ID` varchar(255) DEFAULT NULL
) ENGINE=InnoDB DEFAULT CHARSET=utf8;

DROP TABLE IF EXISTS `FEDERATED_IDENTITY`;
CREATE TABLE `FEDERATED_IDENTITY` (
  `IDENTITY_PROVIDER` varchar(255) NOT NULL,
  `REALM_ID` varchar(36) DEFAULT NULL,
  `FEDERATED_USER_ID` varchar(255) DEFAULT NULL,
  `FEDERATED_USERNAME` varchar(255) DEFAULT NULL,
  `TOKEN` text DEFAULT NULL,
  `USER_ID` varchar(36) NOT NULL
) ENGINE=InnoDB DEFAULT CHARSET=utf8;

DROP TABLE IF EXISTS `FEDERATED_USER`;
CREATE TABLE `FEDERATED_USER` (
  `ID` varchar(255) NOT NULL,
  `STORAGE_PROVIDER_ID` varchar(255) DEFAULT NULL,
  `REALM_ID` varchar(36) NOT NULL
) ENGINE=InnoDB DEFAULT CHARSET=utf8;

DROP TABLE IF EXISTS `FED_USER_ATTRIBUTE`;
CREATE TABLE `FED_USER_ATTRIBUTE` (
  `ID` varchar(36) NOT NULL,
  `NAME` varchar(255) NOT NULL,
  `USER_ID` varchar(255) NOT NULL,
  `REALM_ID` varchar(36) NOT NULL,
  `STORAGE_PROVIDER_ID` varchar(36) DEFAULT NULL,
  `VALUE` text DEFAULT NULL
) ENGINE=InnoDB DEFAULT CHARSET=utf8;

DROP TABLE IF EXISTS `FED_USER_CONSENT`;
CREATE TABLE `FED_USER_CONSENT` (
  `ID` varchar(36) NOT NULL,
  `CLIENT_ID` varchar(255) DEFAULT NULL,
  `USER_ID` varchar(255) NOT NULL,
  `REALM_ID` varchar(36) NOT NULL,
  `STORAGE_PROVIDER_ID` varchar(36) DEFAULT NULL,
  `CREATED_DATE` bigint(20) DEFAULT NULL,
  `LAST_UPDATED_DATE` bigint(20) DEFAULT NULL,
  `CLIENT_STORAGE_PROVIDER` varchar(36) DEFAULT NULL,
  `EXTERNAL_CLIENT_ID` varchar(255) DEFAULT NULL
) ENGINE=InnoDB DEFAULT CHARSET=utf8;

DROP TABLE IF EXISTS `FED_USER_CONSENT_CL_SCOPE`;
CREATE TABLE `FED_USER_CONSENT_CL_SCOPE` (
  `USER_CONSENT_ID` varchar(36) NOT NULL,
  `SCOPE_ID` varchar(36) NOT NULL
) ENGINE=InnoDB DEFAULT CHARSET=utf8;

DROP TABLE IF EXISTS `FED_USER_CREDENTIAL`;
CREATE TABLE `FED_USER_CREDENTIAL` (
  `ID` varchar(36) NOT NULL,
  `SALT` tinyblob DEFAULT NULL,
  `TYPE` varchar(255) DEFAULT NULL,
  `CREATED_DATE` bigint(20) DEFAULT NULL,
  `USER_ID` varchar(255) NOT NULL,
  `REALM_ID` varchar(36) NOT NULL,
  `STORAGE_PROVIDER_ID` varchar(36) DEFAULT NULL,
  `USER_LABEL` varchar(255) DEFAULT NULL,
  `SECRET_DATA` longtext DEFAULT NULL,
  `CREDENTIAL_DATA` longtext DEFAULT NULL,
  `PRIORITY` int(11) DEFAULT NULL
) ENGINE=InnoDB DEFAULT CHARSET=utf8;

DROP TABLE IF EXISTS `FED_USER_GROUP_MEMBERSHIP`;
CREATE TABLE `FED_USER_GROUP_MEMBERSHIP` (
  `GROUP_ID` varchar(36) NOT NULL,
  `USER_ID` varchar(255) NOT NULL,
  `REALM_ID` varchar(36) NOT NULL,
  `STORAGE_PROVIDER_ID` varchar(36) DEFAULT NULL
) ENGINE=InnoDB DEFAULT CHARSET=utf8;

DROP TABLE IF EXISTS `FED_USER_REQUIRED_ACTION`;
CREATE TABLE `FED_USER_REQUIRED_ACTION` (
  `REQUIRED_ACTION` varchar(255) NOT NULL DEFAULT ' ',
  `USER_ID` varchar(255) NOT NULL,
  `REALM_ID` varchar(36) NOT NULL,
  `STORAGE_PROVIDER_ID` varchar(36) DEFAULT NULL
) ENGINE=InnoDB DEFAULT CHARSET=utf8;

DROP TABLE IF EXISTS `FED_USER_ROLE_MAPPING`;
CREATE TABLE `FED_USER_ROLE_MAPPING` (
  `ROLE_ID` varchar(36) NOT NULL,
  `USER_ID` varchar(255) NOT NULL,
  `REALM_ID` varchar(36) NOT NULL,
  `STORAGE_PROVIDER_ID` varchar(36) DEFAULT NULL
) ENGINE=InnoDB DEFAULT CHARSET=utf8;

DROP TABLE IF EXISTS `GROUP_ATTRIBUTE`;
CREATE TABLE `GROUP_ATTRIBUTE` (
  `ID` varchar(36) NOT NULL DEFAULT 'sybase-needs-something-here',
  `NAME` varchar(255) NOT NULL,
  `VALUE` varchar(255) DEFAULT NULL,
  `GROUP_ID` varchar(36) NOT NULL
) ENGINE=InnoDB DEFAULT CHARSET=utf8;

DROP TABLE IF EXISTS `GROUP_ROLE_MAPPING`;
CREATE TABLE `GROUP_ROLE_MAPPING` (
  `ROLE_ID` varchar(36) NOT NULL,
  `GROUP_ID` varchar(36) NOT NULL
) ENGINE=InnoDB DEFAULT CHARSET=utf8;

DROP TABLE IF EXISTS `IDENTITY_PROVIDER`;
CREATE TABLE `IDENTITY_PROVIDER` (
  `INTERNAL_ID` varchar(36) NOT NULL,
  `ENABLED` bit(1) NOT NULL DEFAULT b'0',
  `PROVIDER_ALIAS` varchar(255) DEFAULT NULL,
  `PROVIDER_ID` varchar(255) DEFAULT NULL,
  `STORE_TOKEN` bit(1) NOT NULL DEFAULT b'0',
  `AUTHENTICATE_BY_DEFAULT` bit(1) NOT NULL DEFAULT b'0',
  `REALM_ID` varchar(36) DEFAULT NULL,
  `ADD_TOKEN_ROLE` bit(1) NOT NULL DEFAULT b'1',
  `TRUST_EMAIL` bit(1) NOT NULL DEFAULT b'0',
  `FIRST_BROKER_LOGIN_FLOW_ID` varchar(36) DEFAULT NULL,
  `POST_BROKER_LOGIN_FLOW_ID` varchar(36) DEFAULT NULL,
  `PROVIDER_DISPLAY_NAME` varchar(255) DEFAULT NULL,
  `LINK_ONLY` bit(1) NOT NULL DEFAULT b'0'
) ENGINE=InnoDB DEFAULT CHARSET=utf8;

DROP TABLE IF EXISTS `IDENTITY_PROVIDER_CONFIG`;
CREATE TABLE `IDENTITY_PROVIDER_CONFIG` (
  `IDENTITY_PROVIDER_ID` varchar(36) NOT NULL,
  `VALUE` longtext DEFAULT NULL,
  `NAME` varchar(255) NOT NULL
) ENGINE=InnoDB DEFAULT CHARSET=utf8;

DROP TABLE IF EXISTS `IDENTITY_PROVIDER_MAPPER`;
CREATE TABLE `IDENTITY_PROVIDER_MAPPER` (
  `ID` varchar(36) NOT NULL,
  `NAME` varchar(255) NOT NULL,
  `IDP_ALIAS` varchar(255) NOT NULL,
  `IDP_MAPPER_NAME` varchar(255) NOT NULL,
  `REALM_ID` varchar(36) NOT NULL
) ENGINE=InnoDB DEFAULT CHARSET=utf8;

DROP TABLE IF EXISTS `IDP_MAPPER_CONFIG`;
CREATE TABLE `IDP_MAPPER_CONFIG` (
  `IDP_MAPPER_ID` varchar(36) NOT NULL,
  `VALUE` longtext DEFAULT NULL,
  `NAME` varchar(255) NOT NULL
) ENGINE=InnoDB DEFAULT CHARSET=utf8;

DROP TABLE IF EXISTS `KEYCLOAK_GROUP`;
CREATE TABLE `KEYCLOAK_GROUP` (
  `ID` varchar(36) NOT NULL,
  `NAME` varchar(255) DEFAULT NULL,
  `PARENT_GROUP` varchar(36) NOT NULL,
  `REALM_ID` varchar(36) DEFAULT NULL
) ENGINE=InnoDB DEFAULT CHARSET=utf8;

DROP TABLE IF EXISTS `KEYCLOAK_ROLE`;
CREATE TABLE `KEYCLOAK_ROLE` (
  `ID` varchar(36) NOT NULL,
  `CLIENT_REALM_CONSTRAINT` varchar(255) DEFAULT NULL,
  `CLIENT_ROLE` bit(1) DEFAULT NULL,
  `DESCRIPTION` varchar(255) DEFAULT NULL,
  `NAME` varchar(255) DEFAULT NULL,
  `REALM_ID` varchar(255) DEFAULT NULL,
  `CLIENT` varchar(36) DEFAULT NULL,
  `REALM` varchar(36) DEFAULT NULL
) ENGINE=InnoDB DEFAULT CHARSET=utf8;

INSERT INTO `KEYCLOAK_ROLE` (`ID`, `CLIENT_REALM_CONSTRAINT`, `CLIENT_ROLE`, `DESCRIPTION`, `NAME`, `REALM_ID`, `CLIENT`, `REALM`) VALUES('0186c52a-8333-47a6-b8c5-ad235a877ace', '6d7ed351-badd-40e3-833f-aa5d041d3fe3', b'1', '${role_impersonation}', 'impersonation', 'galaxy', '6d7ed351-badd-40e3-833f-aa5d041d3fe3', NULL);
INSERT INTO `KEYCLOAK_ROLE` (`ID`, `CLIENT_REALM_CONSTRAINT`, `CLIENT_ROLE`, `DESCRIPTION`, `NAME`, `REALM_ID`, `CLIENT`, `REALM`) VALUES('02400811-5ba5-4889-8629-1787307f7bcd', 'ca4f5265-533f-4970-a7ef-3901071eb658', b'1', '${role_manage-realm}', 'manage-realm', 'master', 'ca4f5265-533f-4970-a7ef-3901071eb658', NULL);
INSERT INTO `KEYCLOAK_ROLE` (`ID`, `CLIENT_REALM_CONSTRAINT`, `CLIENT_ROLE`, `DESCRIPTION`, `NAME`, `REALM_ID`, `CLIENT`, `REALM`) VALUES('032a226e-b447-45da-9908-a6f537d955f2', '5ba321eb-19dc-4fb5-acee-127e931e3686', b'1', '${role_manage-account}', 'manage-account', 'shire', '5ba321eb-19dc-4fb5-acee-127e931e3686', NULL);
INSERT INTO `KEYCLOAK_ROLE` (`ID`, `CLIENT_REALM_CONSTRAINT`, `CLIENT_ROLE`, `DESCRIPTION`, `NAME`, `REALM_ID`, `CLIENT`, `REALM`) VALUES('046d0d8b-354e-4f4b-a45f-254aaf3ac7e2', '3c5e3d81-7315-4591-b594-605be218a994', b'1', '${role_read-token}', 'read-token', 'marvel', '3c5e3d81-7315-4591-b594-605be218a994', NULL);
INSERT INTO `KEYCLOAK_ROLE` (`ID`, `CLIENT_REALM_CONSTRAINT`, `CLIENT_ROLE`, `DESCRIPTION`, `NAME`, `REALM_ID`, `CLIENT`, `REALM`) VALUES('05e2a1e5-68f6-4838-a5b8-e40c03f9b76b', '955173f2-d038-41eb-ba27-436ae182a2da', b'1', '${role_view-clients}', 'view-clients', 'shire', '955173f2-d038-41eb-ba27-436ae182a2da', NULL);
INSERT INTO `KEYCLOAK_ROLE` (`ID`, `CLIENT_REALM_CONSTRAINT`, `CLIENT_ROLE`, `DESCRIPTION`, `NAME`, `REALM_ID`, `CLIENT`, `REALM`) VALUES('0637fdd1-cf28-4131-b4b7-6efdf84a076e', '2a6550f4-4bc1-4d18-bda9-019c9ac2479b', b'1', '${role_manage-authorization}', 'manage-authorization', 'master', '2a6550f4-4bc1-4d18-bda9-019c9ac2479b', NULL);
INSERT INTO `KEYCLOAK_ROLE` (`ID`, `CLIENT_REALM_CONSTRAINT`, `CLIENT_ROLE`, `DESCRIPTION`, `NAME`, `REALM_ID`, `CLIENT`, `REALM`) VALUES('0713f2ae-36ea-477a-bd1b-bb3654bc778e', '6d7ed351-badd-40e3-833f-aa5d041d3fe3', b'1', '${role_realm-admin}', 'realm-admin', 'galaxy', '6d7ed351-badd-40e3-833f-aa5d041d3fe3', NULL);
INSERT INTO `KEYCLOAK_ROLE` (`ID`, `CLIENT_REALM_CONSTRAINT`, `CLIENT_ROLE`, `DESCRIPTION`, `NAME`, `REALM_ID`, `CLIENT`, `REALM`) VALUES('0867432f-b9c5-41f1-9395-1254c517a858', 'aec94d56-647f-4ba7-b90c-75360f7248ce', b'1', '${role_read-token}', 'read-token', 'shire', 'aec94d56-647f-4ba7-b90c-75360f7248ce', NULL);
INSERT INTO `KEYCLOAK_ROLE` (`ID`, `CLIENT_REALM_CONSTRAINT`, `CLIENT_ROLE`, `DESCRIPTION`, `NAME`, `REALM_ID`, `CLIENT`, `REALM`) VALUES('08a7fe3b-0428-4c18-b4dd-4df2b6ca6e36', 'f1f6538d-9e40-48b7-b6d6-0bf28778a482', b'1', '${role_view-users}', 'view-users', 'master', 'f1f6538d-9e40-48b7-b6d6-0bf28778a482', NULL);
INSERT INTO `KEYCLOAK_ROLE` (`ID`, `CLIENT_REALM_CONSTRAINT`, `CLIENT_ROLE`, `DESCRIPTION`, `NAME`, `REALM_ID`, `CLIENT`, `REALM`) VALUES('08c1cae6-eb54-455d-97a5-6548588f152a', '955173f2-d038-41eb-ba27-436ae182a2da', b'1', '${role_impersonation}', 'impersonation', 'shire', '955173f2-d038-41eb-ba27-436ae182a2da', NULL);
INSERT INTO `KEYCLOAK_ROLE` (`ID`, `CLIENT_REALM_CONSTRAINT`, `CLIENT_ROLE`, `DESCRIPTION`, `NAME`, `REALM_ID`, `CLIENT`, `REALM`) VALUES('0c6edf87-ac95-444a-977c-e9020168d46e', 'ca4f5265-533f-4970-a7ef-3901071eb658', b'1', '${role_view-authorization}', 'view-authorization', 'master', 'ca4f5265-533f-4970-a7ef-3901071eb658', NULL);
INSERT INTO `KEYCLOAK_ROLE` (`ID`, `CLIENT_REALM_CONSTRAINT`, `CLIENT_ROLE`, `DESCRIPTION`, `NAME`, `REALM_ID`, `CLIENT`, `REALM`) VALUES('11dfcc34-7422-4f00-bf7a-5f3e70a754cc', 'f1f6538d-9e40-48b7-b6d6-0bf28778a482', b'1', '${role_manage-identity-providers}', 'manage-identity-providers', 'master', 'f1f6538d-9e40-48b7-b6d6-0bf28778a482', NULL);
INSERT INTO `KEYCLOAK_ROLE` (`ID`, `CLIENT_REALM_CONSTRAINT`, `CLIENT_ROLE`, `DESCRIPTION`, `NAME`, `REALM_ID`, `CLIENT`, `REALM`) VALUES('12ae2a60-b35b-4159-abc1-0faf534b0592', '9776dcf2-c359-438e-9117-c74c736994bd', b'1', '${role_read-token}', 'read-token', 'master', '9776dcf2-c359-438e-9117-c74c736994bd', NULL);
INSERT INTO `KEYCLOAK_ROLE` (`ID`, `CLIENT_REALM_CONSTRAINT`, `CLIENT_ROLE`, `DESCRIPTION`, `NAME`, `REALM_ID`, `CLIENT`, `REALM`) VALUES('14d3b423-3ba6-4f7f-a91b-beb767787524', '2a6550f4-4bc1-4d18-bda9-019c9ac2479b', b'1', '${role_manage-realm}', 'manage-realm', 'master', '2a6550f4-4bc1-4d18-bda9-019c9ac2479b', NULL);
INSERT INTO `KEYCLOAK_ROLE` (`ID`, `CLIENT_REALM_CONSTRAINT`, `CLIENT_ROLE`, `DESCRIPTION`, `NAME`, `REALM_ID`, `CLIENT`, `REALM`) VALUES('15d21f6d-4bc3-4472-a858-92d875476209', '955173f2-d038-41eb-ba27-436ae182a2da', b'1', '${role_view-authorization}', 'view-authorization', 'shire', '955173f2-d038-41eb-ba27-436ae182a2da', NULL);
INSERT INTO `KEYCLOAK_ROLE` (`ID`, `CLIENT_REALM_CONSTRAINT`, `CLIENT_ROLE`, `DESCRIPTION`, `NAME`, `REALM_ID`, `CLIENT`, `REALM`) VALUES('162a6830-48b9-41f8-88f7-f2d1c27f5e57', 'f1f6538d-9e40-48b7-b6d6-0bf28778a482', b'1', '${role_manage-users}', 'manage-users', 'master', 'f1f6538d-9e40-48b7-b6d6-0bf28778a482', NULL);
INSERT INTO `KEYCLOAK_ROLE` (`ID`, `CLIENT_REALM_CONSTRAINT`, `CLIENT_ROLE`, `DESCRIPTION`, `NAME`, `REALM_ID`, `CLIENT`, `REALM`) VALUES('17ff4f27-ed58-422c-9920-d3e7406359f4', '2a6550f4-4bc1-4d18-bda9-019c9ac2479b', b'1', '${role_view-users}', 'view-users', 'master', '2a6550f4-4bc1-4d18-bda9-019c9ac2479b', NULL);
INSERT INTO `KEYCLOAK_ROLE` (`ID`, `CLIENT_REALM_CONSTRAINT`, `CLIENT_ROLE`, `DESCRIPTION`, `NAME`, `REALM_ID`, `CLIENT`, `REALM`) VALUES('18c4a692-4d24-426c-9255-e28235dee2f1', 'galaxy', b'0', '${role_default-roles}', 'default-roles-galaxy', 'galaxy', NULL, NULL);
INSERT INTO `KEYCLOAK_ROLE` (`ID`, `CLIENT_REALM_CONSTRAINT`, `CLIENT_ROLE`, `DESCRIPTION`, `NAME`, `REALM_ID`, `CLIENT`, `REALM`) VALUES('1b166b38-ec56-4728-8773-89393aa61619', '613e357d-3ac8-4de5-8c84-5d9af8d475d3', b'1', '${role_realm-admin}', 'realm-admin', 'marvel', '613e357d-3ac8-4de5-8c84-5d9af8d475d3', NULL);
INSERT INTO `KEYCLOAK_ROLE` (`ID`, `CLIENT_REALM_CONSTRAINT`, `CLIENT_ROLE`, `DESCRIPTION`, `NAME`, `REALM_ID`, `CLIENT`, `REALM`) VALUES('1c165b97-8447-43e9-a9f6-457d1f90f3eb', 'marvel', b'0', '${role_uma_authorization}', 'uma_authorization', 'marvel', NULL, NULL);
INSERT INTO `KEYCLOAK_ROLE` (`ID`, `CLIENT_REALM_CONSTRAINT`, `CLIENT_ROLE`, `DESCRIPTION`, `NAME`, `REALM_ID`, `CLIENT`, `REALM`) VALUES('1d148854-db35-4d2e-a490-5812b1f8ba63', '2a6550f4-4bc1-4d18-bda9-019c9ac2479b', b'1', '${role_query-users}', 'query-users', 'master', '2a6550f4-4bc1-4d18-bda9-019c9ac2479b', NULL);
INSERT INTO `KEYCLOAK_ROLE` (`ID`, `CLIENT_REALM_CONSTRAINT`, `CLIENT_ROLE`, `DESCRIPTION`, `NAME`, `REALM_ID`, `CLIENT`, `REALM`) VALUES('1d239122-5e7e-4bad-ad2a-e4e062ede71a', '2a6550f4-4bc1-4d18-bda9-019c9ac2479b', b'1', '${role_query-clients}', 'query-clients', 'master', '2a6550f4-4bc1-4d18-bda9-019c9ac2479b', NULL);
INSERT INTO `KEYCLOAK_ROLE` (`ID`, `CLIENT_REALM_CONSTRAINT`, `CLIENT_ROLE`, `DESCRIPTION`, `NAME`, `REALM_ID`, `CLIENT`, `REALM`) VALUES('204901c2-2851-4e36-ae07-e8aadfb1c2fc', '6d7ed351-badd-40e3-833f-aa5d041d3fe3', b'1', '${role_query-groups}', 'query-groups', 'galaxy', '6d7ed351-badd-40e3-833f-aa5d041d3fe3', NULL);
INSERT INTO `KEYCLOAK_ROLE` (`ID`, `CLIENT_REALM_CONSTRAINT`, `CLIENT_ROLE`, `DESCRIPTION`, `NAME`, `REALM_ID`, `CLIENT`, `REALM`) VALUES('21fe9ae6-018f-470e-a167-8c3b230a70ae', '955173f2-d038-41eb-ba27-436ae182a2da', b'1', '${role_query-groups}', 'query-groups', 'shire', '955173f2-d038-41eb-ba27-436ae182a2da', NULL);
INSERT INTO `KEYCLOAK_ROLE` (`ID`, `CLIENT_REALM_CONSTRAINT`, `CLIENT_ROLE`, `DESCRIPTION`, `NAME`, `REALM_ID`, `CLIENT`, `REALM`) VALUES('22359aa1-5eb6-49b5-949a-89412523bfcf', 'master', b'0', '${role_admin}', 'admin', 'master', NULL, NULL);
INSERT INTO `KEYCLOAK_ROLE` (`ID`, `CLIENT_REALM_CONSTRAINT`, `CLIENT_ROLE`, `DESCRIPTION`, `NAME`, `REALM_ID`, `CLIENT`, `REALM`) VALUES('246cd8cc-1e5e-46e2-a4e9-b8db522971ce', 'b6e3d4d5-d802-439f-9be9-760232c3ec6a', b'1', '${role_view-profile}', 'view-profile', 'marvel', 'b6e3d4d5-d802-439f-9be9-760232c3ec6a', NULL);
INSERT INTO `KEYCLOAK_ROLE` (`ID`, `CLIENT_REALM_CONSTRAINT`, `CLIENT_ROLE`, `DESCRIPTION`, `NAME`, `REALM_ID`, `CLIENT`, `REALM`) VALUES('24d0c76c-598a-4a89-9984-0116cc941c73', 'ca4f5265-533f-4970-a7ef-3901071eb658', b'1', '${role_query-clients}', 'query-clients', 'master', 'ca4f5265-533f-4970-a7ef-3901071eb658', NULL);
INSERT INTO `KEYCLOAK_ROLE` (`ID`, `CLIENT_REALM_CONSTRAINT`, `CLIENT_ROLE`, `DESCRIPTION`, `NAME`, `REALM_ID`, `CLIENT`, `REALM`) VALUES('24f4f6f0-73f4-44ac-bee8-15c7c6335220', '53d12d05-2b37-4194-9008-277e7f7607c1', b'1', '${role_manage-clients}', 'manage-clients', 'master', '53d12d05-2b37-4194-9008-277e7f7607c1', NULL);
INSERT INTO `KEYCLOAK_ROLE` (`ID`, `CLIENT_REALM_CONSTRAINT`, `CLIENT_ROLE`, `DESCRIPTION`, `NAME`, `REALM_ID`, `CLIENT`, `REALM`) VALUES('26414f6d-df53-4e86-80bf-ed17c4ec8e6d', 'marvel', b'0', '${role_offline-access}', 'offline_access', 'marvel', NULL, NULL);
INSERT INTO `KEYCLOAK_ROLE` (`ID`, `CLIENT_REALM_CONSTRAINT`, `CLIENT_ROLE`, `DESCRIPTION`, `NAME`, `REALM_ID`, `CLIENT`, `REALM`) VALUES('2a7b411b-ff26-4a12-b622-e2ee06ceb8a5', '53d12d05-2b37-4194-9008-277e7f7607c1', b'1', '${role_view-identity-providers}', 'view-identity-providers', 'master', '53d12d05-2b37-4194-9008-277e7f7607c1', NULL);
INSERT INTO `KEYCLOAK_ROLE` (`ID`, `CLIENT_REALM_CONSTRAINT`, `CLIENT_ROLE`, `DESCRIPTION`, `NAME`, `REALM_ID`, `CLIENT`, `REALM`) VALUES('2b4c93a5-bc27-47ac-9ad1-a3038903f653', 'f1f6538d-9e40-48b7-b6d6-0bf28778a482', b'1', '${role_query-clients}', 'query-clients', 'master', 'f1f6538d-9e40-48b7-b6d6-0bf28778a482', NULL);
INSERT INTO `KEYCLOAK_ROLE` (`ID`, `CLIENT_REALM_CONSTRAINT`, `CLIENT_ROLE`, `DESCRIPTION`, `NAME`, `REALM_ID`, `CLIENT`, `REALM`) VALUES('2c8fc734-f5f4-404b-965b-afc18306512c', '613e357d-3ac8-4de5-8c84-5d9af8d475d3', b'1', '${role_view-realm}', 'view-realm', 'marvel', '613e357d-3ac8-4de5-8c84-5d9af8d475d3', NULL);
INSERT INTO `KEYCLOAK_ROLE` (`ID`, `CLIENT_REALM_CONSTRAINT`, `CLIENT_ROLE`, `DESCRIPTION`, `NAME`, `REALM_ID`, `CLIENT`, `REALM`) VALUES('2e2d1fec-ae82-4d3a-af7b-ac8a06a49b51', '53d12d05-2b37-4194-9008-277e7f7607c1', b'1', '${role_query-users}', 'query-users', 'master', '53d12d05-2b37-4194-9008-277e7f7607c1', NULL);
INSERT INTO `KEYCLOAK_ROLE` (`ID`, `CLIENT_REALM_CONSTRAINT`, `CLIENT_ROLE`, `DESCRIPTION`, `NAME`, `REALM_ID`, `CLIENT`, `REALM`) VALUES('2e72176d-d64e-449f-86ca-162bf94e69ab', 'a17811e5-8ed8-4152-972c-8148cbc40894', b'1', '${role_view-consent}', 'view-consent', 'galaxy', 'a17811e5-8ed8-4152-972c-8148cbc40894', NULL);
INSERT INTO `KEYCLOAK_ROLE` (`ID`, `CLIENT_REALM_CONSTRAINT`, `CLIENT_ROLE`, `DESCRIPTION`, `NAME`, `REALM_ID`, `CLIENT`, `REALM`) VALUES('31464876-5b49-45fb-9879-a85c51cabd26', '53d12d05-2b37-4194-9008-277e7f7607c1', b'1', '${role_view-authorization}', 'view-authorization', 'master', '53d12d05-2b37-4194-9008-277e7f7607c1', NULL);
INSERT INTO `KEYCLOAK_ROLE` (`ID`, `CLIENT_REALM_CONSTRAINT`, `CLIENT_ROLE`, `DESCRIPTION`, `NAME`, `REALM_ID`, `CLIENT`, `REALM`) VALUES('326b5617-6bd4-45b1-9833-dba0eef2e38f', '49ee7d11-160c-4f50-bc39-973c71d0d256', b'1', '${role_read-token}', 'read-token', 'galaxy', '49ee7d11-160c-4f50-bc39-973c71d0d256', NULL);
INSERT INTO `KEYCLOAK_ROLE` (`ID`, `CLIENT_REALM_CONSTRAINT`, `CLIENT_ROLE`, `DESCRIPTION`, `NAME`, `REALM_ID`, `CLIENT`, `REALM`) VALUES('32adb78a-47da-4846-8dbe-155d12c49094', 'master', b'0', '${role_create-realm}', 'create-realm', 'master', NULL, NULL);
INSERT INTO `KEYCLOAK_ROLE` (`ID`, `CLIENT_REALM_CONSTRAINT`, `CLIENT_ROLE`, `DESCRIPTION`, `NAME`, `REALM_ID`, `CLIENT`, `REALM`) VALUES('33e05120-2b50-4935-b715-85398b4f7858', '613e357d-3ac8-4de5-8c84-5d9af8d475d3', b'1', '${role_impersonation}', 'impersonation', 'marvel', '613e357d-3ac8-4de5-8c84-5d9af8d475d3', NULL);
INSERT INTO `KEYCLOAK_ROLE` (`ID`, `CLIENT_REALM_CONSTRAINT`, `CLIENT_ROLE`, `DESCRIPTION`, `NAME`, `REALM_ID`, `CLIENT`, `REALM`) VALUES('347c6928-8bba-4c54-9918-45752ce477ea', '955173f2-d038-41eb-ba27-436ae182a2da', b'1', '${role_view-events}', 'view-events', 'shire', '955173f2-d038-41eb-ba27-436ae182a2da', NULL);
INSERT INTO `KEYCLOAK_ROLE` (`ID`, `CLIENT_REALM_CONSTRAINT`, `CLIENT_ROLE`, `DESCRIPTION`, `NAME`, `REALM_ID`, `CLIENT`, `REALM`) VALUES('35410ca0-ece4-4847-8b4a-5681f362bc18', '1431f78b-7304-4502-ab74-ad58e9e7f851', b'1', '${role_view-profile}', 'view-profile', 'master', '1431f78b-7304-4502-ab74-ad58e9e7f851', NULL);
INSERT INTO `KEYCLOAK_ROLE` (`ID`, `CLIENT_REALM_CONSTRAINT`, `CLIENT_ROLE`, `DESCRIPTION`, `NAME`, `REALM_ID`, `CLIENT`, `REALM`) VALUES('35fd31a7-90be-453d-9610-e38418fd9944', '2a6550f4-4bc1-4d18-bda9-019c9ac2479b', b'1', '${role_query-realms}', 'query-realms', 'master', '2a6550f4-4bc1-4d18-bda9-019c9ac2479b', NULL);
INSERT INTO `KEYCLOAK_ROLE` (`ID`, `CLIENT_REALM_CONSTRAINT`, `CLIENT_ROLE`, `DESCRIPTION`, `NAME`, `REALM_ID`, `CLIENT`, `REALM`) VALUES('3857fa41-40e0-4915-8896-955dff56bfb4', 'b6e3d4d5-d802-439f-9be9-760232c3ec6a', b'1', '${role_delete-account}', 'delete-account', 'marvel', 'b6e3d4d5-d802-439f-9be9-760232c3ec6a', NULL);
INSERT INTO `KEYCLOAK_ROLE` (`ID`, `CLIENT_REALM_CONSTRAINT`, `CLIENT_ROLE`, `DESCRIPTION`, `NAME`, `REALM_ID`, `CLIENT`, `REALM`) VALUES('3a5b6bdf-df6b-4c56-b20c-df25d6a4eb0d', '955173f2-d038-41eb-ba27-436ae182a2da', b'1', '${role_view-realm}', 'view-realm', 'shire', '955173f2-d038-41eb-ba27-436ae182a2da', NULL);
INSERT INTO `KEYCLOAK_ROLE` (`ID`, `CLIENT_REALM_CONSTRAINT`, `CLIENT_ROLE`, `DESCRIPTION`, `NAME`, `REALM_ID`, `CLIENT`, `REALM`) VALUES('3b61516c-1202-4aa7-91a5-ced3ae9f68cf', 'f1f6538d-9e40-48b7-b6d6-0bf28778a482', b'1', '${role_view-events}', 'view-events', 'master', 'f1f6538d-9e40-48b7-b6d6-0bf28778a482', NULL);
INSERT INTO `KEYCLOAK_ROLE` (`ID`, `CLIENT_REALM_CONSTRAINT`, `CLIENT_ROLE`, `DESCRIPTION`, `NAME`, `REALM_ID`, `CLIENT`, `REALM`) VALUES('3ba616e4-e250-4e6d-acb4-bc65536e1e53', '613e357d-3ac8-4de5-8c84-5d9af8d475d3', b'1', '${role_manage-realm}', 'manage-realm', 'marvel', '613e357d-3ac8-4de5-8c84-5d9af8d475d3', NULL);
INSERT INTO `KEYCLOAK_ROLE` (`ID`, `CLIENT_REALM_CONSTRAINT`, `CLIENT_ROLE`, `DESCRIPTION`, `NAME`, `REALM_ID`, `CLIENT`, `REALM`) VALUES('3cfd04df-7757-49a0-b4dd-e00b34a2d652', '6d7ed351-badd-40e3-833f-aa5d041d3fe3', b'1', '${role_query-realms}', 'query-realms', 'galaxy', '6d7ed351-badd-40e3-833f-aa5d041d3fe3', NULL);
INSERT INTO `KEYCLOAK_ROLE` (`ID`, `CLIENT_REALM_CONSTRAINT`, `CLIENT_ROLE`, `DESCRIPTION`, `NAME`, `REALM_ID`, `CLIENT`, `REALM`) VALUES('3defbad3-a2da-41ad-a4c2-29fdace07917', '5ba321eb-19dc-4fb5-acee-127e931e3686', b'1', '${role_view-consent}', 'view-consent', 'shire', '5ba321eb-19dc-4fb5-acee-127e931e3686', NULL);
INSERT INTO `KEYCLOAK_ROLE` (`ID`, `CLIENT_REALM_CONSTRAINT`, `CLIENT_ROLE`, `DESCRIPTION`, `NAME`, `REALM_ID`, `CLIENT`, `REALM`) VALUES('410beadd-09e6-4eb8-9961-f8a16864c6d5', 'f1f6538d-9e40-48b7-b6d6-0bf28778a482', b'1', '${role_query-realms}', 'query-realms', 'master', 'f1f6538d-9e40-48b7-b6d6-0bf28778a482', NULL);
INSERT INTO `KEYCLOAK_ROLE` (`ID`, `CLIENT_REALM_CONSTRAINT`, `CLIENT_ROLE`, `DESCRIPTION`, `NAME`, `REALM_ID`, `CLIENT`, `REALM`) VALUES('42f786ac-1a77-4127-a7fc-ba395feeec61', 'f1f6538d-9e40-48b7-b6d6-0bf28778a482', b'1', '${role_manage-realm}', 'manage-realm', 'master', 'f1f6538d-9e40-48b7-b6d6-0bf28778a482', NULL);
INSERT INTO `KEYCLOAK_ROLE` (`ID`, `CLIENT_REALM_CONSTRAINT`, `CLIENT_ROLE`, `DESCRIPTION`, `NAME`, `REALM_ID`, `CLIENT`, `REALM`) VALUES('4523a7b4-d63f-4d87-99a0-9b95cf919035', '53d12d05-2b37-4194-9008-277e7f7607c1', b'1', '${role_manage-identity-providers}', 'manage-identity-providers', 'master', '53d12d05-2b37-4194-9008-277e7f7607c1', NULL);
INSERT INTO `KEYCLOAK_ROLE` (`ID`, `CLIENT_REALM_CONSTRAINT`, `CLIENT_ROLE`, `DESCRIPTION`, `NAME`, `REALM_ID`, `CLIENT`, `REALM`) VALUES('455dbe71-683c-403b-828f-d1fc29b7ca5c', 'ca4f5265-533f-4970-a7ef-3901071eb658', b'1', '${role_query-realms}', 'query-realms', 'master', 'ca4f5265-533f-4970-a7ef-3901071eb658', NULL);
INSERT INTO `KEYCLOAK_ROLE` (`ID`, `CLIENT_REALM_CONSTRAINT`, `CLIENT_ROLE`, `DESCRIPTION`, `NAME`, `REALM_ID`, `CLIENT`, `REALM`) VALUES('456f9171-8c3c-4791-8f24-66504b283423', 'ca4f5265-533f-4970-a7ef-3901071eb658', b'1', '${role_view-clients}', 'view-clients', 'master', 'ca4f5265-533f-4970-a7ef-3901071eb658', NULL);
INSERT INTO `KEYCLOAK_ROLE` (`ID`, `CLIENT_REALM_CONSTRAINT`, `CLIENT_ROLE`, `DESCRIPTION`, `NAME`, `REALM_ID`, `CLIENT`, `REALM`) VALUES('479c0a6e-be89-43b7-8f8f-7a83375d66cb', 'f1f6538d-9e40-48b7-b6d6-0bf28778a482', b'1', '${role_view-realm}', 'view-realm', 'master', 'f1f6538d-9e40-48b7-b6d6-0bf28778a482', NULL);
INSERT INTO `KEYCLOAK_ROLE` (`ID`, `CLIENT_REALM_CONSTRAINT`, `CLIENT_ROLE`, `DESCRIPTION`, `NAME`, `REALM_ID`, `CLIENT`, `REALM`) VALUES('483d7b00-7e53-4989-ba5f-1ea906bc3202', '53d12d05-2b37-4194-9008-277e7f7607c1', b'1', '${role_manage-events}', 'manage-events', 'master', '53d12d05-2b37-4194-9008-277e7f7607c1', NULL);
INSERT INTO `KEYCLOAK_ROLE` (`ID`, `CLIENT_REALM_CONSTRAINT`, `CLIENT_ROLE`, `DESCRIPTION`, `NAME`, `REALM_ID`, `CLIENT`, `REALM`) VALUES('4894b192-7848-47b1-929e-2d91c60b1142', 'f1f6538d-9e40-48b7-b6d6-0bf28778a482', b'1', '${role_query-groups}', 'query-groups', 'master', 'f1f6538d-9e40-48b7-b6d6-0bf28778a482', NULL);
INSERT INTO `KEYCLOAK_ROLE` (`ID`, `CLIENT_REALM_CONSTRAINT`, `CLIENT_ROLE`, `DESCRIPTION`, `NAME`, `REALM_ID`, `CLIENT`, `REALM`) VALUES('48a878f5-5884-4c27-892b-ee32c3f9b1e8', 'a17811e5-8ed8-4152-972c-8148cbc40894', b'1', '${role_view-applications}', 'view-applications', 'galaxy', 'a17811e5-8ed8-4152-972c-8148cbc40894', NULL);
INSERT INTO `KEYCLOAK_ROLE` (`ID`, `CLIENT_REALM_CONSTRAINT`, `CLIENT_ROLE`, `DESCRIPTION`, `NAME`, `REALM_ID`, `CLIENT`, `REALM`) VALUES('492b61d1-0bbb-48b4-9bc1-fc41ad697f45', 'master', b'0', '${role_uma_authorization}', 'uma_authorization', 'master', NULL, NULL);
INSERT INTO `KEYCLOAK_ROLE` (`ID`, `CLIENT_REALM_CONSTRAINT`, `CLIENT_ROLE`, `DESCRIPTION`, `NAME`, `REALM_ID`, `CLIENT`, `REALM`) VALUES('496af728-73f0-4746-8c12-b7d139cfb162', 'f1f6538d-9e40-48b7-b6d6-0bf28778a482', b'1', '${role_query-users}', 'query-users', 'master', 'f1f6538d-9e40-48b7-b6d6-0bf28778a482', NULL);
INSERT INTO `KEYCLOAK_ROLE` (`ID`, `CLIENT_REALM_CONSTRAINT`, `CLIENT_ROLE`, `DESCRIPTION`, `NAME`, `REALM_ID`, `CLIENT`, `REALM`) VALUES('4a5acf94-c095-46e5-8a6e-bd5da40224f8', 'f1f6538d-9e40-48b7-b6d6-0bf28778a482', b'1', '${role_manage-events}', 'manage-events', 'master', 'f1f6538d-9e40-48b7-b6d6-0bf28778a482', NULL);
INSERT INTO `KEYCLOAK_ROLE` (`ID`, `CLIENT_REALM_CONSTRAINT`, `CLIENT_ROLE`, `DESCRIPTION`, `NAME`, `REALM_ID`, `CLIENT`, `REALM`) VALUES('4aa43b39-a3fa-4f9e-8064-17974a9b3ace', 'f1f6538d-9e40-48b7-b6d6-0bf28778a482', b'1', '${role_view-clients}', 'view-clients', 'master', 'f1f6538d-9e40-48b7-b6d6-0bf28778a482', NULL);
INSERT INTO `KEYCLOAK_ROLE` (`ID`, `CLIENT_REALM_CONSTRAINT`, `CLIENT_ROLE`, `DESCRIPTION`, `NAME`, `REALM_ID`, `CLIENT`, `REALM`) VALUES('4b49d573-78e6-4b13-a6d4-518f3e64803f', 'shire', b'0', '${role_default-roles}', 'default-roles-shire', 'shire', NULL, NULL);
INSERT INTO `KEYCLOAK_ROLE` (`ID`, `CLIENT_REALM_CONSTRAINT`, `CLIENT_ROLE`, `DESCRIPTION`, `NAME`, `REALM_ID`, `CLIENT`, `REALM`) VALUES('4b73101f-e617-4293-99c3-001698f9e50b', 'galaxy', b'0', '${role_offline-access}', 'offline_access', 'galaxy', NULL, NULL);
INSERT INTO `KEYCLOAK_ROLE` (`ID`, `CLIENT_REALM_CONSTRAINT`, `CLIENT_ROLE`, `DESCRIPTION`, `NAME`, `REALM_ID`, `CLIENT`, `REALM`) VALUES('4b9b89e1-37fe-4819-9a73-d67d2e948642', '6d7ed351-badd-40e3-833f-aa5d041d3fe3', b'1', '${role_query-users}', 'query-users', 'galaxy', '6d7ed351-badd-40e3-833f-aa5d041d3fe3', NULL);
INSERT INTO `KEYCLOAK_ROLE` (`ID`, `CLIENT_REALM_CONSTRAINT`, `CLIENT_ROLE`, `DESCRIPTION`, `NAME`, `REALM_ID`, `CLIENT`, `REALM`) VALUES('4ea4a015-1abb-46e9-8309-b459f2b59100', '613e357d-3ac8-4de5-8c84-5d9af8d475d3', b'1', '${role_query-clients}', 'query-clients', 'marvel', '613e357d-3ac8-4de5-8c84-5d9af8d475d3', NULL);
INSERT INTO `KEYCLOAK_ROLE` (`ID`, `CLIENT_REALM_CONSTRAINT`, `CLIENT_ROLE`, `DESCRIPTION`, `NAME`, `REALM_ID`, `CLIENT`, `REALM`) VALUES('53dddae5-73e2-459b-aad7-f576d68d6391', 'a17811e5-8ed8-4152-972c-8148cbc40894', b'1', '${role_manage-account-links}', 'manage-account-links', 'galaxy', 'a17811e5-8ed8-4152-972c-8148cbc40894', NULL);
INSERT INTO `KEYCLOAK_ROLE` (`ID`, `CLIENT_REALM_CONSTRAINT`, `CLIENT_ROLE`, `DESCRIPTION`, `NAME`, `REALM_ID`, `CLIENT`, `REALM`) VALUES('55bc96ef-2669-461f-99f7-fe872c44fc8b', '2a6550f4-4bc1-4d18-bda9-019c9ac2479b', b'1', '${role_view-authorization}', 'view-authorization', 'master', '2a6550f4-4bc1-4d18-bda9-019c9ac2479b', NULL);
INSERT INTO `KEYCLOAK_ROLE` (`ID`, `CLIENT_REALM_CONSTRAINT`, `CLIENT_ROLE`, `DESCRIPTION`, `NAME`, `REALM_ID`, `CLIENT`, `REALM`) VALUES('58577a2e-2366-49cd-9da0-29bdc44b4c7d', '53d12d05-2b37-4194-9008-277e7f7607c1', b'1', '${role_query-realms}', 'query-realms', 'master', '53d12d05-2b37-4194-9008-277e7f7607c1', NULL);
INSERT INTO `KEYCLOAK_ROLE` (`ID`, `CLIENT_REALM_CONSTRAINT`, `CLIENT_ROLE`, `DESCRIPTION`, `NAME`, `REALM_ID`, `CLIENT`, `REALM`) VALUES('58cacc93-0720-4a96-a4bc-6bff863e5f01', '53d12d05-2b37-4194-9008-277e7f7607c1', b'1', '${role_manage-authorization}', 'manage-authorization', 'master', '53d12d05-2b37-4194-9008-277e7f7607c1', NULL);
INSERT INTO `KEYCLOAK_ROLE` (`ID`, `CLIENT_REALM_CONSTRAINT`, `CLIENT_ROLE`, `DESCRIPTION`, `NAME`, `REALM_ID`, `CLIENT`, `REALM`) VALUES('5a7ee4db-2416-4c3f-bd89-a4b88d204a92', '613e357d-3ac8-4de5-8c84-5d9af8d475d3', b'1', '${role_manage-clients}', 'manage-clients', 'marvel', '613e357d-3ac8-4de5-8c84-5d9af8d475d3', NULL);
INSERT INTO `KEYCLOAK_ROLE` (`ID`, `CLIENT_REALM_CONSTRAINT`, `CLIENT_ROLE`, `DESCRIPTION`, `NAME`, `REALM_ID`, `CLIENT`, `REALM`) VALUES('5a822eae-9cd9-47b7-8a91-5ac156473853', 'f1f6538d-9e40-48b7-b6d6-0bf28778a482', b'1', '${role_manage-authorization}', 'manage-authorization', 'master', 'f1f6538d-9e40-48b7-b6d6-0bf28778a482', NULL);
INSERT INTO `KEYCLOAK_ROLE` (`ID`, `CLIENT_REALM_CONSTRAINT`, `CLIENT_ROLE`, `DESCRIPTION`, `NAME`, `REALM_ID`, `CLIENT`, `REALM`) VALUES('5c9b5ca9-70a2-4f96-a84c-7b6423e7fd63', 'ca4f5265-533f-4970-a7ef-3901071eb658', b'1', '${role_manage-users}', 'manage-users', 'master', 'ca4f5265-533f-4970-a7ef-3901071eb658', NULL);
INSERT INTO `KEYCLOAK_ROLE` (`ID`, `CLIENT_REALM_CONSTRAINT`, `CLIENT_ROLE`, `DESCRIPTION`, `NAME`, `REALM_ID`, `CLIENT`, `REALM`) VALUES('5e97682e-1858-4b62-898b-fd51c14e0d9e', 'ca4f5265-533f-4970-a7ef-3901071eb658', b'1', '${role_manage-events}', 'manage-events', 'master', 'ca4f5265-533f-4970-a7ef-3901071eb658', NULL);
INSERT INTO `KEYCLOAK_ROLE` (`ID`, `CLIENT_REALM_CONSTRAINT`, `CLIENT_ROLE`, `DESCRIPTION`, `NAME`, `REALM_ID`, `CLIENT`, `REALM`) VALUES('61043eae-5fce-4178-af51-cb2fe809f261', '613e357d-3ac8-4de5-8c84-5d9af8d475d3', b'1', '${role_view-authorization}', 'view-authorization', 'marvel', '613e357d-3ac8-4de5-8c84-5d9af8d475d3', NULL);
INSERT INTO `KEYCLOAK_ROLE` (`ID`, `CLIENT_REALM_CONSTRAINT`, `CLIENT_ROLE`, `DESCRIPTION`, `NAME`, `REALM_ID`, `CLIENT`, `REALM`) VALUES('6232634e-0af6-4d1a-b364-f790d002a033', '6d7ed351-badd-40e3-833f-aa5d041d3fe3', b'1', '${role_manage-users}', 'manage-users', 'galaxy', '6d7ed351-badd-40e3-833f-aa5d041d3fe3', NULL);
INSERT INTO `KEYCLOAK_ROLE` (`ID`, `CLIENT_REALM_CONSTRAINT`, `CLIENT_ROLE`, `DESCRIPTION`, `NAME`, `REALM_ID`, `CLIENT`, `REALM`) VALUES('63f14a0d-12f3-40c4-9713-fd7421c3f99f', '6d7ed351-badd-40e3-833f-aa5d041d3fe3', b'1', '${role_query-clients}', 'query-clients', 'galaxy', '6d7ed351-badd-40e3-833f-aa5d041d3fe3', NULL);
INSERT INTO `KEYCLOAK_ROLE` (`ID`, `CLIENT_REALM_CONSTRAINT`, `CLIENT_ROLE`, `DESCRIPTION`, `NAME`, `REALM_ID`, `CLIENT`, `REALM`) VALUES('647432bc-f1cc-4d15-a4d6-63e93efb4944', '613e357d-3ac8-4de5-8c84-5d9af8d475d3', b'1', '${role_query-realms}', 'query-realms', 'marvel', '613e357d-3ac8-4de5-8c84-5d9af8d475d3', NULL);
INSERT INTO `KEYCLOAK_ROLE` (`ID`, `CLIENT_REALM_CONSTRAINT`, `CLIENT_ROLE`, `DESCRIPTION`, `NAME`, `REALM_ID`, `CLIENT`, `REALM`) VALUES('6477636a-4263-417e-9d35-dbd9b8d424fa', 'b6e3d4d5-d802-439f-9be9-760232c3ec6a', b'1', '${role_view-applications}', 'view-applications', 'marvel', 'b6e3d4d5-d802-439f-9be9-760232c3ec6a', NULL);
INSERT INTO `KEYCLOAK_ROLE` (`ID`, `CLIENT_REALM_CONSTRAINT`, `CLIENT_ROLE`, `DESCRIPTION`, `NAME`, `REALM_ID`, `CLIENT`, `REALM`) VALUES('6499f373-2d9c-4c97-9de7-21e3f3d4125b', 'ca4f5265-533f-4970-a7ef-3901071eb658', b'1', '${role_query-groups}', 'query-groups', 'master', 'ca4f5265-533f-4970-a7ef-3901071eb658', NULL);
INSERT INTO `KEYCLOAK_ROLE` (`ID`, `CLIENT_REALM_CONSTRAINT`, `CLIENT_ROLE`, `DESCRIPTION`, `NAME`, `REALM_ID`, `CLIENT`, `REALM`) VALUES('65f9435c-d228-4d0f-9bee-2a759e91a2ee', '955173f2-d038-41eb-ba27-436ae182a2da', b'1', '${role_view-users}', 'view-users', 'shire', '955173f2-d038-41eb-ba27-436ae182a2da', NULL);
INSERT INTO `KEYCLOAK_ROLE` (`ID`, `CLIENT_REALM_CONSTRAINT`, `CLIENT_ROLE`, `DESCRIPTION`, `NAME`, `REALM_ID`, `CLIENT`, `REALM`) VALUES('6676fddd-8d6c-456b-b3a9-ac302df3b8b8', '53d12d05-2b37-4194-9008-277e7f7607c1', b'1', '${role_view-realm}', 'view-realm', 'master', '53d12d05-2b37-4194-9008-277e7f7607c1', NULL);
INSERT INTO `KEYCLOAK_ROLE` (`ID`, `CLIENT_REALM_CONSTRAINT`, `CLIENT_ROLE`, `DESCRIPTION`, `NAME`, `REALM_ID`, `CLIENT`, `REALM`) VALUES('69319b99-1964-4f0a-893a-a142e4f874e9', '1431f78b-7304-4502-ab74-ad58e9e7f851', b'1', '${role_manage-consent}', 'manage-consent', 'master', '1431f78b-7304-4502-ab74-ad58e9e7f851', NULL);
INSERT INTO `KEYCLOAK_ROLE` (`ID`, `CLIENT_REALM_CONSTRAINT`, `CLIENT_ROLE`, `DESCRIPTION`, `NAME`, `REALM_ID`, `CLIENT`, `REALM`) VALUES('6cdca758-4638-45e2-bb97-5f3f1268bd25', 'ca4f5265-533f-4970-a7ef-3901071eb658', b'1', '${role_create-client}', 'create-client', 'master', 'ca4f5265-533f-4970-a7ef-3901071eb658', NULL);
INSERT INTO `KEYCLOAK_ROLE` (`ID`, `CLIENT_REALM_CONSTRAINT`, `CLIENT_ROLE`, `DESCRIPTION`, `NAME`, `REALM_ID`, `CLIENT`, `REALM`) VALUES('6d51262e-2d8d-48aa-81c0-49d2e93d18f6', '955173f2-d038-41eb-ba27-436ae182a2da', b'1', '${role_manage-users}', 'manage-users', 'shire', '955173f2-d038-41eb-ba27-436ae182a2da', NULL);
INSERT INTO `KEYCLOAK_ROLE` (`ID`, `CLIENT_REALM_CONSTRAINT`, `CLIENT_ROLE`, `DESCRIPTION`, `NAME`, `REALM_ID`, `CLIENT`, `REALM`) VALUES('6fb2b9a8-c372-4a78-a9ba-6751ddc19f2b', '6d7ed351-badd-40e3-833f-aa5d041d3fe3', b'1', '${role_view-identity-providers}', 'view-identity-providers', 'galaxy', '6d7ed351-badd-40e3-833f-aa5d041d3fe3', NULL);
INSERT INTO `KEYCLOAK_ROLE` (`ID`, `CLIENT_REALM_CONSTRAINT`, `CLIENT_ROLE`, `DESCRIPTION`, `NAME`, `REALM_ID`, `CLIENT`, `REALM`) VALUES('71007545-846f-452c-b1b4-db6e34179eeb', '6d7ed351-badd-40e3-833f-aa5d041d3fe3', b'1', '${role_manage-identity-providers}', 'manage-identity-providers', 'galaxy', '6d7ed351-badd-40e3-833f-aa5d041d3fe3', NULL);
INSERT INTO `KEYCLOAK_ROLE` (`ID`, `CLIENT_REALM_CONSTRAINT`, `CLIENT_ROLE`, `DESCRIPTION`, `NAME`, `REALM_ID`, `CLIENT`, `REALM`) VALUES('719c874f-7dc9-4cd2-922f-4b5600ae425b', 'ca4f5265-533f-4970-a7ef-3901071eb658', b'1', '${role_view-realm}', 'view-realm', 'master', 'ca4f5265-533f-4970-a7ef-3901071eb658', NULL);
INSERT INTO `KEYCLOAK_ROLE` (`ID`, `CLIENT_REALM_CONSTRAINT`, `CLIENT_ROLE`, `DESCRIPTION`, `NAME`, `REALM_ID`, `CLIENT`, `REALM`) VALUES('71a8036b-3fa5-4702-86c9-7002965e1e7f', '6d7ed351-badd-40e3-833f-aa5d041d3fe3', b'1', '${role_view-realm}', 'view-realm', 'galaxy', '6d7ed351-badd-40e3-833f-aa5d041d3fe3', NULL);
INSERT INTO `KEYCLOAK_ROLE` (`ID`, `CLIENT_REALM_CONSTRAINT`, `CLIENT_ROLE`, `DESCRIPTION`, `NAME`, `REALM_ID`, `CLIENT`, `REALM`) VALUES('724eaf42-c681-44dc-b57a-fd337049d788', '5ba321eb-19dc-4fb5-acee-127e931e3686', b'1', '${role_delete-account}', 'delete-account', 'shire', '5ba321eb-19dc-4fb5-acee-127e931e3686', NULL);
INSERT INTO `KEYCLOAK_ROLE` (`ID`, `CLIENT_REALM_CONSTRAINT`, `CLIENT_ROLE`, `DESCRIPTION`, `NAME`, `REALM_ID`, `CLIENT`, `REALM`) VALUES('72e25792-273d-417a-817a-24b868fc6acf', '1431f78b-7304-4502-ab74-ad58e9e7f851', b'1', '${role_manage-account}', 'manage-account', 'master', '1431f78b-7304-4502-ab74-ad58e9e7f851', NULL);
INSERT INTO `KEYCLOAK_ROLE` (`ID`, `CLIENT_REALM_CONSTRAINT`, `CLIENT_ROLE`, `DESCRIPTION`, `NAME`, `REALM_ID`, `CLIENT`, `REALM`) VALUES('73ca1d8c-4200-4e2f-89e1-48cd9811a86d', 'galaxy', b'0', '${role_uma_authorization}', 'uma_authorization', 'galaxy', NULL, NULL);
INSERT INTO `KEYCLOAK_ROLE` (`ID`, `CLIENT_REALM_CONSTRAINT`, `CLIENT_ROLE`, `DESCRIPTION`, `NAME`, `REALM_ID`, `CLIENT`, `REALM`) VALUES('74374a15-5e0c-4ec2-802f-d917c7be4a8e', 'master', b'0', '${role_default-roles}', 'default-roles-master', 'master', NULL, NULL);
INSERT INTO `KEYCLOAK_ROLE` (`ID`, `CLIENT_REALM_CONSTRAINT`, `CLIENT_ROLE`, `DESCRIPTION`, `NAME`, `REALM_ID`, `CLIENT`, `REALM`) VALUES('74968314-08e0-4d8f-a8be-4480546d1740', '1431f78b-7304-4502-ab74-ad58e9e7f851', b'1', '${role_manage-account-links}', 'manage-account-links', 'master', '1431f78b-7304-4502-ab74-ad58e9e7f851', NULL);
INSERT INTO `KEYCLOAK_ROLE` (`ID`, `CLIENT_REALM_CONSTRAINT`, `CLIENT_ROLE`, `DESCRIPTION`, `NAME`, `REALM_ID`, `CLIENT`, `REALM`) VALUES('7521d733-b99b-4b83-b7a5-d5aa6ce8d4e7', '955173f2-d038-41eb-ba27-436ae182a2da', b'1', '${role_view-identity-providers}', 'view-identity-providers', 'shire', '955173f2-d038-41eb-ba27-436ae182a2da', NULL);
INSERT INTO `KEYCLOAK_ROLE` (`ID`, `CLIENT_REALM_CONSTRAINT`, `CLIENT_ROLE`, `DESCRIPTION`, `NAME`, `REALM_ID`, `CLIENT`, `REALM`) VALUES('78907c34-7be9-4cd7-88c4-c70b970563ee', '1431f78b-7304-4502-ab74-ad58e9e7f851', b'1', '${role_delete-account}', 'delete-account', 'master', '1431f78b-7304-4502-ab74-ad58e9e7f851', NULL);
INSERT INTO `KEYCLOAK_ROLE` (`ID`, `CLIENT_REALM_CONSTRAINT`, `CLIENT_ROLE`, `DESCRIPTION`, `NAME`, `REALM_ID`, `CLIENT`, `REALM`) VALUES('7d75b56d-9a40-4666-a899-5eebc87cc673', '2a6550f4-4bc1-4d18-bda9-019c9ac2479b', b'1', '${role_view-realm}', 'view-realm', 'master', '2a6550f4-4bc1-4d18-bda9-019c9ac2479b', NULL);
INSERT INTO `KEYCLOAK_ROLE` (`ID`, `CLIENT_REALM_CONSTRAINT`, `CLIENT_ROLE`, `DESCRIPTION`, `NAME`, `REALM_ID`, `CLIENT`, `REALM`) VALUES('7e0c6bc0-09eb-4493-86b9-266c590e505b', 'ca4f5265-533f-4970-a7ef-3901071eb658', b'1', '${role_manage-clients}', 'manage-clients', 'master', 'ca4f5265-533f-4970-a7ef-3901071eb658', NULL);
INSERT INTO `KEYCLOAK_ROLE` (`ID`, `CLIENT_REALM_CONSTRAINT`, `CLIENT_ROLE`, `DESCRIPTION`, `NAME`, `REALM_ID`, `CLIENT`, `REALM`) VALUES('80e889cd-4227-4f6e-aeae-a3ba8ecd375b', '613e357d-3ac8-4de5-8c84-5d9af8d475d3', b'1', '${role_view-clients}', 'view-clients', 'marvel', '613e357d-3ac8-4de5-8c84-5d9af8d475d3', NULL);
INSERT INTO `KEYCLOAK_ROLE` (`ID`, `CLIENT_REALM_CONSTRAINT`, `CLIENT_ROLE`, `DESCRIPTION`, `NAME`, `REALM_ID`, `CLIENT`, `REALM`) VALUES('8110efaf-b654-4774-8c9c-8978ca4ee46c', '2a6550f4-4bc1-4d18-bda9-019c9ac2479b', b'1', '${role_manage-identity-providers}', 'manage-identity-providers', 'master', '2a6550f4-4bc1-4d18-bda9-019c9ac2479b', NULL);
INSERT INTO `KEYCLOAK_ROLE` (`ID`, `CLIENT_REALM_CONSTRAINT`, `CLIENT_ROLE`, `DESCRIPTION`, `NAME`, `REALM_ID`, `CLIENT`, `REALM`) VALUES('8403e968-47c7-450c-b366-9029e9efd20a', '6d7ed351-badd-40e3-833f-aa5d041d3fe3', b'1', '${role_manage-authorization}', 'manage-authorization', 'galaxy', '6d7ed351-badd-40e3-833f-aa5d041d3fe3', NULL);
INSERT INTO `KEYCLOAK_ROLE` (`ID`, `CLIENT_REALM_CONSTRAINT`, `CLIENT_ROLE`, `DESCRIPTION`, `NAME`, `REALM_ID`, `CLIENT`, `REALM`) VALUES('8717bbaa-1a03-4781-90d4-d2728ac888b2', 'ca4f5265-533f-4970-a7ef-3901071eb658', b'1', '${role_impersonation}', 'impersonation', 'master', 'ca4f5265-533f-4970-a7ef-3901071eb658', NULL);
INSERT INTO `KEYCLOAK_ROLE` (`ID`, `CLIENT_REALM_CONSTRAINT`, `CLIENT_ROLE`, `DESCRIPTION`, `NAME`, `REALM_ID`, `CLIENT`, `REALM`) VALUES('873a6185-1f66-4d15-87ce-9404abc7ec71', 'f1f6538d-9e40-48b7-b6d6-0bf28778a482', b'1', '${role_create-client}', 'create-client', 'master', 'f1f6538d-9e40-48b7-b6d6-0bf28778a482', NULL);
INSERT INTO `KEYCLOAK_ROLE` (`ID`, `CLIENT_REALM_CONSTRAINT`, `CLIENT_ROLE`, `DESCRIPTION`, `NAME`, `REALM_ID`, `CLIENT`, `REALM`) VALUES('891c6a50-09ae-4084-b549-b79fc765ca63', 'ca4f5265-533f-4970-a7ef-3901071eb658', b'1', '${role_query-users}', 'query-users', 'master', 'ca4f5265-533f-4970-a7ef-3901071eb658', NULL);
INSERT INTO `KEYCLOAK_ROLE` (`ID`, `CLIENT_REALM_CONSTRAINT`, `CLIENT_ROLE`, `DESCRIPTION`, `NAME`, `REALM_ID`, `CLIENT`, `REALM`) VALUES('8a036ae5-2af6-49e7-bf9e-63871afce97b', '6d7ed351-badd-40e3-833f-aa5d041d3fe3', b'1', '${role_manage-realm}', 'manage-realm', 'galaxy', '6d7ed351-badd-40e3-833f-aa5d041d3fe3', NULL);
INSERT INTO `KEYCLOAK_ROLE` (`ID`, `CLIENT_REALM_CONSTRAINT`, `CLIENT_ROLE`, `DESCRIPTION`, `NAME`, `REALM_ID`, `CLIENT`, `REALM`) VALUES('8b413afb-e953-4629-97f5-be93856cc2bc', 'ca4f5265-533f-4970-a7ef-3901071eb658', b'1', '${role_view-users}', 'view-users', 'master', 'ca4f5265-533f-4970-a7ef-3901071eb658', NULL);
INSERT INTO `KEYCLOAK_ROLE` (`ID`, `CLIENT_REALM_CONSTRAINT`, `CLIENT_ROLE`, `DESCRIPTION`, `NAME`, `REALM_ID`, `CLIENT`, `REALM`) VALUES('900bfdf6-0b88-4cff-8179-47c6258d96e9', 'ca4f5265-533f-4970-a7ef-3901071eb658', b'1', '${role_manage-authorization}', 'manage-authorization', 'master', 'ca4f5265-533f-4970-a7ef-3901071eb658', NULL);
INSERT INTO `KEYCLOAK_ROLE` (`ID`, `CLIENT_REALM_CONSTRAINT`, `CLIENT_ROLE`, `DESCRIPTION`, `NAME`, `REALM_ID`, `CLIENT`, `REALM`) VALUES('9194f28a-a2c2-4ee8-b70a-de4a60861485', 'b6e3d4d5-d802-439f-9be9-760232c3ec6a', b'1', '${role_manage-account}', 'manage-account', 'marvel', 'b6e3d4d5-d802-439f-9be9-760232c3ec6a', NULL);
INSERT INTO `KEYCLOAK_ROLE` (`ID`, `CLIENT_REALM_CONSTRAINT`, `CLIENT_ROLE`, `DESCRIPTION`, `NAME`, `REALM_ID`, `CLIENT`, `REALM`) VALUES('93f50c2e-d92e-44fc-8a16-a10d2b87f511', 'marvel', b'0', '${role_default-roles}', 'default-roles-marvel', 'marvel', NULL, NULL);
INSERT INTO `KEYCLOAK_ROLE` (`ID`, `CLIENT_REALM_CONSTRAINT`, `CLIENT_ROLE`, `DESCRIPTION`, `NAME`, `REALM_ID`, `CLIENT`, `REALM`) VALUES('948c5c63-7427-4c69-9253-9ea38747dc0b', '53d12d05-2b37-4194-9008-277e7f7607c1', b'1', '${role_view-clients}', 'view-clients', 'master', '53d12d05-2b37-4194-9008-277e7f7607c1', NULL);
INSERT INTO `KEYCLOAK_ROLE` (`ID`, `CLIENT_REALM_CONSTRAINT`, `CLIENT_ROLE`, `DESCRIPTION`, `NAME`, `REALM_ID`, `CLIENT`, `REALM`) VALUES('97d5cd49-183b-4844-ba7d-50fe677ede67', '613e357d-3ac8-4de5-8c84-5d9af8d475d3', b'1', '${role_manage-users}', 'manage-users', 'marvel', '613e357d-3ac8-4de5-8c84-5d9af8d475d3', NULL);
INSERT INTO `KEYCLOAK_ROLE` (`ID`, `CLIENT_REALM_CONSTRAINT`, `CLIENT_ROLE`, `DESCRIPTION`, `NAME`, `REALM_ID`, `CLIENT`, `REALM`) VALUES('98792ddb-4c8e-4b55-a9e0-0bac784c77f9', 'f1f6538d-9e40-48b7-b6d6-0bf28778a482', b'1', '${role_impersonation}', 'impersonation', 'master', 'f1f6538d-9e40-48b7-b6d6-0bf28778a482', NULL);
INSERT INTO `KEYCLOAK_ROLE` (`ID`, `CLIENT_REALM_CONSTRAINT`, `CLIENT_ROLE`, `DESCRIPTION`, `NAME`, `REALM_ID`, `CLIENT`, `REALM`) VALUES('9b262b9a-3a3e-41c6-aec6-b5a4c8775036', '613e357d-3ac8-4de5-8c84-5d9af8d475d3', b'1', '${role_view-events}', 'view-events', 'marvel', '613e357d-3ac8-4de5-8c84-5d9af8d475d3', NULL);
INSERT INTO `KEYCLOAK_ROLE` (`ID`, `CLIENT_REALM_CONSTRAINT`, `CLIENT_ROLE`, `DESCRIPTION`, `NAME`, `REALM_ID`, `CLIENT`, `REALM`) VALUES('9b7529b0-3699-4f5a-a4dc-ed3ac68505d2', '53d12d05-2b37-4194-9008-277e7f7607c1', b'1', '${role_view-events}', 'view-events', 'master', '53d12d05-2b37-4194-9008-277e7f7607c1', NULL);
INSERT INTO `KEYCLOAK_ROLE` (`ID`, `CLIENT_REALM_CONSTRAINT`, `CLIENT_ROLE`, `DESCRIPTION`, `NAME`, `REALM_ID`, `CLIENT`, `REALM`) VALUES('9bde6c9e-c7ed-422b-861e-fb0131ac8251', '5ba321eb-19dc-4fb5-acee-127e931e3686', b'1', '${role_view-applications}', 'view-applications', 'shire', '5ba321eb-19dc-4fb5-acee-127e931e3686', NULL);
INSERT INTO `KEYCLOAK_ROLE` (`ID`, `CLIENT_REALM_CONSTRAINT`, `CLIENT_ROLE`, `DESCRIPTION`, `NAME`, `REALM_ID`, `CLIENT`, `REALM`) VALUES('9da97b18-bcd2-430e-a4c0-21f1d8647669', '53d12d05-2b37-4194-9008-277e7f7607c1', b'1', '${role_create-client}', 'create-client', 'master', '53d12d05-2b37-4194-9008-277e7f7607c1', NULL);
INSERT INTO `KEYCLOAK_ROLE` (`ID`, `CLIENT_REALM_CONSTRAINT`, `CLIENT_ROLE`, `DESCRIPTION`, `NAME`, `REALM_ID`, `CLIENT`, `REALM`) VALUES('9e23fd12-a3a1-4839-897a-2208555b8ecc', '613e357d-3ac8-4de5-8c84-5d9af8d475d3', b'1', '${role_query-users}', 'query-users', 'marvel', '613e357d-3ac8-4de5-8c84-5d9af8d475d3', NULL);
INSERT INTO `KEYCLOAK_ROLE` (`ID`, `CLIENT_REALM_CONSTRAINT`, `CLIENT_ROLE`, `DESCRIPTION`, `NAME`, `REALM_ID`, `CLIENT`, `REALM`) VALUES('9e43a538-9f45-4367-b6b0-34f3c4b7573d', '6d7ed351-badd-40e3-833f-aa5d041d3fe3', b'1', '${role_view-users}', 'view-users', 'galaxy', '6d7ed351-badd-40e3-833f-aa5d041d3fe3', NULL);
INSERT INTO `KEYCLOAK_ROLE` (`ID`, `CLIENT_REALM_CONSTRAINT`, `CLIENT_ROLE`, `DESCRIPTION`, `NAME`, `REALM_ID`, `CLIENT`, `REALM`) VALUES('a0b36c62-a350-44f7-b76c-f9afe33e4133', '613e357d-3ac8-4de5-8c84-5d9af8d475d3', b'1', '${role_create-client}', 'create-client', 'marvel', '613e357d-3ac8-4de5-8c84-5d9af8d475d3', NULL);
INSERT INTO `KEYCLOAK_ROLE` (`ID`, `CLIENT_REALM_CONSTRAINT`, `CLIENT_ROLE`, `DESCRIPTION`, `NAME`, `REALM_ID`, `CLIENT`, `REALM`) VALUES('a5fbb35e-603d-43f5-a7d0-ff8a9dd8e328', 'f1f6538d-9e40-48b7-b6d6-0bf28778a482', b'1', '${role_view-authorization}', 'view-authorization', 'master', 'f1f6538d-9e40-48b7-b6d6-0bf28778a482', NULL);
INSERT INTO `KEYCLOAK_ROLE` (`ID`, `CLIENT_REALM_CONSTRAINT`, `CLIENT_ROLE`, `DESCRIPTION`, `NAME`, `REALM_ID`, `CLIENT`, `REALM`) VALUES('a78f4c1a-4876-4bf1-b328-5c24aebacbbf', '1431f78b-7304-4502-ab74-ad58e9e7f851', b'1', '${role_view-applications}', 'view-applications', 'master', '1431f78b-7304-4502-ab74-ad58e9e7f851', NULL);
INSERT INTO `KEYCLOAK_ROLE` (`ID`, `CLIENT_REALM_CONSTRAINT`, `CLIENT_ROLE`, `DESCRIPTION`, `NAME`, `REALM_ID`, `CLIENT`, `REALM`) VALUES('a88520c9-f857-46b8-aa2f-544394974ef1', '2a6550f4-4bc1-4d18-bda9-019c9ac2479b', b'1', '${role_view-clients}', 'view-clients', 'master', '2a6550f4-4bc1-4d18-bda9-019c9ac2479b', NULL);
INSERT INTO `KEYCLOAK_ROLE` (`ID`, `CLIENT_REALM_CONSTRAINT`, `CLIENT_ROLE`, `DESCRIPTION`, `NAME`, `REALM_ID`, `CLIENT`, `REALM`) VALUES('a8d89b97-e92f-4387-bdfa-e98d35f45f0a', '2a6550f4-4bc1-4d18-bda9-019c9ac2479b', b'1', '${role_manage-events}', 'manage-events', 'master', '2a6550f4-4bc1-4d18-bda9-019c9ac2479b', NULL);
INSERT INTO `KEYCLOAK_ROLE` (`ID`, `CLIENT_REALM_CONSTRAINT`, `CLIENT_ROLE`, `DESCRIPTION`, `NAME`, `REALM_ID`, `CLIENT`, `REALM`) VALUES('a939292a-8f62-4681-b045-fa01e2d205f6', 'shire', b'0', '${role_uma_authorization}', 'uma_authorization', 'shire', NULL, NULL);
INSERT INTO `KEYCLOAK_ROLE` (`ID`, `CLIENT_REALM_CONSTRAINT`, `CLIENT_ROLE`, `DESCRIPTION`, `NAME`, `REALM_ID`, `CLIENT`, `REALM`) VALUES('ab5a14b6-bfe3-4dfa-9523-5ebc1077d0b2', '955173f2-d038-41eb-ba27-436ae182a2da', b'1', '${role_manage-realm}', 'manage-realm', 'shire', '955173f2-d038-41eb-ba27-436ae182a2da', NULL);
INSERT INTO `KEYCLOAK_ROLE` (`ID`, `CLIENT_REALM_CONSTRAINT`, `CLIENT_ROLE`, `DESCRIPTION`, `NAME`, `REALM_ID`, `CLIENT`, `REALM`) VALUES('b1c300e3-3fcc-4ce7-a4c1-1377c8b8ac91', 'f1f6538d-9e40-48b7-b6d6-0bf28778a482', b'1', '${role_manage-clients}', 'manage-clients', 'master', 'f1f6538d-9e40-48b7-b6d6-0bf28778a482', NULL);
INSERT INTO `KEYCLOAK_ROLE` (`ID`, `CLIENT_REALM_CONSTRAINT`, `CLIENT_ROLE`, `DESCRIPTION`, `NAME`, `REALM_ID`, `CLIENT`, `REALM`) VALUES('b2180960-9c90-4d8c-98a6-ebb77ca89c52', '613e357d-3ac8-4de5-8c84-5d9af8d475d3', b'1', '${role_view-users}', 'view-users', 'marvel', '613e357d-3ac8-4de5-8c84-5d9af8d475d3', NULL);
INSERT INTO `KEYCLOAK_ROLE` (`ID`, `CLIENT_REALM_CONSTRAINT`, `CLIENT_ROLE`, `DESCRIPTION`, `NAME`, `REALM_ID`, `CLIENT`, `REALM`) VALUES('b4bddc18-8f63-44b9-9ad0-c541f8dbf811', '53d12d05-2b37-4194-9008-277e7f7607c1', b'1', '${role_view-users}', 'view-users', 'master', '53d12d05-2b37-4194-9008-277e7f7607c1', NULL);
INSERT INTO `KEYCLOAK_ROLE` (`ID`, `CLIENT_REALM_CONSTRAINT`, `CLIENT_ROLE`, `DESCRIPTION`, `NAME`, `REALM_ID`, `CLIENT`, `REALM`) VALUES('b5b841b7-8411-466f-8f50-238934b2dfe7', '955173f2-d038-41eb-ba27-436ae182a2da', b'1', '${role_manage-identity-providers}', 'manage-identity-providers', 'shire', '955173f2-d038-41eb-ba27-436ae182a2da', NULL);
INSERT INTO `KEYCLOAK_ROLE` (`ID`, `CLIENT_REALM_CONSTRAINT`, `CLIENT_ROLE`, `DESCRIPTION`, `NAME`, `REALM_ID`, `CLIENT`, `REALM`) VALUES('bb4487af-b734-4552-8c39-888521ad4cfa', '6d7ed351-badd-40e3-833f-aa5d041d3fe3', b'1', '${role_create-client}', 'create-client', 'galaxy', '6d7ed351-badd-40e3-833f-aa5d041d3fe3', NULL);
INSERT INTO `KEYCLOAK_ROLE` (`ID`, `CLIENT_REALM_CONSTRAINT`, `CLIENT_ROLE`, `DESCRIPTION`, `NAME`, `REALM_ID`, `CLIENT`, `REALM`) VALUES('bba2eb5b-adfa-4e7d-adf8-98633dca9eb8', '53d12d05-2b37-4194-9008-277e7f7607c1', b'1', '${role_query-groups}', 'query-groups', 'master', '53d12d05-2b37-4194-9008-277e7f7607c1', NULL);
INSERT INTO `KEYCLOAK_ROLE` (`ID`, `CLIENT_REALM_CONSTRAINT`, `CLIENT_ROLE`, `DESCRIPTION`, `NAME`, `REALM_ID`, `CLIENT`, `REALM`) VALUES('bd031f10-8e6d-43e9-b98f-7b83589f0265', '955173f2-d038-41eb-ba27-436ae182a2da', b'1', '${role_manage-events}', 'manage-events', 'shire', '955173f2-d038-41eb-ba27-436ae182a2da', NULL);
INSERT INTO `KEYCLOAK_ROLE` (`ID`, `CLIENT_REALM_CONSTRAINT`, `CLIENT_ROLE`, `DESCRIPTION`, `NAME`, `REALM_ID`, `CLIENT`, `REALM`) VALUES('bf5d2321-bbb1-48b5-b8ae-bb184cd7254a', '6d7ed351-badd-40e3-833f-aa5d041d3fe3', b'1', '${role_view-authorization}', 'view-authorization', 'galaxy', '6d7ed351-badd-40e3-833f-aa5d041d3fe3', NULL);
INSERT INTO `KEYCLOAK_ROLE` (`ID`, `CLIENT_REALM_CONSTRAINT`, `CLIENT_ROLE`, `DESCRIPTION`, `NAME`, `REALM_ID`, `CLIENT`, `REALM`) VALUES('bf769a51-dc46-4419-bcfe-f51a537899dd', '53d12d05-2b37-4194-9008-277e7f7607c1', b'1', '${role_manage-realm}', 'manage-realm', 'master', '53d12d05-2b37-4194-9008-277e7f7607c1', NULL);
INSERT INTO `KEYCLOAK_ROLE` (`ID`, `CLIENT_REALM_CONSTRAINT`, `CLIENT_ROLE`, `DESCRIPTION`, `NAME`, `REALM_ID`, `CLIENT`, `REALM`) VALUES('c057d4e5-e9f9-48f6-813e-6b3c7f1ffa89', '613e357d-3ac8-4de5-8c84-5d9af8d475d3', b'1', '${role_query-groups}', 'query-groups', 'marvel', '613e357d-3ac8-4de5-8c84-5d9af8d475d3', NULL);
INSERT INTO `KEYCLOAK_ROLE` (`ID`, `CLIENT_REALM_CONSTRAINT`, `CLIENT_ROLE`, `DESCRIPTION`, `NAME`, `REALM_ID`, `CLIENT`, `REALM`) VALUES('c1245641-f3da-4c44-a1f7-e6d15715eb92', '955173f2-d038-41eb-ba27-436ae182a2da', b'1', '${role_query-clients}', 'query-clients', 'shire', '955173f2-d038-41eb-ba27-436ae182a2da', NULL);
INSERT INTO `KEYCLOAK_ROLE` (`ID`, `CLIENT_REALM_CONSTRAINT`, `CLIENT_ROLE`, `DESCRIPTION`, `NAME`, `REALM_ID`, `CLIENT`, `REALM`) VALUES('c16fb732-961c-4df9-bce7-1203dc7f48f6', '2a6550f4-4bc1-4d18-bda9-019c9ac2479b', b'1', '${role_create-client}', 'create-client', 'master', '2a6550f4-4bc1-4d18-bda9-019c9ac2479b', NULL);
INSERT INTO `KEYCLOAK_ROLE` (`ID`, `CLIENT_REALM_CONSTRAINT`, `CLIENT_ROLE`, `DESCRIPTION`, `NAME`, `REALM_ID`, `CLIENT`, `REALM`) VALUES('c3e43902-13cd-4cda-92ba-24c5879790a4', 'f1f6538d-9e40-48b7-b6d6-0bf28778a482', b'1', '${role_view-identity-providers}', 'view-identity-providers', 'master', 'f1f6538d-9e40-48b7-b6d6-0bf28778a482', NULL);
INSERT INTO `KEYCLOAK_ROLE` (`ID`, `CLIENT_REALM_CONSTRAINT`, `CLIENT_ROLE`, `DESCRIPTION`, `NAME`, `REALM_ID`, `CLIENT`, `REALM`) VALUES('c4616eff-7a00-40d3-a192-26e0c823420e', '6d7ed351-badd-40e3-833f-aa5d041d3fe3', b'1', '${role_view-clients}', 'view-clients', 'galaxy', '6d7ed351-badd-40e3-833f-aa5d041d3fe3', NULL);
INSERT INTO `KEYCLOAK_ROLE` (`ID`, `CLIENT_REALM_CONSTRAINT`, `CLIENT_ROLE`, `DESCRIPTION`, `NAME`, `REALM_ID`, `CLIENT`, `REALM`) VALUES('c4f5a5c9-0ac7-42ce-87b4-7e1e393ead12', '2a6550f4-4bc1-4d18-bda9-019c9ac2479b', b'1', '${role_impersonation}', 'impersonation', 'master', '2a6550f4-4bc1-4d18-bda9-019c9ac2479b', NULL);
INSERT INTO `KEYCLOAK_ROLE` (`ID`, `CLIENT_REALM_CONSTRAINT`, `CLIENT_ROLE`, `DESCRIPTION`, `NAME`, `REALM_ID`, `CLIENT`, `REALM`) VALUES('c5527676-75fb-4908-97d6-09b1a994970a', 'a17811e5-8ed8-4152-972c-8148cbc40894', b'1', '${role_manage-consent}', 'manage-consent', 'galaxy', 'a17811e5-8ed8-4152-972c-8148cbc40894', NULL);
INSERT INTO `KEYCLOAK_ROLE` (`ID`, `CLIENT_REALM_CONSTRAINT`, `CLIENT_ROLE`, `DESCRIPTION`, `NAME`, `REALM_ID`, `CLIENT`, `REALM`) VALUES('c584e1f4-2486-4f07-bba3-ec381ef2bb9f', 'b6e3d4d5-d802-439f-9be9-760232c3ec6a', b'1', '${role_manage-consent}', 'manage-consent', 'marvel', 'b6e3d4d5-d802-439f-9be9-760232c3ec6a', NULL);
INSERT INTO `KEYCLOAK_ROLE` (`ID`, `CLIENT_REALM_CONSTRAINT`, `CLIENT_ROLE`, `DESCRIPTION`, `NAME`, `REALM_ID`, `CLIENT`, `REALM`) VALUES('c5bb66e4-839e-4a01-a05d-37dcf6e22ebe', '6d7ed351-badd-40e3-833f-aa5d041d3fe3', b'1', '${role_manage-clients}', 'manage-clients', 'galaxy', '6d7ed351-badd-40e3-833f-aa5d041d3fe3', NULL);
INSERT INTO `KEYCLOAK_ROLE` (`ID`, `CLIENT_REALM_CONSTRAINT`, `CLIENT_ROLE`, `DESCRIPTION`, `NAME`, `REALM_ID`, `CLIENT`, `REALM`) VALUES('c63d801a-1516-4709-a641-b31130588a79', 'master', b'0', '${role_offline-access}', 'offline_access', 'master', NULL, NULL);
INSERT INTO `KEYCLOAK_ROLE` (`ID`, `CLIENT_REALM_CONSTRAINT`, `CLIENT_ROLE`, `DESCRIPTION`, `NAME`, `REALM_ID`, `CLIENT`, `REALM`) VALUES('c75775a9-0023-4047-b893-85c0f7b5350e', '2a6550f4-4bc1-4d18-bda9-019c9ac2479b', b'1', '${role_manage-clients}', 'manage-clients', 'master', '2a6550f4-4bc1-4d18-bda9-019c9ac2479b', NULL);
INSERT INTO `KEYCLOAK_ROLE` (`ID`, `CLIENT_REALM_CONSTRAINT`, `CLIENT_ROLE`, `DESCRIPTION`, `NAME`, `REALM_ID`, `CLIENT`, `REALM`) VALUES('ca602e3d-e8cd-4a2d-8715-08acbf534369', 'a17811e5-8ed8-4152-972c-8148cbc40894', b'1', '${role_delete-account}', 'delete-account', 'galaxy', 'a17811e5-8ed8-4152-972c-8148cbc40894', NULL);
INSERT INTO `KEYCLOAK_ROLE` (`ID`, `CLIENT_REALM_CONSTRAINT`, `CLIENT_ROLE`, `DESCRIPTION`, `NAME`, `REALM_ID`, `CLIENT`, `REALM`) VALUES('ca752ae9-21ea-406d-9f75-a7385cf50e83', '5ba321eb-19dc-4fb5-acee-127e931e3686', b'1', '${role_manage-consent}', 'manage-consent', 'shire', '5ba321eb-19dc-4fb5-acee-127e931e3686', NULL);
INSERT INTO `KEYCLOAK_ROLE` (`ID`, `CLIENT_REALM_CONSTRAINT`, `CLIENT_ROLE`, `DESCRIPTION`, `NAME`, `REALM_ID`, `CLIENT`, `REALM`) VALUES('ca7cc890-b1d7-41a3-9420-d8e46274a365', '5ba321eb-19dc-4fb5-acee-127e931e3686', b'1', '${role_view-profile}', 'view-profile', 'shire', '5ba321eb-19dc-4fb5-acee-127e931e3686', NULL);
INSERT INTO `KEYCLOAK_ROLE` (`ID`, `CLIENT_REALM_CONSTRAINT`, `CLIENT_ROLE`, `DESCRIPTION`, `NAME`, `REALM_ID`, `CLIENT`, `REALM`) VALUES('caa5925d-9f40-4883-afc0-b7f6b6f5af51', '1431f78b-7304-4502-ab74-ad58e9e7f851', b'1', '${role_view-consent}', 'view-consent', 'master', '1431f78b-7304-4502-ab74-ad58e9e7f851', NULL);
INSERT INTO `KEYCLOAK_ROLE` (`ID`, `CLIENT_REALM_CONSTRAINT`, `CLIENT_ROLE`, `DESCRIPTION`, `NAME`, `REALM_ID`, `CLIENT`, `REALM`) VALUES('d2c848cd-85cf-4022-93a6-adc0f22d3e3f', '955173f2-d038-41eb-ba27-436ae182a2da', b'1', '${role_query-realms}', 'query-realms', 'shire', '955173f2-d038-41eb-ba27-436ae182a2da', NULL);
INSERT INTO `KEYCLOAK_ROLE` (`ID`, `CLIENT_REALM_CONSTRAINT`, `CLIENT_ROLE`, `DESCRIPTION`, `NAME`, `REALM_ID`, `CLIENT`, `REALM`) VALUES('d3c2edca-7a74-4e5d-a960-e2cc1f870273', '2a6550f4-4bc1-4d18-bda9-019c9ac2479b', b'1', '${role_manage-users}', 'manage-users', 'master', '2a6550f4-4bc1-4d18-bda9-019c9ac2479b', NULL);
INSERT INTO `KEYCLOAK_ROLE` (`ID`, `CLIENT_REALM_CONSTRAINT`, `CLIENT_ROLE`, `DESCRIPTION`, `NAME`, `REALM_ID`, `CLIENT`, `REALM`) VALUES('d41f1013-c58f-4ca2-8eb0-4a5e59537c3a', 'ca4f5265-533f-4970-a7ef-3901071eb658', b'1', '${role_view-events}', 'view-events', 'master', 'ca4f5265-533f-4970-a7ef-3901071eb658', NULL);
INSERT INTO `KEYCLOAK_ROLE` (`ID`, `CLIENT_REALM_CONSTRAINT`, `CLIENT_ROLE`, `DESCRIPTION`, `NAME`, `REALM_ID`, `CLIENT`, `REALM`) VALUES('d43934a6-d505-4ae5-bc1e-419c422b1e41', '613e357d-3ac8-4de5-8c84-5d9af8d475d3', b'1', '${role_view-identity-providers}', 'view-identity-providers', 'marvel', '613e357d-3ac8-4de5-8c84-5d9af8d475d3', NULL);
INSERT INTO `KEYCLOAK_ROLE` (`ID`, `CLIENT_REALM_CONSTRAINT`, `CLIENT_ROLE`, `DESCRIPTION`, `NAME`, `REALM_ID`, `CLIENT`, `REALM`) VALUES('d4552629-df4b-48e2-8723-b81b896681aa', '53d12d05-2b37-4194-9008-277e7f7607c1', b'1', '${role_query-clients}', 'query-clients', 'master', '53d12d05-2b37-4194-9008-277e7f7607c1', NULL);
INSERT INTO `KEYCLOAK_ROLE` (`ID`, `CLIENT_REALM_CONSTRAINT`, `CLIENT_ROLE`, `DESCRIPTION`, `NAME`, `REALM_ID`, `CLIENT`, `REALM`) VALUES('d6a477b4-0366-4577-ad8f-9a05dbe846c6', 'shire', b'0', '${role_offline-access}', 'offline_access', 'shire', NULL, NULL);
INSERT INTO `KEYCLOAK_ROLE` (`ID`, `CLIENT_REALM_CONSTRAINT`, `CLIENT_ROLE`, `DESCRIPTION`, `NAME`, `REALM_ID`, `CLIENT`, `REALM`) VALUES('de884376-c2c5-4640-bbe0-391a24194446', 'ca4f5265-533f-4970-a7ef-3901071eb658', b'1', '${role_view-identity-providers}', 'view-identity-providers', 'master', 'ca4f5265-533f-4970-a7ef-3901071eb658', NULL);
INSERT INTO `KEYCLOAK_ROLE` (`ID`, `CLIENT_REALM_CONSTRAINT`, `CLIENT_ROLE`, `DESCRIPTION`, `NAME`, `REALM_ID`, `CLIENT`, `REALM`) VALUES('dfc20d3b-eac6-477c-93cd-2289b65b2a9c', 'a17811e5-8ed8-4152-972c-8148cbc40894', b'1', '${role_view-profile}', 'view-profile', 'galaxy', 'a17811e5-8ed8-4152-972c-8148cbc40894', NULL);
INSERT INTO `KEYCLOAK_ROLE` (`ID`, `CLIENT_REALM_CONSTRAINT`, `CLIENT_ROLE`, `DESCRIPTION`, `NAME`, `REALM_ID`, `CLIENT`, `REALM`) VALUES('e25bcfd6-e303-4277-a183-54aa48d2d63f', '53d12d05-2b37-4194-9008-277e7f7607c1', b'1', '${role_manage-users}', 'manage-users', 'master', '53d12d05-2b37-4194-9008-277e7f7607c1', NULL);
INSERT INTO `KEYCLOAK_ROLE` (`ID`, `CLIENT_REALM_CONSTRAINT`, `CLIENT_ROLE`, `DESCRIPTION`, `NAME`, `REALM_ID`, `CLIENT`, `REALM`) VALUES('e3ec6188-edb0-4ee0-900a-db8d73935a21', 'a17811e5-8ed8-4152-972c-8148cbc40894', b'1', '${role_manage-account}', 'manage-account', 'galaxy', 'a17811e5-8ed8-4152-972c-8148cbc40894', NULL);
INSERT INTO `KEYCLOAK_ROLE` (`ID`, `CLIENT_REALM_CONSTRAINT`, `CLIENT_ROLE`, `DESCRIPTION`, `NAME`, `REALM_ID`, `CLIENT`, `REALM`) VALUES('e4306de0-ba6d-4a12-99c1-6da6f1033c12', '6d7ed351-badd-40e3-833f-aa5d041d3fe3', b'1', '${role_manage-events}', 'manage-events', 'galaxy', '6d7ed351-badd-40e3-833f-aa5d041d3fe3', NULL);
INSERT INTO `KEYCLOAK_ROLE` (`ID`, `CLIENT_REALM_CONSTRAINT`, `CLIENT_ROLE`, `DESCRIPTION`, `NAME`, `REALM_ID`, `CLIENT`, `REALM`) VALUES('e60b14eb-cfe1-4c8e-9385-516fad39331c', 'b6e3d4d5-d802-439f-9be9-760232c3ec6a', b'1', '${role_manage-account-links}', 'manage-account-links', 'marvel', 'b6e3d4d5-d802-439f-9be9-760232c3ec6a', NULL);
INSERT INTO `KEYCLOAK_ROLE` (`ID`, `CLIENT_REALM_CONSTRAINT`, `CLIENT_ROLE`, `DESCRIPTION`, `NAME`, `REALM_ID`, `CLIENT`, `REALM`) VALUES('e72e0821-d546-4b6b-82c9-68b1e2060605', '6d7ed351-badd-40e3-833f-aa5d041d3fe3', b'1', '${role_view-events}', 'view-events', 'galaxy', '6d7ed351-badd-40e3-833f-aa5d041d3fe3', NULL);
INSERT INTO `KEYCLOAK_ROLE` (`ID`, `CLIENT_REALM_CONSTRAINT`, `CLIENT_ROLE`, `DESCRIPTION`, `NAME`, `REALM_ID`, `CLIENT`, `REALM`) VALUES('e80ce634-e325-425a-873d-2e517967ac84', '955173f2-d038-41eb-ba27-436ae182a2da', b'1', '${role_create-client}', 'create-client', 'shire', '955173f2-d038-41eb-ba27-436ae182a2da', NULL);
INSERT INTO `KEYCLOAK_ROLE` (`ID`, `CLIENT_REALM_CONSTRAINT`, `CLIENT_ROLE`, `DESCRIPTION`, `NAME`, `REALM_ID`, `CLIENT`, `REALM`) VALUES('ebcbab4c-c4d3-4293-9635-5c8ea64d84f6', '955173f2-d038-41eb-ba27-436ae182a2da', b'1', '${role_query-users}', 'query-users', 'shire', '955173f2-d038-41eb-ba27-436ae182a2da', NULL);
INSERT INTO `KEYCLOAK_ROLE` (`ID`, `CLIENT_REALM_CONSTRAINT`, `CLIENT_ROLE`, `DESCRIPTION`, `NAME`, `REALM_ID`, `CLIENT`, `REALM`) VALUES('efe0607d-82c9-4af8-833d-98345dcc0ccf', '955173f2-d038-41eb-ba27-436ae182a2da', b'1', '${role_manage-authorization}', 'manage-authorization', 'shire', '955173f2-d038-41eb-ba27-436ae182a2da', NULL);
INSERT INTO `KEYCLOAK_ROLE` (`ID`, `CLIENT_REALM_CONSTRAINT`, `CLIENT_ROLE`, `DESCRIPTION`, `NAME`, `REALM_ID`, `CLIENT`, `REALM`) VALUES('f3001633-b50f-44dd-9732-465802df0397', '2a6550f4-4bc1-4d18-bda9-019c9ac2479b', b'1', '${role_view-identity-providers}', 'view-identity-providers', 'master', '2a6550f4-4bc1-4d18-bda9-019c9ac2479b', NULL);
INSERT INTO `KEYCLOAK_ROLE` (`ID`, `CLIENT_REALM_CONSTRAINT`, `CLIENT_ROLE`, `DESCRIPTION`, `NAME`, `REALM_ID`, `CLIENT`, `REALM`) VALUES('f4342d7a-d38a-4f3f-bbc3-dbe58bda3bca', '2a6550f4-4bc1-4d18-bda9-019c9ac2479b', b'1', '${role_query-groups}', 'query-groups', 'master', '2a6550f4-4bc1-4d18-bda9-019c9ac2479b', NULL);
INSERT INTO `KEYCLOAK_ROLE` (`ID`, `CLIENT_REALM_CONSTRAINT`, `CLIENT_ROLE`, `DESCRIPTION`, `NAME`, `REALM_ID`, `CLIENT`, `REALM`) VALUES('f55b732b-86fd-4e08-89e1-a5fd6a4f85a5', '53d12d05-2b37-4194-9008-277e7f7607c1', b'1', '${role_impersonation}', 'impersonation', 'master', '53d12d05-2b37-4194-9008-277e7f7607c1', NULL);
INSERT INTO `KEYCLOAK_ROLE` (`ID`, `CLIENT_REALM_CONSTRAINT`, `CLIENT_ROLE`, `DESCRIPTION`, `NAME`, `REALM_ID`, `CLIENT`, `REALM`) VALUES('f5bb349d-4b3c-4e04-a1f0-b3a75edae90b', '955173f2-d038-41eb-ba27-436ae182a2da', b'1', '${role_realm-admin}', 'realm-admin', 'shire', '955173f2-d038-41eb-ba27-436ae182a2da', NULL);
INSERT INTO `KEYCLOAK_ROLE` (`ID`, `CLIENT_REALM_CONSTRAINT`, `CLIENT_ROLE`, `DESCRIPTION`, `NAME`, `REALM_ID`, `CLIENT`, `REALM`) VALUES('f5dc6c83-3243-4aef-8ba2-500275ab9f64', '5ba321eb-19dc-4fb5-acee-127e931e3686', b'1', '${role_manage-account-links}', 'manage-account-links', 'shire', '5ba321eb-19dc-4fb5-acee-127e931e3686', NULL);
INSERT INTO `KEYCLOAK_ROLE` (`ID`, `CLIENT_REALM_CONSTRAINT`, `CLIENT_ROLE`, `DESCRIPTION`, `NAME`, `REALM_ID`, `CLIENT`, `REALM`) VALUES('f82b8f3d-0e3f-4413-b987-74ca2f7be92f', '2a6550f4-4bc1-4d18-bda9-019c9ac2479b', b'1', '${role_view-events}', 'view-events', 'master', '2a6550f4-4bc1-4d18-bda9-019c9ac2479b', NULL);
INSERT INTO `KEYCLOAK_ROLE` (`ID`, `CLIENT_REALM_CONSTRAINT`, `CLIENT_ROLE`, `DESCRIPTION`, `NAME`, `REALM_ID`, `CLIENT`, `REALM`) VALUES('f8c12718-02f4-43ce-97b5-56845108f5f2', 'ca4f5265-533f-4970-a7ef-3901071eb658', b'1', '${role_manage-identity-providers}', 'manage-identity-providers', 'master', 'ca4f5265-533f-4970-a7ef-3901071eb658', NULL);
INSERT INTO `KEYCLOAK_ROLE` (`ID`, `CLIENT_REALM_CONSTRAINT`, `CLIENT_ROLE`, `DESCRIPTION`, `NAME`, `REALM_ID`, `CLIENT`, `REALM`) VALUES('f982391d-bd66-4741-89c0-78e14a2a8e77', '613e357d-3ac8-4de5-8c84-5d9af8d475d3', b'1', '${role_manage-identity-providers}', 'manage-identity-providers', 'marvel', '613e357d-3ac8-4de5-8c84-5d9af8d475d3', NULL);
INSERT INTO `KEYCLOAK_ROLE` (`ID`, `CLIENT_REALM_CONSTRAINT`, `CLIENT_ROLE`, `DESCRIPTION`, `NAME`, `REALM_ID`, `CLIENT`, `REALM`) VALUES('f9b4650e-8f2f-4fbe-a8a5-19587913c115', 'b6e3d4d5-d802-439f-9be9-760232c3ec6a', b'1', '${role_view-consent}', 'view-consent', 'marvel', 'b6e3d4d5-d802-439f-9be9-760232c3ec6a', NULL);
INSERT INTO `KEYCLOAK_ROLE` (`ID`, `CLIENT_REALM_CONSTRAINT`, `CLIENT_ROLE`, `DESCRIPTION`, `NAME`, `REALM_ID`, `CLIENT`, `REALM`) VALUES('fa514b4c-6458-4bef-95c7-0dd0cd4860de', '955173f2-d038-41eb-ba27-436ae182a2da', b'1', '${role_manage-clients}', 'manage-clients', 'shire', '955173f2-d038-41eb-ba27-436ae182a2da', NULL);
INSERT INTO `KEYCLOAK_ROLE` (`ID`, `CLIENT_REALM_CONSTRAINT`, `CLIENT_ROLE`, `DESCRIPTION`, `NAME`, `REALM_ID`, `CLIENT`, `REALM`) VALUES('fd9d7d54-b8cb-4a56-a1e3-4d0c383be67c', '613e357d-3ac8-4de5-8c84-5d9af8d475d3', b'1', '${role_manage-events}', 'manage-events', 'marvel', '613e357d-3ac8-4de5-8c84-5d9af8d475d3', NULL);
INSERT INTO `KEYCLOAK_ROLE` (`ID`, `CLIENT_REALM_CONSTRAINT`, `CLIENT_ROLE`, `DESCRIPTION`, `NAME`, `REALM_ID`, `CLIENT`, `REALM`) VALUES('fdf3d36c-22bd-4fce-b732-fe53e38daed8', '613e357d-3ac8-4de5-8c84-5d9af8d475d3', b'1', '${role_manage-authorization}', 'manage-authorization', 'marvel', '613e357d-3ac8-4de5-8c84-5d9af8d475d3', NULL);

DROP TABLE IF EXISTS `MIGRATION_MODEL`;
CREATE TABLE `MIGRATION_MODEL` (
  `ID` varchar(36) NOT NULL,
  `VERSION` varchar(36) DEFAULT NULL,
  `UPDATE_TIME` bigint(20) NOT NULL DEFAULT 0
) ENGINE=InnoDB DEFAULT CHARSET=utf8;

INSERT INTO `MIGRATION_MODEL` (`ID`, `VERSION`, `UPDATE_TIME`) VALUES('7wqqf', '15.0.2', 1631263471);

DROP TABLE IF EXISTS `OFFLINE_CLIENT_SESSION`;
CREATE TABLE `OFFLINE_CLIENT_SESSION` (
  `USER_SESSION_ID` varchar(36) NOT NULL,
  `CLIENT_ID` varchar(255) NOT NULL,
  `OFFLINE_FLAG` varchar(4) NOT NULL,
  `TIMESTAMP` int(11) DEFAULT NULL,
  `DATA` longtext DEFAULT NULL,
  `CLIENT_STORAGE_PROVIDER` varchar(36) NOT NULL DEFAULT 'local',
  `EXTERNAL_CLIENT_ID` varchar(255) NOT NULL DEFAULT 'local'
) ENGINE=InnoDB DEFAULT CHARSET=utf8;

DROP TABLE IF EXISTS `OFFLINE_USER_SESSION`;
CREATE TABLE `OFFLINE_USER_SESSION` (
  `USER_SESSION_ID` varchar(36) NOT NULL,
  `USER_ID` varchar(255) DEFAULT NULL,
  `REALM_ID` varchar(36) NOT NULL,
  `CREATED_ON` int(11) NOT NULL,
  `OFFLINE_FLAG` varchar(4) NOT NULL,
  `DATA` longtext DEFAULT NULL,
  `LAST_SESSION_REFRESH` int(11) NOT NULL DEFAULT 0
) ENGINE=InnoDB DEFAULT CHARSET=utf8;

DROP TABLE IF EXISTS `POLICY_CONFIG`;
CREATE TABLE `POLICY_CONFIG` (
  `POLICY_ID` varchar(36) NOT NULL,
  `NAME` varchar(255) NOT NULL,
  `VALUE` longtext DEFAULT NULL
) ENGINE=InnoDB DEFAULT CHARSET=utf8;

DROP TABLE IF EXISTS `PROTOCOL_MAPPER`;
CREATE TABLE `PROTOCOL_MAPPER` (
  `ID` varchar(36) NOT NULL,
  `NAME` varchar(255) NOT NULL,
  `PROTOCOL` varchar(255) NOT NULL,
  `PROTOCOL_MAPPER_NAME` varchar(255) NOT NULL,
  `CLIENT_ID` varchar(36) DEFAULT NULL,
  `CLIENT_SCOPE_ID` varchar(36) DEFAULT NULL
) ENGINE=InnoDB DEFAULT CHARSET=utf8;

INSERT INTO `PROTOCOL_MAPPER` (`ID`, `NAME`, `PROTOCOL`, `PROTOCOL_MAPPER_NAME`, `CLIENT_ID`, `CLIENT_SCOPE_ID`) VALUES('0237f5d3-c0bc-4c45-ac1c-79d8ce021d88', 'email', 'openid-connect', 'oidc-usermodel-property-mapper', NULL, '8a529876-ae0c-4e6f-a541-1f5d69b8401c');
INSERT INTO `PROTOCOL_MAPPER` (`ID`, `NAME`, `PROTOCOL`, `PROTOCOL_MAPPER_NAME`, `CLIENT_ID`, `CLIENT_SCOPE_ID`) VALUES('026d6daa-fd7f-4ef6-a5ed-383dd6a99b2e', 'birthdate', 'openid-connect', 'oidc-usermodel-attribute-mapper', NULL, '328cfa31-ff02-4b0c-bff1-8d7e9c916a98');
INSERT INTO `PROTOCOL_MAPPER` (`ID`, `NAME`, `PROTOCOL`, `PROTOCOL_MAPPER_NAME`, `CLIENT_ID`, `CLIENT_SCOPE_ID`) VALUES('0928d1c8-2863-4844-bc32-17559055adef', 'email verified', 'openid-connect', 'oidc-usermodel-property-mapper', NULL, '3d863fdf-b7bb-45fc-be7a-07b27512b53d');
INSERT INTO `PROTOCOL_MAPPER` (`ID`, `NAME`, `PROTOCOL`, `PROTOCOL_MAPPER_NAME`, `CLIENT_ID`, `CLIENT_SCOPE_ID`) VALUES('0b1c47c4-888a-49cb-8a8a-187e5dfc6472', 'groups', 'openid-connect', 'oidc-usermodel-realm-role-mapper', NULL, '2c522681-4b24-4bbf-a5cb-1f575a012903');
INSERT INTO `PROTOCOL_MAPPER` (`ID`, `NAME`, `PROTOCOL`, `PROTOCOL_MAPPER_NAME`, `CLIENT_ID`, `CLIENT_SCOPE_ID`) VALUES('0c5285c9-1454-4818-a13f-7aab1bad07d8', 'full name', 'openid-connect', 'oidc-full-name-mapper', NULL, '328cfa31-ff02-4b0c-bff1-8d7e9c916a98');
INSERT INTO `PROTOCOL_MAPPER` (`ID`, `NAME`, `PROTOCOL`, `PROTOCOL_MAPPER_NAME`, `CLIENT_ID`, `CLIENT_SCOPE_ID`) VALUES('0f823fcb-a50e-4eaa-bd67-5b1d6df5dead', 'audience resolve', 'openid-connect', 'oidc-audience-resolve-mapper', NULL, '8eb63c81-e51a-4a4f-8322-ceabb67485a7');
INSERT INTO `PROTOCOL_MAPPER` (`ID`, `NAME`, `PROTOCOL`, `PROTOCOL_MAPPER_NAME`, `CLIENT_ID`, `CLIENT_SCOPE_ID`) VALUES('1248759f-8192-4a18-9f74-2d1ea67c7bfd', 'locale', 'openid-connect', 'oidc-usermodel-attribute-mapper', NULL, '328cfa31-ff02-4b0c-bff1-8d7e9c916a98');
INSERT INTO `PROTOCOL_MAPPER` (`ID`, `NAME`, `PROTOCOL`, `PROTOCOL_MAPPER_NAME`, `CLIENT_ID`, `CLIENT_SCOPE_ID`) VALUES('13d6230f-c6ec-4b7a-a515-697541dfc2c2', 'family name', 'openid-connect', 'oidc-usermodel-property-mapper', NULL, '1ea6de3d-d7a1-4312-aeb7-e63860bb9047');
INSERT INTO `PROTOCOL_MAPPER` (`ID`, `NAME`, `PROTOCOL`, `PROTOCOL_MAPPER_NAME`, `CLIENT_ID`, `CLIENT_SCOPE_ID`) VALUES('15b0e376-920e-40d1-9271-6c7a31501602', 'family name', 'openid-connect', 'oidc-usermodel-property-mapper', NULL, 'c846b4db-877d-468f-98b7-059a6a83abca');
INSERT INTO `PROTOCOL_MAPPER` (`ID`, `NAME`, `PROTOCOL`, `PROTOCOL_MAPPER_NAME`, `CLIENT_ID`, `CLIENT_SCOPE_ID`) VALUES('168fa460-3d11-40d3-aea0-3fb212ad4cc5', 'realm roles', 'openid-connect', 'oidc-usermodel-realm-role-mapper', NULL, '8eb63c81-e51a-4a4f-8322-ceabb67485a7');
INSERT INTO `PROTOCOL_MAPPER` (`ID`, `NAME`, `PROTOCOL`, `PROTOCOL_MAPPER_NAME`, `CLIENT_ID`, `CLIENT_SCOPE_ID`) VALUES('16ea4e62-985d-4e1b-b3df-0191177e0af1', 'zoneinfo', 'openid-connect', 'oidc-usermodel-attribute-mapper', NULL, '5f287cae-1e91-4552-8fee-463c80acf42c');
INSERT INTO `PROTOCOL_MAPPER` (`ID`, `NAME`, `PROTOCOL`, `PROTOCOL_MAPPER_NAME`, `CLIENT_ID`, `CLIENT_SCOPE_ID`) VALUES('1a3ea61d-c097-4669-b3b0-ed9d5734b4f5', 'email', 'openid-connect', 'oidc-usermodel-property-mapper', NULL, '3d863fdf-b7bb-45fc-be7a-07b27512b53d');
INSERT INTO `PROTOCOL_MAPPER` (`ID`, `NAME`, `PROTOCOL`, `PROTOCOL_MAPPER_NAME`, `CLIENT_ID`, `CLIENT_SCOPE_ID`) VALUES('2724b987-33c7-4fb3-be9e-22ed60a6945c', 'given name', 'openid-connect', 'oidc-usermodel-property-mapper', NULL, '1ea6de3d-d7a1-4312-aeb7-e63860bb9047');
INSERT INTO `PROTOCOL_MAPPER` (`ID`, `NAME`, `PROTOCOL`, `PROTOCOL_MAPPER_NAME`, `CLIENT_ID`, `CLIENT_SCOPE_ID`) VALUES('29dca48b-a73c-456f-abd3-27287ecc094a', 'full name', 'openid-connect', 'oidc-full-name-mapper', NULL, 'c846b4db-877d-468f-98b7-059a6a83abca');
INSERT INTO `PROTOCOL_MAPPER` (`ID`, `NAME`, `PROTOCOL`, `PROTOCOL_MAPPER_NAME`, `CLIENT_ID`, `CLIENT_SCOPE_ID`) VALUES('2be4149d-4e91-472b-aaa8-afd959e9debc', 'role list', 'saml', 'saml-role-list-mapper', NULL, '416843f0-505c-4baf-82d6-b5987e80d47f');
INSERT INTO `PROTOCOL_MAPPER` (`ID`, `NAME`, `PROTOCOL`, `PROTOCOL_MAPPER_NAME`, `CLIENT_ID`, `CLIENT_SCOPE_ID`) VALUES('2cce261f-c8ec-4ce8-a4bc-2f1ac2d4b5d1', 'birthdate', 'openid-connect', 'oidc-usermodel-attribute-mapper', NULL, 'c846b4db-877d-468f-98b7-059a6a83abca');
INSERT INTO `PROTOCOL_MAPPER` (`ID`, `NAME`, `PROTOCOL`, `PROTOCOL_MAPPER_NAME`, `CLIENT_ID`, `CLIENT_SCOPE_ID`) VALUES('2eb44816-ad2c-43c7-aa83-804db9e50b92', 'gender', 'openid-connect', 'oidc-usermodel-attribute-mapper', NULL, '328cfa31-ff02-4b0c-bff1-8d7e9c916a98');
INSERT INTO `PROTOCOL_MAPPER` (`ID`, `NAME`, `PROTOCOL`, `PROTOCOL_MAPPER_NAME`, `CLIENT_ID`, `CLIENT_SCOPE_ID`) VALUES('2fa21736-7534-4544-b81f-8d4e073e43cc', 'website', 'openid-connect', 'oidc-usermodel-attribute-mapper', NULL, 'c846b4db-877d-468f-98b7-059a6a83abca');
INSERT INTO `PROTOCOL_MAPPER` (`ID`, `NAME`, `PROTOCOL`, `PROTOCOL_MAPPER_NAME`, `CLIENT_ID`, `CLIENT_SCOPE_ID`) VALUES('329a9d55-86e0-43ad-bf5e-efc341119da2', 'allowed web origins', 'openid-connect', 'oidc-allowed-origins-mapper', NULL, '0f99a1ea-b1fa-435a-aaa5-c4f1f6ead0d1');
INSERT INTO `PROTOCOL_MAPPER` (`ID`, `NAME`, `PROTOCOL`, `PROTOCOL_MAPPER_NAME`, `CLIENT_ID`, `CLIENT_SCOPE_ID`) VALUES('334c449b-02ee-4410-98eb-ecc3b09bfa82', 'family name', 'openid-connect', 'oidc-usermodel-property-mapper', NULL, '328cfa31-ff02-4b0c-bff1-8d7e9c916a98');
INSERT INTO `PROTOCOL_MAPPER` (`ID`, `NAME`, `PROTOCOL`, `PROTOCOL_MAPPER_NAME`, `CLIENT_ID`, `CLIENT_SCOPE_ID`) VALUES('345bb716-a875-4d53-80b9-b83826846274', 'allowed web origins', 'openid-connect', 'oidc-allowed-origins-mapper', NULL, 'b8254efa-c132-4bc3-9d6f-8227517845f2');
INSERT INTO `PROTOCOL_MAPPER` (`ID`, `NAME`, `PROTOCOL`, `PROTOCOL_MAPPER_NAME`, `CLIENT_ID`, `CLIENT_SCOPE_ID`) VALUES('3532abec-c178-4298-bb8e-feeebd3946ac', 'locale', 'openid-connect', 'oidc-usermodel-attribute-mapper', '3ce87c07-43f7-4fd1-98dc-98d0bef89416', NULL);
INSERT INTO `PROTOCOL_MAPPER` (`ID`, `NAME`, `PROTOCOL`, `PROTOCOL_MAPPER_NAME`, `CLIENT_ID`, `CLIENT_SCOPE_ID`) VALUES('3757e396-ce0d-4520-aebd-cd45ce13b156', 'full name', 'openid-connect', 'oidc-full-name-mapper', NULL, '1ea6de3d-d7a1-4312-aeb7-e63860bb9047');
INSERT INTO `PROTOCOL_MAPPER` (`ID`, `NAME`, `PROTOCOL`, `PROTOCOL_MAPPER_NAME`, `CLIENT_ID`, `CLIENT_SCOPE_ID`) VALUES('3ba43029-fab0-4cb3-8bf1-2bc0592864f2', 'gender', 'openid-connect', 'oidc-usermodel-attribute-mapper', NULL, 'c846b4db-877d-468f-98b7-059a6a83abca');
INSERT INTO `PROTOCOL_MAPPER` (`ID`, `NAME`, `PROTOCOL`, `PROTOCOL_MAPPER_NAME`, `CLIENT_ID`, `CLIENT_SCOPE_ID`) VALUES('3bdc79c9-42b3-4217-9850-66f151a23fb1', 'groups', 'openid-connect', 'oidc-usermodel-realm-role-mapper', NULL, 'c243d721-0cf1-4755-b530-06f3577f05f9');
INSERT INTO `PROTOCOL_MAPPER` (`ID`, `NAME`, `PROTOCOL`, `PROTOCOL_MAPPER_NAME`, `CLIENT_ID`, `CLIENT_SCOPE_ID`) VALUES('3cca648e-0fcb-4faf-b918-205e53182c72', 'client roles', 'openid-connect', 'oidc-usermodel-client-role-mapper', NULL, '8eb63c81-e51a-4a4f-8322-ceabb67485a7');
INSERT INTO `PROTOCOL_MAPPER` (`ID`, `NAME`, `PROTOCOL`, `PROTOCOL_MAPPER_NAME`, `CLIENT_ID`, `CLIENT_SCOPE_ID`) VALUES('3ceec35b-9aa4-4bcd-b894-acd541933e41', 'role list', 'saml', 'saml-role-list-mapper', NULL, '37152741-48f9-4c11-a38e-c46a5b1caf1d');
INSERT INTO `PROTOCOL_MAPPER` (`ID`, `NAME`, `PROTOCOL`, `PROTOCOL_MAPPER_NAME`, `CLIENT_ID`, `CLIENT_SCOPE_ID`) VALUES('3dd3a41e-e6fb-4fed-a134-7e2410f640ff', 'zoneinfo', 'openid-connect', 'oidc-usermodel-attribute-mapper', NULL, '1ea6de3d-d7a1-4312-aeb7-e63860bb9047');
INSERT INTO `PROTOCOL_MAPPER` (`ID`, `NAME`, `PROTOCOL`, `PROTOCOL_MAPPER_NAME`, `CLIENT_ID`, `CLIENT_SCOPE_ID`) VALUES('407c0232-857d-4eef-9678-bf9f04c9ca68', 'full name', 'openid-connect', 'oidc-full-name-mapper', NULL, '5f287cae-1e91-4552-8fee-463c80acf42c');
INSERT INTO `PROTOCOL_MAPPER` (`ID`, `NAME`, `PROTOCOL`, `PROTOCOL_MAPPER_NAME`, `CLIENT_ID`, `CLIENT_SCOPE_ID`) VALUES('43936122-24d0-4bf9-9f5e-7fda7a685a4e', 'picture', 'openid-connect', 'oidc-usermodel-attribute-mapper', NULL, '1ea6de3d-d7a1-4312-aeb7-e63860bb9047');
INSERT INTO `PROTOCOL_MAPPER` (`ID`, `NAME`, `PROTOCOL`, `PROTOCOL_MAPPER_NAME`, `CLIENT_ID`, `CLIENT_SCOPE_ID`) VALUES('43b024f8-0d1c-4a32-ab51-9ad9eba4471d', 'client roles', 'openid-connect', 'oidc-usermodel-client-role-mapper', NULL, '02aa6c9d-b12e-4afc-9f2b-8ac459fce845');
INSERT INTO `PROTOCOL_MAPPER` (`ID`, `NAME`, `PROTOCOL`, `PROTOCOL_MAPPER_NAME`, `CLIENT_ID`, `CLIENT_SCOPE_ID`) VALUES('44da92f0-5f1f-48c3-9938-6fd95ff4fb7a', 'realm roles', 'openid-connect', 'oidc-usermodel-realm-role-mapper', NULL, '51f1d912-7f39-4cdc-b7a1-08b610508778');
INSERT INTO `PROTOCOL_MAPPER` (`ID`, `NAME`, `PROTOCOL`, `PROTOCOL_MAPPER_NAME`, `CLIENT_ID`, `CLIENT_SCOPE_ID`) VALUES('4548345e-3ec0-44f2-b60b-7f3961315641', 'role list', 'saml', 'saml-role-list-mapper', NULL, 'a98031b6-d077-42df-89e6-95d9f54fec0e');
INSERT INTO `PROTOCOL_MAPPER` (`ID`, `NAME`, `PROTOCOL`, `PROTOCOL_MAPPER_NAME`, `CLIENT_ID`, `CLIENT_SCOPE_ID`) VALUES('46f518eb-558f-4912-b8de-6c419d2b4161', 'profile', 'openid-connect', 'oidc-usermodel-attribute-mapper', NULL, '5f287cae-1e91-4552-8fee-463c80acf42c');
INSERT INTO `PROTOCOL_MAPPER` (`ID`, `NAME`, `PROTOCOL`, `PROTOCOL_MAPPER_NAME`, `CLIENT_ID`, `CLIENT_SCOPE_ID`) VALUES('4c2e14ba-21b5-4950-b9e7-ed8f2fe37482', 'audience resolve', 'openid-connect', 'oidc-audience-resolve-mapper', 'f67208be-79d2-46a2-8dc3-733a546bd1e7', NULL);
INSERT INTO `PROTOCOL_MAPPER` (`ID`, `NAME`, `PROTOCOL`, `PROTOCOL_MAPPER_NAME`, `CLIENT_ID`, `CLIENT_SCOPE_ID`) VALUES('4c7b0cc0-598e-49eb-87f4-e7d3e2d19fe3', 'allowed web origins', 'openid-connect', 'oidc-allowed-origins-mapper', NULL, '2d5f0af5-e6ae-4411-80cb-12b8a18a23cf');
INSERT INTO `PROTOCOL_MAPPER` (`ID`, `NAME`, `PROTOCOL`, `PROTOCOL_MAPPER_NAME`, `CLIENT_ID`, `CLIENT_SCOPE_ID`) VALUES('4f67d678-8409-4c15-a821-6625d4abe79d', 'updated at', 'openid-connect', 'oidc-usermodel-attribute-mapper', NULL, 'c846b4db-877d-468f-98b7-059a6a83abca');
INSERT INTO `PROTOCOL_MAPPER` (`ID`, `NAME`, `PROTOCOL`, `PROTOCOL_MAPPER_NAME`, `CLIENT_ID`, `CLIENT_SCOPE_ID`) VALUES('4f7b60a7-2e47-48d8-b047-085248004540', 'nickname', 'openid-connect', 'oidc-usermodel-attribute-mapper', NULL, '1ea6de3d-d7a1-4312-aeb7-e63860bb9047');
INSERT INTO `PROTOCOL_MAPPER` (`ID`, `NAME`, `PROTOCOL`, `PROTOCOL_MAPPER_NAME`, `CLIENT_ID`, `CLIENT_SCOPE_ID`) VALUES('54cad4f1-95a0-440c-b55c-922249f0e177', 'client roles', 'openid-connect', 'oidc-usermodel-client-role-mapper', NULL, '51f1d912-7f39-4cdc-b7a1-08b610508778');
INSERT INTO `PROTOCOL_MAPPER` (`ID`, `NAME`, `PROTOCOL`, `PROTOCOL_MAPPER_NAME`, `CLIENT_ID`, `CLIENT_SCOPE_ID`) VALUES('5522ff2c-4ccd-4776-b04e-36b18da67379', 'phone number verified', 'openid-connect', 'oidc-usermodel-attribute-mapper', NULL, 'a8a7255e-2a69-40f4-bb89-6913d19d968b');
INSERT INTO `PROTOCOL_MAPPER` (`ID`, `NAME`, `PROTOCOL`, `PROTOCOL_MAPPER_NAME`, `CLIENT_ID`, `CLIENT_SCOPE_ID`) VALUES('5a79ffcf-3b0b-421a-924a-22442bb31ae0', 'updated at', 'openid-connect', 'oidc-usermodel-attribute-mapper', NULL, '5f287cae-1e91-4552-8fee-463c80acf42c');
INSERT INTO `PROTOCOL_MAPPER` (`ID`, `NAME`, `PROTOCOL`, `PROTOCOL_MAPPER_NAME`, `CLIENT_ID`, `CLIENT_SCOPE_ID`) VALUES('5bdb83db-5e32-428d-a7cb-0449007d4c69', 'locale', 'openid-connect', 'oidc-usermodel-attribute-mapper', NULL, 'c846b4db-877d-468f-98b7-059a6a83abca');
INSERT INTO `PROTOCOL_MAPPER` (`ID`, `NAME`, `PROTOCOL`, `PROTOCOL_MAPPER_NAME`, `CLIENT_ID`, `CLIENT_SCOPE_ID`) VALUES('615d85b0-f183-46a7-bcf9-2a823466c299', 'username', 'openid-connect', 'oidc-usermodel-property-mapper', NULL, '1ea6de3d-d7a1-4312-aeb7-e63860bb9047');
INSERT INTO `PROTOCOL_MAPPER` (`ID`, `NAME`, `PROTOCOL`, `PROTOCOL_MAPPER_NAME`, `CLIENT_ID`, `CLIENT_SCOPE_ID`) VALUES('690ec692-5525-4d66-8bde-dcf8260f492d', 'gender', 'openid-connect', 'oidc-usermodel-attribute-mapper', NULL, '1ea6de3d-d7a1-4312-aeb7-e63860bb9047');
INSERT INTO `PROTOCOL_MAPPER` (`ID`, `NAME`, `PROTOCOL`, `PROTOCOL_MAPPER_NAME`, `CLIENT_ID`, `CLIENT_SCOPE_ID`) VALUES('693accc6-a665-4100-8ca9-0ad4af69a3e2', 'address', 'openid-connect', 'oidc-address-mapper', NULL, 'c0ff7e2e-cb9f-455a-ad48-c3a62f70eb3a');
INSERT INTO `PROTOCOL_MAPPER` (`ID`, `NAME`, `PROTOCOL`, `PROTOCOL_MAPPER_NAME`, `CLIENT_ID`, `CLIENT_SCOPE_ID`) VALUES('69c043a8-0069-428d-b91e-bf9d62da22d1', 'audience resolve', 'openid-connect', 'oidc-audience-resolve-mapper', 'b9ba5583-6313-4b30-a6f0-61e137f55a66', NULL);
INSERT INTO `PROTOCOL_MAPPER` (`ID`, `NAME`, `PROTOCOL`, `PROTOCOL_MAPPER_NAME`, `CLIENT_ID`, `CLIENT_SCOPE_ID`) VALUES('6a3d0d97-23d9-47fb-afac-0a9e7857a465', 'audience resolve', 'openid-connect', 'oidc-audience-resolve-mapper', 'b9044e4f-9888-4b65-814c-c7dc91a8fa35', NULL);
INSERT INTO `PROTOCOL_MAPPER` (`ID`, `NAME`, `PROTOCOL`, `PROTOCOL_MAPPER_NAME`, `CLIENT_ID`, `CLIENT_SCOPE_ID`) VALUES('6c50b2e4-4fa8-47c6-b5f6-7f05cbbe76e8', 'upn', 'openid-connect', 'oidc-usermodel-property-mapper', NULL, '2c522681-4b24-4bbf-a5cb-1f575a012903');
INSERT INTO `PROTOCOL_MAPPER` (`ID`, `NAME`, `PROTOCOL`, `PROTOCOL_MAPPER_NAME`, `CLIENT_ID`, `CLIENT_SCOPE_ID`) VALUES('6d6c192d-0112-4bfc-bef7-727299598319', 'middle name', 'openid-connect', 'oidc-usermodel-attribute-mapper', NULL, 'c846b4db-877d-468f-98b7-059a6a83abca');
INSERT INTO `PROTOCOL_MAPPER` (`ID`, `NAME`, `PROTOCOL`, `PROTOCOL_MAPPER_NAME`, `CLIENT_ID`, `CLIENT_SCOPE_ID`) VALUES('6dde06d6-7073-44e8-bd59-65293dc0d7dd', 'website', 'openid-connect', 'oidc-usermodel-attribute-mapper', NULL, '328cfa31-ff02-4b0c-bff1-8d7e9c916a98');
INSERT INTO `PROTOCOL_MAPPER` (`ID`, `NAME`, `PROTOCOL`, `PROTOCOL_MAPPER_NAME`, `CLIENT_ID`, `CLIENT_SCOPE_ID`) VALUES('730a9bf9-7e7d-4b5e-a353-4f95a81bc8e1', 'upn', 'openid-connect', 'oidc-usermodel-property-mapper', NULL, 'ff8b1ee3-737f-4757-b82b-08d333bf34d3');
INSERT INTO `PROTOCOL_MAPPER` (`ID`, `NAME`, `PROTOCOL`, `PROTOCOL_MAPPER_NAME`, `CLIENT_ID`, `CLIENT_SCOPE_ID`) VALUES('74856f43-80c8-447b-a37a-47878d8d8d0e', 'locale', 'openid-connect', 'oidc-usermodel-attribute-mapper', NULL, '5f287cae-1e91-4552-8fee-463c80acf42c');
INSERT INTO `PROTOCOL_MAPPER` (`ID`, `NAME`, `PROTOCOL`, `PROTOCOL_MAPPER_NAME`, `CLIENT_ID`, `CLIENT_SCOPE_ID`) VALUES('79933b92-7b0c-4abe-a2bc-e1c761c97e60', 'profile', 'openid-connect', 'oidc-usermodel-attribute-mapper', NULL, '1ea6de3d-d7a1-4312-aeb7-e63860bb9047');
INSERT INTO `PROTOCOL_MAPPER` (`ID`, `NAME`, `PROTOCOL`, `PROTOCOL_MAPPER_NAME`, `CLIENT_ID`, `CLIENT_SCOPE_ID`) VALUES('7a65fdb0-ed4b-428f-9a12-5a83ab6139aa', 'groups', 'openid-connect', 'oidc-usermodel-realm-role-mapper', NULL, 'ff8b1ee3-737f-4757-b82b-08d333bf34d3');
INSERT INTO `PROTOCOL_MAPPER` (`ID`, `NAME`, `PROTOCOL`, `PROTOCOL_MAPPER_NAME`, `CLIENT_ID`, `CLIENT_SCOPE_ID`) VALUES('80376de8-a1d5-4f66-bf0b-c4947c81d59e', 'email', 'openid-connect', 'oidc-usermodel-property-mapper', NULL, '6f3d6b73-4d9d-4e93-9ccf-b5fa282e5c00');
INSERT INTO `PROTOCOL_MAPPER` (`ID`, `NAME`, `PROTOCOL`, `PROTOCOL_MAPPER_NAME`, `CLIENT_ID`, `CLIENT_SCOPE_ID`) VALUES('812496ab-c4e0-4867-864f-63422c3d4a72', 'middle name', 'openid-connect', 'oidc-usermodel-attribute-mapper', NULL, '328cfa31-ff02-4b0c-bff1-8d7e9c916a98');
INSERT INTO `PROTOCOL_MAPPER` (`ID`, `NAME`, `PROTOCOL`, `PROTOCOL_MAPPER_NAME`, `CLIENT_ID`, `CLIENT_SCOPE_ID`) VALUES('836c3604-dc77-4ebb-affd-1095a3b11846', 'picture', 'openid-connect', 'oidc-usermodel-attribute-mapper', NULL, '5f287cae-1e91-4552-8fee-463c80acf42c');
INSERT INTO `PROTOCOL_MAPPER` (`ID`, `NAME`, `PROTOCOL`, `PROTOCOL_MAPPER_NAME`, `CLIENT_ID`, `CLIENT_SCOPE_ID`) VALUES('86179382-abff-4ee4-8d07-d55617e16305', 'zoneinfo', 'openid-connect', 'oidc-usermodel-attribute-mapper', NULL, 'c846b4db-877d-468f-98b7-059a6a83abca');
INSERT INTO `PROTOCOL_MAPPER` (`ID`, `NAME`, `PROTOCOL`, `PROTOCOL_MAPPER_NAME`, `CLIENT_ID`, `CLIENT_SCOPE_ID`) VALUES('86294ea8-c279-49c1-a976-42457ca49f6c', 'address', 'openid-connect', 'oidc-address-mapper', NULL, '24c83f17-ad46-4548-8078-e3ad7b770280');
INSERT INTO `PROTOCOL_MAPPER` (`ID`, `NAME`, `PROTOCOL`, `PROTOCOL_MAPPER_NAME`, `CLIENT_ID`, `CLIENT_SCOPE_ID`) VALUES('8848e838-aa37-4c26-9ae9-6c3d5d1fc79b', 'profile', 'openid-connect', 'oidc-usermodel-attribute-mapper', NULL, '328cfa31-ff02-4b0c-bff1-8d7e9c916a98');
INSERT INTO `PROTOCOL_MAPPER` (`ID`, `NAME`, `PROTOCOL`, `PROTOCOL_MAPPER_NAME`, `CLIENT_ID`, `CLIENT_SCOPE_ID`) VALUES('88efdbd5-166a-4c01-89a4-77973cc6546a', 'given name', 'openid-connect', 'oidc-usermodel-property-mapper', NULL, '328cfa31-ff02-4b0c-bff1-8d7e9c916a98');
INSERT INTO `PROTOCOL_MAPPER` (`ID`, `NAME`, `PROTOCOL`, `PROTOCOL_MAPPER_NAME`, `CLIENT_ID`, `CLIENT_SCOPE_ID`) VALUES('8ab00907-67e3-4a28-9441-74e3b31b9a2c', 'updated at', 'openid-connect', 'oidc-usermodel-attribute-mapper', NULL, '328cfa31-ff02-4b0c-bff1-8d7e9c916a98');
INSERT INTO `PROTOCOL_MAPPER` (`ID`, `NAME`, `PROTOCOL`, `PROTOCOL_MAPPER_NAME`, `CLIENT_ID`, `CLIENT_SCOPE_ID`) VALUES('8c3ed635-8df8-474f-8053-30418efd4eac', 'email verified', 'openid-connect', 'oidc-usermodel-property-mapper', NULL, '8a529876-ae0c-4e6f-a541-1f5d69b8401c');
INSERT INTO `PROTOCOL_MAPPER` (`ID`, `NAME`, `PROTOCOL`, `PROTOCOL_MAPPER_NAME`, `CLIENT_ID`, `CLIENT_SCOPE_ID`) VALUES('91b1a8f1-7f66-4d7e-a984-a9b885350c55', 'groups', 'openid-connect', 'oidc-usermodel-realm-role-mapper', NULL, 'fe0c1253-9bb7-4c3a-9aab-dc093ccc713a');
INSERT INTO `PROTOCOL_MAPPER` (`ID`, `NAME`, `PROTOCOL`, `PROTOCOL_MAPPER_NAME`, `CLIENT_ID`, `CLIENT_SCOPE_ID`) VALUES('9354d8c8-c990-4f2d-a0ca-0de4f25e269b', 'email verified', 'openid-connect', 'oidc-usermodel-property-mapper', NULL, '57416cf1-18e5-4d41-8ecf-034970d4fcb4');
INSERT INTO `PROTOCOL_MAPPER` (`ID`, `NAME`, `PROTOCOL`, `PROTOCOL_MAPPER_NAME`, `CLIENT_ID`, `CLIENT_SCOPE_ID`) VALUES('9392e628-00e0-48f1-bec2-360d328b2227', 'phone number verified', 'openid-connect', 'oidc-usermodel-attribute-mapper', NULL, 'e9814c10-e9b1-4603-a67c-b4b5fcc3991c');
INSERT INTO `PROTOCOL_MAPPER` (`ID`, `NAME`, `PROTOCOL`, `PROTOCOL_MAPPER_NAME`, `CLIENT_ID`, `CLIENT_SCOPE_ID`) VALUES('93d13900-5b9e-4628-a234-8190f2d4fee3', 'phone number', 'openid-connect', 'oidc-usermodel-attribute-mapper', NULL, 'ea4d6cd9-e5e7-44f8-926f-ab640f7b31e8');
INSERT INTO `PROTOCOL_MAPPER` (`ID`, `NAME`, `PROTOCOL`, `PROTOCOL_MAPPER_NAME`, `CLIENT_ID`, `CLIENT_SCOPE_ID`) VALUES('9678d8d9-3f5a-41c6-bc8f-ea62b9ca56b4', 'audience resolve', 'openid-connect', 'oidc-audience-resolve-mapper', '2459a934-6cc0-4051-9db0-e92d0f1f06aa', NULL);
INSERT INTO `PROTOCOL_MAPPER` (`ID`, `NAME`, `PROTOCOL`, `PROTOCOL_MAPPER_NAME`, `CLIENT_ID`, `CLIENT_SCOPE_ID`) VALUES('96d3bcac-6c67-476a-8c99-1901f9abbfd0', 'website', 'openid-connect', 'oidc-usermodel-attribute-mapper', NULL, '1ea6de3d-d7a1-4312-aeb7-e63860bb9047');
INSERT INTO `PROTOCOL_MAPPER` (`ID`, `NAME`, `PROTOCOL`, `PROTOCOL_MAPPER_NAME`, `CLIENT_ID`, `CLIENT_SCOPE_ID`) VALUES('980dec77-666f-436f-a0ca-e81c595f3837', 'nickname', 'openid-connect', 'oidc-usermodel-attribute-mapper', NULL, 'c846b4db-877d-468f-98b7-059a6a83abca');
INSERT INTO `PROTOCOL_MAPPER` (`ID`, `NAME`, `PROTOCOL`, `PROTOCOL_MAPPER_NAME`, `CLIENT_ID`, `CLIENT_SCOPE_ID`) VALUES('9c910101-5975-424f-bb04-de277ffee78a', 'locale', 'openid-connect', 'oidc-usermodel-attribute-mapper', '8366d8af-a665-4f19-95d5-558f8d178519', NULL);
INSERT INTO `PROTOCOL_MAPPER` (`ID`, `NAME`, `PROTOCOL`, `PROTOCOL_MAPPER_NAME`, `CLIENT_ID`, `CLIENT_SCOPE_ID`) VALUES('a4d3052c-5a68-4f3d-a9f2-981a1550ac1c', 'audience resolve', 'openid-connect', 'oidc-audience-resolve-mapper', NULL, '51f1d912-7f39-4cdc-b7a1-08b610508778');
INSERT INTO `PROTOCOL_MAPPER` (`ID`, `NAME`, `PROTOCOL`, `PROTOCOL_MAPPER_NAME`, `CLIENT_ID`, `CLIENT_SCOPE_ID`) VALUES('a5ee44d8-1e57-4a10-8e29-f8f126a2d023', 'phone number', 'openid-connect', 'oidc-usermodel-attribute-mapper', NULL, '3f7d577c-2bf2-4ac8-b8ec-1489910ece97');
INSERT INTO `PROTOCOL_MAPPER` (`ID`, `NAME`, `PROTOCOL`, `PROTOCOL_MAPPER_NAME`, `CLIENT_ID`, `CLIENT_SCOPE_ID`) VALUES('a892808d-8101-4e06-a5bb-b5bfbc2f3518', 'birthdate', 'openid-connect', 'oidc-usermodel-attribute-mapper', NULL, '1ea6de3d-d7a1-4312-aeb7-e63860bb9047');
INSERT INTO `PROTOCOL_MAPPER` (`ID`, `NAME`, `PROTOCOL`, `PROTOCOL_MAPPER_NAME`, `CLIENT_ID`, `CLIENT_SCOPE_ID`) VALUES('aae23db6-4734-4e5c-9551-3bb716cc71b6', 'upn', 'openid-connect', 'oidc-usermodel-property-mapper', NULL, 'c243d721-0cf1-4755-b530-06f3577f05f9');
INSERT INTO `PROTOCOL_MAPPER` (`ID`, `NAME`, `PROTOCOL`, `PROTOCOL_MAPPER_NAME`, `CLIENT_ID`, `CLIENT_SCOPE_ID`) VALUES('ab42e2c5-3570-47a1-95b3-ce3b1f375410', 'phone number', 'openid-connect', 'oidc-usermodel-attribute-mapper', NULL, 'a8a7255e-2a69-40f4-bb89-6913d19d968b');
INSERT INTO `PROTOCOL_MAPPER` (`ID`, `NAME`, `PROTOCOL`, `PROTOCOL_MAPPER_NAME`, `CLIENT_ID`, `CLIENT_SCOPE_ID`) VALUES('ac8b168d-4822-4c2e-9e5a-af4117acc6dd', 'picture', 'openid-connect', 'oidc-usermodel-attribute-mapper', NULL, '328cfa31-ff02-4b0c-bff1-8d7e9c916a98');
INSERT INTO `PROTOCOL_MAPPER` (`ID`, `NAME`, `PROTOCOL`, `PROTOCOL_MAPPER_NAME`, `CLIENT_ID`, `CLIENT_SCOPE_ID`) VALUES('ae4fd657-ae45-43cb-856b-4bc93a290a29', 'username', 'openid-connect', 'oidc-usermodel-property-mapper', NULL, '5f287cae-1e91-4552-8fee-463c80acf42c');
INSERT INTO `PROTOCOL_MAPPER` (`ID`, `NAME`, `PROTOCOL`, `PROTOCOL_MAPPER_NAME`, `CLIENT_ID`, `CLIENT_SCOPE_ID`) VALUES('aeab3890-e4f5-46a0-8e6b-f27003d51d19', 'audience resolve', 'openid-connect', 'oidc-audience-resolve-mapper', NULL, '02aa6c9d-b12e-4afc-9f2b-8ac459fce845');
INSERT INTO `PROTOCOL_MAPPER` (`ID`, `NAME`, `PROTOCOL`, `PROTOCOL_MAPPER_NAME`, `CLIENT_ID`, `CLIENT_SCOPE_ID`) VALUES('af124c60-4a21-4d56-9d40-cc2ec9dbc377', 'address', 'openid-connect', 'oidc-address-mapper', NULL, '15fc8161-70e5-4848-b078-f686ed78c8f9');
INSERT INTO `PROTOCOL_MAPPER` (`ID`, `NAME`, `PROTOCOL`, `PROTOCOL_MAPPER_NAME`, `CLIENT_ID`, `CLIENT_SCOPE_ID`) VALUES('affc801b-b57b-48ca-bd42-e2d424ddb00b', 'middle name', 'openid-connect', 'oidc-usermodel-attribute-mapper', NULL, '1ea6de3d-d7a1-4312-aeb7-e63860bb9047');
INSERT INTO `PROTOCOL_MAPPER` (`ID`, `NAME`, `PROTOCOL`, `PROTOCOL_MAPPER_NAME`, `CLIENT_ID`, `CLIENT_SCOPE_ID`) VALUES('b0acff2d-c8ce-4af1-bfcf-45ed32a33922', 'client roles', 'openid-connect', 'oidc-usermodel-client-role-mapper', NULL, 'd4256bca-0178-4af6-a538-6fac9339a4a5');
INSERT INTO `PROTOCOL_MAPPER` (`ID`, `NAME`, `PROTOCOL`, `PROTOCOL_MAPPER_NAME`, `CLIENT_ID`, `CLIENT_SCOPE_ID`) VALUES('b2b6fac0-c3ac-4703-8866-8458b754e395', 'middle name', 'openid-connect', 'oidc-usermodel-attribute-mapper', NULL, '5f287cae-1e91-4552-8fee-463c80acf42c');
INSERT INTO `PROTOCOL_MAPPER` (`ID`, `NAME`, `PROTOCOL`, `PROTOCOL_MAPPER_NAME`, `CLIENT_ID`, `CLIENT_SCOPE_ID`) VALUES('b3c0682f-6a04-4baa-9afc-f2740d09eb3b', 'zoneinfo', 'openid-connect', 'oidc-usermodel-attribute-mapper', NULL, '328cfa31-ff02-4b0c-bff1-8d7e9c916a98');
INSERT INTO `PROTOCOL_MAPPER` (`ID`, `NAME`, `PROTOCOL`, `PROTOCOL_MAPPER_NAME`, `CLIENT_ID`, `CLIENT_SCOPE_ID`) VALUES('b7d26dd2-2e37-47ab-887a-c7c6b7f1bddc', 'birthdate', 'openid-connect', 'oidc-usermodel-attribute-mapper', NULL, '5f287cae-1e91-4552-8fee-463c80acf42c');
INSERT INTO `PROTOCOL_MAPPER` (`ID`, `NAME`, `PROTOCOL`, `PROTOCOL_MAPPER_NAME`, `CLIENT_ID`, `CLIENT_SCOPE_ID`) VALUES('bdb25e25-bd9b-4b59-bf6b-b9289ac1f395', 'upn', 'openid-connect', 'oidc-usermodel-property-mapper', NULL, 'fe0c1253-9bb7-4c3a-9aab-dc093ccc713a');
INSERT INTO `PROTOCOL_MAPPER` (`ID`, `NAME`, `PROTOCOL`, `PROTOCOL_MAPPER_NAME`, `CLIENT_ID`, `CLIENT_SCOPE_ID`) VALUES('c2f4d230-79c4-4a20-a02a-d5fa2476d1fb', 'username', 'openid-connect', 'oidc-usermodel-property-mapper', NULL, 'c846b4db-877d-468f-98b7-059a6a83abca');
INSERT INTO `PROTOCOL_MAPPER` (`ID`, `NAME`, `PROTOCOL`, `PROTOCOL_MAPPER_NAME`, `CLIENT_ID`, `CLIENT_SCOPE_ID`) VALUES('c66a5751-0528-49a9-bf42-8d37f1b9b820', 'realm roles', 'openid-connect', 'oidc-usermodel-realm-role-mapper', NULL, '02aa6c9d-b12e-4afc-9f2b-8ac459fce845');
INSERT INTO `PROTOCOL_MAPPER` (`ID`, `NAME`, `PROTOCOL`, `PROTOCOL_MAPPER_NAME`, `CLIENT_ID`, `CLIENT_SCOPE_ID`) VALUES('c6db4450-3a2c-4975-8ec0-f867863220e1', 'phone number verified', 'openid-connect', 'oidc-usermodel-attribute-mapper', NULL, 'ea4d6cd9-e5e7-44f8-926f-ab640f7b31e8');
INSERT INTO `PROTOCOL_MAPPER` (`ID`, `NAME`, `PROTOCOL`, `PROTOCOL_MAPPER_NAME`, `CLIENT_ID`, `CLIENT_SCOPE_ID`) VALUES('c887cb11-59dd-4b53-aa04-9ea5c56ccdc7', 'locale', 'openid-connect', 'oidc-usermodel-attribute-mapper', NULL, '1ea6de3d-d7a1-4312-aeb7-e63860bb9047');
INSERT INTO `PROTOCOL_MAPPER` (`ID`, `NAME`, `PROTOCOL`, `PROTOCOL_MAPPER_NAME`, `CLIENT_ID`, `CLIENT_SCOPE_ID`) VALUES('cc0063c9-f2dc-42d6-8861-289fbb995d04', 'phone number', 'openid-connect', 'oidc-usermodel-attribute-mapper', NULL, 'e9814c10-e9b1-4603-a67c-b4b5fcc3991c');
INSERT INTO `PROTOCOL_MAPPER` (`ID`, `NAME`, `PROTOCOL`, `PROTOCOL_MAPPER_NAME`, `CLIENT_ID`, `CLIENT_SCOPE_ID`) VALUES('d2241b12-b1a3-491e-a2d4-f17bc64da9c4', 'username', 'openid-connect', 'oidc-usermodel-property-mapper', NULL, '328cfa31-ff02-4b0c-bff1-8d7e9c916a98');
INSERT INTO `PROTOCOL_MAPPER` (`ID`, `NAME`, `PROTOCOL`, `PROTOCOL_MAPPER_NAME`, `CLIENT_ID`, `CLIENT_SCOPE_ID`) VALUES('d716d778-dfc4-4a65-9e12-dd27c222913f', 'given name', 'openid-connect', 'oidc-usermodel-property-mapper', NULL, 'c846b4db-877d-468f-98b7-059a6a83abca');
INSERT INTO `PROTOCOL_MAPPER` (`ID`, `NAME`, `PROTOCOL`, `PROTOCOL_MAPPER_NAME`, `CLIENT_ID`, `CLIENT_SCOPE_ID`) VALUES('d7bb8f8c-b494-4e9d-a716-79d8d21b9f59', 'family name', 'openid-connect', 'oidc-usermodel-property-mapper', NULL, '5f287cae-1e91-4552-8fee-463c80acf42c');
INSERT INTO `PROTOCOL_MAPPER` (`ID`, `NAME`, `PROTOCOL`, `PROTOCOL_MAPPER_NAME`, `CLIENT_ID`, `CLIENT_SCOPE_ID`) VALUES('dea84616-edd6-42fb-b144-de46f1893408', 'website', 'openid-connect', 'oidc-usermodel-attribute-mapper', NULL, '5f287cae-1e91-4552-8fee-463c80acf42c');
INSERT INTO `PROTOCOL_MAPPER` (`ID`, `NAME`, `PROTOCOL`, `PROTOCOL_MAPPER_NAME`, `CLIENT_ID`, `CLIENT_SCOPE_ID`) VALUES('dfb8a058-0aae-46f2-bdf5-05252393cb4d', 'allowed web origins', 'openid-connect', 'oidc-allowed-origins-mapper', NULL, 'e9960a90-1489-4a86-ba21-807b01cedb4e');
INSERT INTO `PROTOCOL_MAPPER` (`ID`, `NAME`, `PROTOCOL`, `PROTOCOL_MAPPER_NAME`, `CLIENT_ID`, `CLIENT_SCOPE_ID`) VALUES('e1ccf35e-acdc-4d4c-894c-c92691e13a80', 'email verified', 'openid-connect', 'oidc-usermodel-property-mapper', NULL, '6f3d6b73-4d9d-4e93-9ccf-b5fa282e5c00');
INSERT INTO `PROTOCOL_MAPPER` (`ID`, `NAME`, `PROTOCOL`, `PROTOCOL_MAPPER_NAME`, `CLIENT_ID`, `CLIENT_SCOPE_ID`) VALUES('e9943f62-7ad7-46fc-ada7-d548817ec63f', 'given name', 'openid-connect', 'oidc-usermodel-property-mapper', NULL, '5f287cae-1e91-4552-8fee-463c80acf42c');
INSERT INTO `PROTOCOL_MAPPER` (`ID`, `NAME`, `PROTOCOL`, `PROTOCOL_MAPPER_NAME`, `CLIENT_ID`, `CLIENT_SCOPE_ID`) VALUES('ec376029-e1a7-4644-969f-1471aed9f606', 'locale', 'openid-connect', 'oidc-usermodel-attribute-mapper', '076ea7ad-877b-4966-8425-aa913dd2ded3', NULL);
INSERT INTO `PROTOCOL_MAPPER` (`ID`, `NAME`, `PROTOCOL`, `PROTOCOL_MAPPER_NAME`, `CLIENT_ID`, `CLIENT_SCOPE_ID`) VALUES('ecba8be5-25f1-44ea-aa65-8b8a872ee24b', 'nickname', 'openid-connect', 'oidc-usermodel-attribute-mapper', NULL, '328cfa31-ff02-4b0c-bff1-8d7e9c916a98');
INSERT INTO `PROTOCOL_MAPPER` (`ID`, `NAME`, `PROTOCOL`, `PROTOCOL_MAPPER_NAME`, `CLIENT_ID`, `CLIENT_SCOPE_ID`) VALUES('ee721b06-aa12-4451-bdf0-c86ab8fe8203', 'picture', 'openid-connect', 'oidc-usermodel-attribute-mapper', NULL, 'c846b4db-877d-468f-98b7-059a6a83abca');
INSERT INTO `PROTOCOL_MAPPER` (`ID`, `NAME`, `PROTOCOL`, `PROTOCOL_MAPPER_NAME`, `CLIENT_ID`, `CLIENT_SCOPE_ID`) VALUES('ef83800c-eb2a-40aa-b2f9-63efb6240617', 'audience resolve', 'openid-connect', 'oidc-audience-resolve-mapper', NULL, 'd4256bca-0178-4af6-a538-6fac9339a4a5');
INSERT INTO `PROTOCOL_MAPPER` (`ID`, `NAME`, `PROTOCOL`, `PROTOCOL_MAPPER_NAME`, `CLIENT_ID`, `CLIENT_SCOPE_ID`) VALUES('f32fc819-84ee-4c09-90f9-7489b4e5257a', 'address', 'openid-connect', 'oidc-address-mapper', NULL, '697aa7cc-1e72-4477-9f76-05264324de5d');
INSERT INTO `PROTOCOL_MAPPER` (`ID`, `NAME`, `PROTOCOL`, `PROTOCOL_MAPPER_NAME`, `CLIENT_ID`, `CLIENT_SCOPE_ID`) VALUES('f5296443-3150-4c92-92b1-133d9c9f72ea', 'profile', 'openid-connect', 'oidc-usermodel-attribute-mapper', NULL, 'c846b4db-877d-468f-98b7-059a6a83abca');
INSERT INTO `PROTOCOL_MAPPER` (`ID`, `NAME`, `PROTOCOL`, `PROTOCOL_MAPPER_NAME`, `CLIENT_ID`, `CLIENT_SCOPE_ID`) VALUES('f5c67b06-71d0-4f9d-bdb0-845d0c61bb3f', 'email', 'openid-connect', 'oidc-usermodel-property-mapper', NULL, '57416cf1-18e5-4d41-8ecf-034970d4fcb4');
INSERT INTO `PROTOCOL_MAPPER` (`ID`, `NAME`, `PROTOCOL`, `PROTOCOL_MAPPER_NAME`, `CLIENT_ID`, `CLIENT_SCOPE_ID`) VALUES('f78a05a3-0231-4188-81d3-81e9f79bde8b', 'role list', 'saml', 'saml-role-list-mapper', NULL, '9a3a5269-507a-47ce-9d9c-ca5eee739604');
INSERT INTO `PROTOCOL_MAPPER` (`ID`, `NAME`, `PROTOCOL`, `PROTOCOL_MAPPER_NAME`, `CLIENT_ID`, `CLIENT_SCOPE_ID`) VALUES('fa292fa6-fdcb-4d24-b16e-9f3c16a3f4d2', 'gender', 'openid-connect', 'oidc-usermodel-attribute-mapper', NULL, '5f287cae-1e91-4552-8fee-463c80acf42c');
INSERT INTO `PROTOCOL_MAPPER` (`ID`, `NAME`, `PROTOCOL`, `PROTOCOL_MAPPER_NAME`, `CLIENT_ID`, `CLIENT_SCOPE_ID`) VALUES('fca15d66-f747-4a31-967b-a8497e9d6388', 'nickname', 'openid-connect', 'oidc-usermodel-attribute-mapper', NULL, '5f287cae-1e91-4552-8fee-463c80acf42c');
INSERT INTO `PROTOCOL_MAPPER` (`ID`, `NAME`, `PROTOCOL`, `PROTOCOL_MAPPER_NAME`, `CLIENT_ID`, `CLIENT_SCOPE_ID`) VALUES('fca863a7-1d44-47e6-9fc9-9d8c7665bdb1', 'updated at', 'openid-connect', 'oidc-usermodel-attribute-mapper', NULL, '1ea6de3d-d7a1-4312-aeb7-e63860bb9047');
INSERT INTO `PROTOCOL_MAPPER` (`ID`, `NAME`, `PROTOCOL`, `PROTOCOL_MAPPER_NAME`, `CLIENT_ID`, `CLIENT_SCOPE_ID`) VALUES('fcbf5a05-cf23-431c-98b3-c6f5a9e960fd', 'phone number verified', 'openid-connect', 'oidc-usermodel-attribute-mapper', NULL, '3f7d577c-2bf2-4ac8-b8ec-1489910ece97');
INSERT INTO `PROTOCOL_MAPPER` (`ID`, `NAME`, `PROTOCOL`, `PROTOCOL_MAPPER_NAME`, `CLIENT_ID`, `CLIENT_SCOPE_ID`) VALUES('fed887b7-c62b-44d1-87d9-aaeef5834905', 'realm roles', 'openid-connect', 'oidc-usermodel-realm-role-mapper', NULL, 'd4256bca-0178-4af6-a538-6fac9339a4a5');
INSERT INTO `PROTOCOL_MAPPER` (`ID`, `NAME`, `PROTOCOL`, `PROTOCOL_MAPPER_NAME`, `CLIENT_ID`, `CLIENT_SCOPE_ID`) VALUES('ff804138-5353-4aff-88d7-f038493b4900', 'locale', 'openid-connect', 'oidc-usermodel-attribute-mapper', '8eb73012-440c-4d87-9a13-6e2c69617d75', NULL);

DROP TABLE IF EXISTS `PROTOCOL_MAPPER_CONFIG`;
CREATE TABLE `PROTOCOL_MAPPER_CONFIG` (
  `PROTOCOL_MAPPER_ID` varchar(36) NOT NULL,
  `VALUE` longtext DEFAULT NULL,
  `NAME` varchar(255) NOT NULL
) ENGINE=InnoDB DEFAULT CHARSET=utf8;

INSERT INTO `PROTOCOL_MAPPER_CONFIG` (`PROTOCOL_MAPPER_ID`, `VALUE`, `NAME`) VALUES('0237f5d3-c0bc-4c45-ac1c-79d8ce021d88', 'true', 'access.token.claim');
INSERT INTO `PROTOCOL_MAPPER_CONFIG` (`PROTOCOL_MAPPER_ID`, `VALUE`, `NAME`) VALUES('0237f5d3-c0bc-4c45-ac1c-79d8ce021d88', 'email', 'claim.name');
INSERT INTO `PROTOCOL_MAPPER_CONFIG` (`PROTOCOL_MAPPER_ID`, `VALUE`, `NAME`) VALUES('0237f5d3-c0bc-4c45-ac1c-79d8ce021d88', 'true', 'id.token.claim');
INSERT INTO `PROTOCOL_MAPPER_CONFIG` (`PROTOCOL_MAPPER_ID`, `VALUE`, `NAME`) VALUES('0237f5d3-c0bc-4c45-ac1c-79d8ce021d88', 'String', 'jsonType.label');
INSERT INTO `PROTOCOL_MAPPER_CONFIG` (`PROTOCOL_MAPPER_ID`, `VALUE`, `NAME`) VALUES('0237f5d3-c0bc-4c45-ac1c-79d8ce021d88', 'email', 'user.attribute');
INSERT INTO `PROTOCOL_MAPPER_CONFIG` (`PROTOCOL_MAPPER_ID`, `VALUE`, `NAME`) VALUES('0237f5d3-c0bc-4c45-ac1c-79d8ce021d88', 'true', 'userinfo.token.claim');
INSERT INTO `PROTOCOL_MAPPER_CONFIG` (`PROTOCOL_MAPPER_ID`, `VALUE`, `NAME`) VALUES('026d6daa-fd7f-4ef6-a5ed-383dd6a99b2e', 'true', 'access.token.claim');
INSERT INTO `PROTOCOL_MAPPER_CONFIG` (`PROTOCOL_MAPPER_ID`, `VALUE`, `NAME`) VALUES('026d6daa-fd7f-4ef6-a5ed-383dd6a99b2e', 'birthdate', 'claim.name');
INSERT INTO `PROTOCOL_MAPPER_CONFIG` (`PROTOCOL_MAPPER_ID`, `VALUE`, `NAME`) VALUES('026d6daa-fd7f-4ef6-a5ed-383dd6a99b2e', 'true', 'id.token.claim');
INSERT INTO `PROTOCOL_MAPPER_CONFIG` (`PROTOCOL_MAPPER_ID`, `VALUE`, `NAME`) VALUES('026d6daa-fd7f-4ef6-a5ed-383dd6a99b2e', 'String', 'jsonType.label');
INSERT INTO `PROTOCOL_MAPPER_CONFIG` (`PROTOCOL_MAPPER_ID`, `VALUE`, `NAME`) VALUES('026d6daa-fd7f-4ef6-a5ed-383dd6a99b2e', 'birthdate', 'user.attribute');
INSERT INTO `PROTOCOL_MAPPER_CONFIG` (`PROTOCOL_MAPPER_ID`, `VALUE`, `NAME`) VALUES('026d6daa-fd7f-4ef6-a5ed-383dd6a99b2e', 'true', 'userinfo.token.claim');
INSERT INTO `PROTOCOL_MAPPER_CONFIG` (`PROTOCOL_MAPPER_ID`, `VALUE`, `NAME`) VALUES('0928d1c8-2863-4844-bc32-17559055adef', 'true', 'access.token.claim');
INSERT INTO `PROTOCOL_MAPPER_CONFIG` (`PROTOCOL_MAPPER_ID`, `VALUE`, `NAME`) VALUES('0928d1c8-2863-4844-bc32-17559055adef', 'email_verified', 'claim.name');
INSERT INTO `PROTOCOL_MAPPER_CONFIG` (`PROTOCOL_MAPPER_ID`, `VALUE`, `NAME`) VALUES('0928d1c8-2863-4844-bc32-17559055adef', 'true', 'id.token.claim');
INSERT INTO `PROTOCOL_MAPPER_CONFIG` (`PROTOCOL_MAPPER_ID`, `VALUE`, `NAME`) VALUES('0928d1c8-2863-4844-bc32-17559055adef', 'boolean', 'jsonType.label');
INSERT INTO `PROTOCOL_MAPPER_CONFIG` (`PROTOCOL_MAPPER_ID`, `VALUE`, `NAME`) VALUES('0928d1c8-2863-4844-bc32-17559055adef', 'emailVerified', 'user.attribute');
INSERT INTO `PROTOCOL_MAPPER_CONFIG` (`PROTOCOL_MAPPER_ID`, `VALUE`, `NAME`) VALUES('0928d1c8-2863-4844-bc32-17559055adef', 'true', 'userinfo.token.claim');
INSERT INTO `PROTOCOL_MAPPER_CONFIG` (`PROTOCOL_MAPPER_ID`, `VALUE`, `NAME`) VALUES('0b1c47c4-888a-49cb-8a8a-187e5dfc6472', 'true', 'access.token.claim');
INSERT INTO `PROTOCOL_MAPPER_CONFIG` (`PROTOCOL_MAPPER_ID`, `VALUE`, `NAME`) VALUES('0b1c47c4-888a-49cb-8a8a-187e5dfc6472', 'groups', 'claim.name');
INSERT INTO `PROTOCOL_MAPPER_CONFIG` (`PROTOCOL_MAPPER_ID`, `VALUE`, `NAME`) VALUES('0b1c47c4-888a-49cb-8a8a-187e5dfc6472', 'true', 'id.token.claim');
INSERT INTO `PROTOCOL_MAPPER_CONFIG` (`PROTOCOL_MAPPER_ID`, `VALUE`, `NAME`) VALUES('0b1c47c4-888a-49cb-8a8a-187e5dfc6472', 'String', 'jsonType.label');
INSERT INTO `PROTOCOL_MAPPER_CONFIG` (`PROTOCOL_MAPPER_ID`, `VALUE`, `NAME`) VALUES('0b1c47c4-888a-49cb-8a8a-187e5dfc6472', 'true', 'multivalued');
INSERT INTO `PROTOCOL_MAPPER_CONFIG` (`PROTOCOL_MAPPER_ID`, `VALUE`, `NAME`) VALUES('0b1c47c4-888a-49cb-8a8a-187e5dfc6472', 'foo', 'user.attribute');
INSERT INTO `PROTOCOL_MAPPER_CONFIG` (`PROTOCOL_MAPPER_ID`, `VALUE`, `NAME`) VALUES('0c5285c9-1454-4818-a13f-7aab1bad07d8', 'true', 'access.token.claim');
INSERT INTO `PROTOCOL_MAPPER_CONFIG` (`PROTOCOL_MAPPER_ID`, `VALUE`, `NAME`) VALUES('0c5285c9-1454-4818-a13f-7aab1bad07d8', 'true', 'id.token.claim');
INSERT INTO `PROTOCOL_MAPPER_CONFIG` (`PROTOCOL_MAPPER_ID`, `VALUE`, `NAME`) VALUES('0c5285c9-1454-4818-a13f-7aab1bad07d8', 'true', 'userinfo.token.claim');
INSERT INTO `PROTOCOL_MAPPER_CONFIG` (`PROTOCOL_MAPPER_ID`, `VALUE`, `NAME`) VALUES('1248759f-8192-4a18-9f74-2d1ea67c7bfd', 'true', 'access.token.claim');
INSERT INTO `PROTOCOL_MAPPER_CONFIG` (`PROTOCOL_MAPPER_ID`, `VALUE`, `NAME`) VALUES('1248759f-8192-4a18-9f74-2d1ea67c7bfd', 'locale', 'claim.name');
INSERT INTO `PROTOCOL_MAPPER_CONFIG` (`PROTOCOL_MAPPER_ID`, `VALUE`, `NAME`) VALUES('1248759f-8192-4a18-9f74-2d1ea67c7bfd', 'true', 'id.token.claim');
INSERT INTO `PROTOCOL_MAPPER_CONFIG` (`PROTOCOL_MAPPER_ID`, `VALUE`, `NAME`) VALUES('1248759f-8192-4a18-9f74-2d1ea67c7bfd', 'String', 'jsonType.label');
INSERT INTO `PROTOCOL_MAPPER_CONFIG` (`PROTOCOL_MAPPER_ID`, `VALUE`, `NAME`) VALUES('1248759f-8192-4a18-9f74-2d1ea67c7bfd', 'locale', 'user.attribute');
INSERT INTO `PROTOCOL_MAPPER_CONFIG` (`PROTOCOL_MAPPER_ID`, `VALUE`, `NAME`) VALUES('1248759f-8192-4a18-9f74-2d1ea67c7bfd', 'true', 'userinfo.token.claim');
INSERT INTO `PROTOCOL_MAPPER_CONFIG` (`PROTOCOL_MAPPER_ID`, `VALUE`, `NAME`) VALUES('13d6230f-c6ec-4b7a-a515-697541dfc2c2', 'true', 'access.token.claim');
INSERT INTO `PROTOCOL_MAPPER_CONFIG` (`PROTOCOL_MAPPER_ID`, `VALUE`, `NAME`) VALUES('13d6230f-c6ec-4b7a-a515-697541dfc2c2', 'family_name', 'claim.name');
INSERT INTO `PROTOCOL_MAPPER_CONFIG` (`PROTOCOL_MAPPER_ID`, `VALUE`, `NAME`) VALUES('13d6230f-c6ec-4b7a-a515-697541dfc2c2', 'true', 'id.token.claim');
INSERT INTO `PROTOCOL_MAPPER_CONFIG` (`PROTOCOL_MAPPER_ID`, `VALUE`, `NAME`) VALUES('13d6230f-c6ec-4b7a-a515-697541dfc2c2', 'String', 'jsonType.label');
INSERT INTO `PROTOCOL_MAPPER_CONFIG` (`PROTOCOL_MAPPER_ID`, `VALUE`, `NAME`) VALUES('13d6230f-c6ec-4b7a-a515-697541dfc2c2', 'lastName', 'user.attribute');
INSERT INTO `PROTOCOL_MAPPER_CONFIG` (`PROTOCOL_MAPPER_ID`, `VALUE`, `NAME`) VALUES('13d6230f-c6ec-4b7a-a515-697541dfc2c2', 'true', 'userinfo.token.claim');
INSERT INTO `PROTOCOL_MAPPER_CONFIG` (`PROTOCOL_MAPPER_ID`, `VALUE`, `NAME`) VALUES('15b0e376-920e-40d1-9271-6c7a31501602', 'true', 'access.token.claim');
INSERT INTO `PROTOCOL_MAPPER_CONFIG` (`PROTOCOL_MAPPER_ID`, `VALUE`, `NAME`) VALUES('15b0e376-920e-40d1-9271-6c7a31501602', 'family_name', 'claim.name');
INSERT INTO `PROTOCOL_MAPPER_CONFIG` (`PROTOCOL_MAPPER_ID`, `VALUE`, `NAME`) VALUES('15b0e376-920e-40d1-9271-6c7a31501602', 'true', 'id.token.claim');
INSERT INTO `PROTOCOL_MAPPER_CONFIG` (`PROTOCOL_MAPPER_ID`, `VALUE`, `NAME`) VALUES('15b0e376-920e-40d1-9271-6c7a31501602', 'String', 'jsonType.label');
INSERT INTO `PROTOCOL_MAPPER_CONFIG` (`PROTOCOL_MAPPER_ID`, `VALUE`, `NAME`) VALUES('15b0e376-920e-40d1-9271-6c7a31501602', 'lastName', 'user.attribute');
INSERT INTO `PROTOCOL_MAPPER_CONFIG` (`PROTOCOL_MAPPER_ID`, `VALUE`, `NAME`) VALUES('15b0e376-920e-40d1-9271-6c7a31501602', 'true', 'userinfo.token.claim');
INSERT INTO `PROTOCOL_MAPPER_CONFIG` (`PROTOCOL_MAPPER_ID`, `VALUE`, `NAME`) VALUES('168fa460-3d11-40d3-aea0-3fb212ad4cc5', 'true', 'access.token.claim');
INSERT INTO `PROTOCOL_MAPPER_CONFIG` (`PROTOCOL_MAPPER_ID`, `VALUE`, `NAME`) VALUES('168fa460-3d11-40d3-aea0-3fb212ad4cc5', 'realm_access.roles', 'claim.name');
INSERT INTO `PROTOCOL_MAPPER_CONFIG` (`PROTOCOL_MAPPER_ID`, `VALUE`, `NAME`) VALUES('168fa460-3d11-40d3-aea0-3fb212ad4cc5', 'String', 'jsonType.label');
INSERT INTO `PROTOCOL_MAPPER_CONFIG` (`PROTOCOL_MAPPER_ID`, `VALUE`, `NAME`) VALUES('168fa460-3d11-40d3-aea0-3fb212ad4cc5', 'true', 'multivalued');
INSERT INTO `PROTOCOL_MAPPER_CONFIG` (`PROTOCOL_MAPPER_ID`, `VALUE`, `NAME`) VALUES('168fa460-3d11-40d3-aea0-3fb212ad4cc5', 'foo', 'user.attribute');
INSERT INTO `PROTOCOL_MAPPER_CONFIG` (`PROTOCOL_MAPPER_ID`, `VALUE`, `NAME`) VALUES('16ea4e62-985d-4e1b-b3df-0191177e0af1', 'true', 'access.token.claim');
INSERT INTO `PROTOCOL_MAPPER_CONFIG` (`PROTOCOL_MAPPER_ID`, `VALUE`, `NAME`) VALUES('16ea4e62-985d-4e1b-b3df-0191177e0af1', 'zoneinfo', 'claim.name');
INSERT INTO `PROTOCOL_MAPPER_CONFIG` (`PROTOCOL_MAPPER_ID`, `VALUE`, `NAME`) VALUES('16ea4e62-985d-4e1b-b3df-0191177e0af1', 'true', 'id.token.claim');
INSERT INTO `PROTOCOL_MAPPER_CONFIG` (`PROTOCOL_MAPPER_ID`, `VALUE`, `NAME`) VALUES('16ea4e62-985d-4e1b-b3df-0191177e0af1', 'String', 'jsonType.label');
INSERT INTO `PROTOCOL_MAPPER_CONFIG` (`PROTOCOL_MAPPER_ID`, `VALUE`, `NAME`) VALUES('16ea4e62-985d-4e1b-b3df-0191177e0af1', 'zoneinfo', 'user.attribute');
INSERT INTO `PROTOCOL_MAPPER_CONFIG` (`PROTOCOL_MAPPER_ID`, `VALUE`, `NAME`) VALUES('16ea4e62-985d-4e1b-b3df-0191177e0af1', 'true', 'userinfo.token.claim');
INSERT INTO `PROTOCOL_MAPPER_CONFIG` (`PROTOCOL_MAPPER_ID`, `VALUE`, `NAME`) VALUES('1a3ea61d-c097-4669-b3b0-ed9d5734b4f5', 'true', 'access.token.claim');
INSERT INTO `PROTOCOL_MAPPER_CONFIG` (`PROTOCOL_MAPPER_ID`, `VALUE`, `NAME`) VALUES('1a3ea61d-c097-4669-b3b0-ed9d5734b4f5', 'email', 'claim.name');
INSERT INTO `PROTOCOL_MAPPER_CONFIG` (`PROTOCOL_MAPPER_ID`, `VALUE`, `NAME`) VALUES('1a3ea61d-c097-4669-b3b0-ed9d5734b4f5', 'true', 'id.token.claim');
INSERT INTO `PROTOCOL_MAPPER_CONFIG` (`PROTOCOL_MAPPER_ID`, `VALUE`, `NAME`) VALUES('1a3ea61d-c097-4669-b3b0-ed9d5734b4f5', 'String', 'jsonType.label');
INSERT INTO `PROTOCOL_MAPPER_CONFIG` (`PROTOCOL_MAPPER_ID`, `VALUE`, `NAME`) VALUES('1a3ea61d-c097-4669-b3b0-ed9d5734b4f5', 'email', 'user.attribute');
INSERT INTO `PROTOCOL_MAPPER_CONFIG` (`PROTOCOL_MAPPER_ID`, `VALUE`, `NAME`) VALUES('1a3ea61d-c097-4669-b3b0-ed9d5734b4f5', 'true', 'userinfo.token.claim');
INSERT INTO `PROTOCOL_MAPPER_CONFIG` (`PROTOCOL_MAPPER_ID`, `VALUE`, `NAME`) VALUES('2724b987-33c7-4fb3-be9e-22ed60a6945c', 'true', 'access.token.claim');
INSERT INTO `PROTOCOL_MAPPER_CONFIG` (`PROTOCOL_MAPPER_ID`, `VALUE`, `NAME`) VALUES('2724b987-33c7-4fb3-be9e-22ed60a6945c', 'given_name', 'claim.name');
INSERT INTO `PROTOCOL_MAPPER_CONFIG` (`PROTOCOL_MAPPER_ID`, `VALUE`, `NAME`) VALUES('2724b987-33c7-4fb3-be9e-22ed60a6945c', 'true', 'id.token.claim');
INSERT INTO `PROTOCOL_MAPPER_CONFIG` (`PROTOCOL_MAPPER_ID`, `VALUE`, `NAME`) VALUES('2724b987-33c7-4fb3-be9e-22ed60a6945c', 'String', 'jsonType.label');
INSERT INTO `PROTOCOL_MAPPER_CONFIG` (`PROTOCOL_MAPPER_ID`, `VALUE`, `NAME`) VALUES('2724b987-33c7-4fb3-be9e-22ed60a6945c', 'firstName', 'user.attribute');
INSERT INTO `PROTOCOL_MAPPER_CONFIG` (`PROTOCOL_MAPPER_ID`, `VALUE`, `NAME`) VALUES('2724b987-33c7-4fb3-be9e-22ed60a6945c', 'true', 'userinfo.token.claim');
INSERT INTO `PROTOCOL_MAPPER_CONFIG` (`PROTOCOL_MAPPER_ID`, `VALUE`, `NAME`) VALUES('29dca48b-a73c-456f-abd3-27287ecc094a', 'true', 'access.token.claim');
INSERT INTO `PROTOCOL_MAPPER_CONFIG` (`PROTOCOL_MAPPER_ID`, `VALUE`, `NAME`) VALUES('29dca48b-a73c-456f-abd3-27287ecc094a', 'true', 'id.token.claim');
INSERT INTO `PROTOCOL_MAPPER_CONFIG` (`PROTOCOL_MAPPER_ID`, `VALUE`, `NAME`) VALUES('29dca48b-a73c-456f-abd3-27287ecc094a', 'true', 'userinfo.token.claim');
INSERT INTO `PROTOCOL_MAPPER_CONFIG` (`PROTOCOL_MAPPER_ID`, `VALUE`, `NAME`) VALUES('2be4149d-4e91-472b-aaa8-afd959e9debc', 'Role', 'attribute.name');
INSERT INTO `PROTOCOL_MAPPER_CONFIG` (`PROTOCOL_MAPPER_ID`, `VALUE`, `NAME`) VALUES('2be4149d-4e91-472b-aaa8-afd959e9debc', 'Basic', 'attribute.nameformat');
INSERT INTO `PROTOCOL_MAPPER_CONFIG` (`PROTOCOL_MAPPER_ID`, `VALUE`, `NAME`) VALUES('2be4149d-4e91-472b-aaa8-afd959e9debc', 'false', 'single');
INSERT INTO `PROTOCOL_MAPPER_CONFIG` (`PROTOCOL_MAPPER_ID`, `VALUE`, `NAME`) VALUES('2cce261f-c8ec-4ce8-a4bc-2f1ac2d4b5d1', 'true', 'access.token.claim');
INSERT INTO `PROTOCOL_MAPPER_CONFIG` (`PROTOCOL_MAPPER_ID`, `VALUE`, `NAME`) VALUES('2cce261f-c8ec-4ce8-a4bc-2f1ac2d4b5d1', 'birthdate', 'claim.name');
INSERT INTO `PROTOCOL_MAPPER_CONFIG` (`PROTOCOL_MAPPER_ID`, `VALUE`, `NAME`) VALUES('2cce261f-c8ec-4ce8-a4bc-2f1ac2d4b5d1', 'true', 'id.token.claim');
INSERT INTO `PROTOCOL_MAPPER_CONFIG` (`PROTOCOL_MAPPER_ID`, `VALUE`, `NAME`) VALUES('2cce261f-c8ec-4ce8-a4bc-2f1ac2d4b5d1', 'String', 'jsonType.label');
INSERT INTO `PROTOCOL_MAPPER_CONFIG` (`PROTOCOL_MAPPER_ID`, `VALUE`, `NAME`) VALUES('2cce261f-c8ec-4ce8-a4bc-2f1ac2d4b5d1', 'birthdate', 'user.attribute');
INSERT INTO `PROTOCOL_MAPPER_CONFIG` (`PROTOCOL_MAPPER_ID`, `VALUE`, `NAME`) VALUES('2cce261f-c8ec-4ce8-a4bc-2f1ac2d4b5d1', 'true', 'userinfo.token.claim');
INSERT INTO `PROTOCOL_MAPPER_CONFIG` (`PROTOCOL_MAPPER_ID`, `VALUE`, `NAME`) VALUES('2eb44816-ad2c-43c7-aa83-804db9e50b92', 'true', 'access.token.claim');
INSERT INTO `PROTOCOL_MAPPER_CONFIG` (`PROTOCOL_MAPPER_ID`, `VALUE`, `NAME`) VALUES('2eb44816-ad2c-43c7-aa83-804db9e50b92', 'gender', 'claim.name');
INSERT INTO `PROTOCOL_MAPPER_CONFIG` (`PROTOCOL_MAPPER_ID`, `VALUE`, `NAME`) VALUES('2eb44816-ad2c-43c7-aa83-804db9e50b92', 'true', 'id.token.claim');
INSERT INTO `PROTOCOL_MAPPER_CONFIG` (`PROTOCOL_MAPPER_ID`, `VALUE`, `NAME`) VALUES('2eb44816-ad2c-43c7-aa83-804db9e50b92', 'String', 'jsonType.label');
INSERT INTO `PROTOCOL_MAPPER_CONFIG` (`PROTOCOL_MAPPER_ID`, `VALUE`, `NAME`) VALUES('2eb44816-ad2c-43c7-aa83-804db9e50b92', 'gender', 'user.attribute');
INSERT INTO `PROTOCOL_MAPPER_CONFIG` (`PROTOCOL_MAPPER_ID`, `VALUE`, `NAME`) VALUES('2eb44816-ad2c-43c7-aa83-804db9e50b92', 'true', 'userinfo.token.claim');
INSERT INTO `PROTOCOL_MAPPER_CONFIG` (`PROTOCOL_MAPPER_ID`, `VALUE`, `NAME`) VALUES('2fa21736-7534-4544-b81f-8d4e073e43cc', 'true', 'access.token.claim');
INSERT INTO `PROTOCOL_MAPPER_CONFIG` (`PROTOCOL_MAPPER_ID`, `VALUE`, `NAME`) VALUES('2fa21736-7534-4544-b81f-8d4e073e43cc', 'website', 'claim.name');
INSERT INTO `PROTOCOL_MAPPER_CONFIG` (`PROTOCOL_MAPPER_ID`, `VALUE`, `NAME`) VALUES('2fa21736-7534-4544-b81f-8d4e073e43cc', 'true', 'id.token.claim');
INSERT INTO `PROTOCOL_MAPPER_CONFIG` (`PROTOCOL_MAPPER_ID`, `VALUE`, `NAME`) VALUES('2fa21736-7534-4544-b81f-8d4e073e43cc', 'String', 'jsonType.label');
INSERT INTO `PROTOCOL_MAPPER_CONFIG` (`PROTOCOL_MAPPER_ID`, `VALUE`, `NAME`) VALUES('2fa21736-7534-4544-b81f-8d4e073e43cc', 'website', 'user.attribute');
INSERT INTO `PROTOCOL_MAPPER_CONFIG` (`PROTOCOL_MAPPER_ID`, `VALUE`, `NAME`) VALUES('2fa21736-7534-4544-b81f-8d4e073e43cc', 'true', 'userinfo.token.claim');
INSERT INTO `PROTOCOL_MAPPER_CONFIG` (`PROTOCOL_MAPPER_ID`, `VALUE`, `NAME`) VALUES('334c449b-02ee-4410-98eb-ecc3b09bfa82', 'true', 'access.token.claim');
INSERT INTO `PROTOCOL_MAPPER_CONFIG` (`PROTOCOL_MAPPER_ID`, `VALUE`, `NAME`) VALUES('334c449b-02ee-4410-98eb-ecc3b09bfa82', 'family_name', 'claim.name');
INSERT INTO `PROTOCOL_MAPPER_CONFIG` (`PROTOCOL_MAPPER_ID`, `VALUE`, `NAME`) VALUES('334c449b-02ee-4410-98eb-ecc3b09bfa82', 'true', 'id.token.claim');
INSERT INTO `PROTOCOL_MAPPER_CONFIG` (`PROTOCOL_MAPPER_ID`, `VALUE`, `NAME`) VALUES('334c449b-02ee-4410-98eb-ecc3b09bfa82', 'String', 'jsonType.label');
INSERT INTO `PROTOCOL_MAPPER_CONFIG` (`PROTOCOL_MAPPER_ID`, `VALUE`, `NAME`) VALUES('334c449b-02ee-4410-98eb-ecc3b09bfa82', 'lastName', 'user.attribute');
INSERT INTO `PROTOCOL_MAPPER_CONFIG` (`PROTOCOL_MAPPER_ID`, `VALUE`, `NAME`) VALUES('334c449b-02ee-4410-98eb-ecc3b09bfa82', 'true', 'userinfo.token.claim');
INSERT INTO `PROTOCOL_MAPPER_CONFIG` (`PROTOCOL_MAPPER_ID`, `VALUE`, `NAME`) VALUES('3532abec-c178-4298-bb8e-feeebd3946ac', 'true', 'access.token.claim');
INSERT INTO `PROTOCOL_MAPPER_CONFIG` (`PROTOCOL_MAPPER_ID`, `VALUE`, `NAME`) VALUES('3532abec-c178-4298-bb8e-feeebd3946ac', 'locale', 'claim.name');
INSERT INTO `PROTOCOL_MAPPER_CONFIG` (`PROTOCOL_MAPPER_ID`, `VALUE`, `NAME`) VALUES('3532abec-c178-4298-bb8e-feeebd3946ac', 'true', 'id.token.claim');
INSERT INTO `PROTOCOL_MAPPER_CONFIG` (`PROTOCOL_MAPPER_ID`, `VALUE`, `NAME`) VALUES('3532abec-c178-4298-bb8e-feeebd3946ac', 'String', 'jsonType.label');
INSERT INTO `PROTOCOL_MAPPER_CONFIG` (`PROTOCOL_MAPPER_ID`, `VALUE`, `NAME`) VALUES('3532abec-c178-4298-bb8e-feeebd3946ac', 'locale', 'user.attribute');
INSERT INTO `PROTOCOL_MAPPER_CONFIG` (`PROTOCOL_MAPPER_ID`, `VALUE`, `NAME`) VALUES('3532abec-c178-4298-bb8e-feeebd3946ac', 'true', 'userinfo.token.claim');
INSERT INTO `PROTOCOL_MAPPER_CONFIG` (`PROTOCOL_MAPPER_ID`, `VALUE`, `NAME`) VALUES('3757e396-ce0d-4520-aebd-cd45ce13b156', 'true', 'access.token.claim');
INSERT INTO `PROTOCOL_MAPPER_CONFIG` (`PROTOCOL_MAPPER_ID`, `VALUE`, `NAME`) VALUES('3757e396-ce0d-4520-aebd-cd45ce13b156', 'true', 'id.token.claim');
INSERT INTO `PROTOCOL_MAPPER_CONFIG` (`PROTOCOL_MAPPER_ID`, `VALUE`, `NAME`) VALUES('3757e396-ce0d-4520-aebd-cd45ce13b156', 'true', 'userinfo.token.claim');
INSERT INTO `PROTOCOL_MAPPER_CONFIG` (`PROTOCOL_MAPPER_ID`, `VALUE`, `NAME`) VALUES('3ba43029-fab0-4cb3-8bf1-2bc0592864f2', 'true', 'access.token.claim');
INSERT INTO `PROTOCOL_MAPPER_CONFIG` (`PROTOCOL_MAPPER_ID`, `VALUE`, `NAME`) VALUES('3ba43029-fab0-4cb3-8bf1-2bc0592864f2', 'gender', 'claim.name');
INSERT INTO `PROTOCOL_MAPPER_CONFIG` (`PROTOCOL_MAPPER_ID`, `VALUE`, `NAME`) VALUES('3ba43029-fab0-4cb3-8bf1-2bc0592864f2', 'true', 'id.token.claim');
INSERT INTO `PROTOCOL_MAPPER_CONFIG` (`PROTOCOL_MAPPER_ID`, `VALUE`, `NAME`) VALUES('3ba43029-fab0-4cb3-8bf1-2bc0592864f2', 'String', 'jsonType.label');
INSERT INTO `PROTOCOL_MAPPER_CONFIG` (`PROTOCOL_MAPPER_ID`, `VALUE`, `NAME`) VALUES('3ba43029-fab0-4cb3-8bf1-2bc0592864f2', 'gender', 'user.attribute');
INSERT INTO `PROTOCOL_MAPPER_CONFIG` (`PROTOCOL_MAPPER_ID`, `VALUE`, `NAME`) VALUES('3ba43029-fab0-4cb3-8bf1-2bc0592864f2', 'true', 'userinfo.token.claim');
INSERT INTO `PROTOCOL_MAPPER_CONFIG` (`PROTOCOL_MAPPER_ID`, `VALUE`, `NAME`) VALUES('3bdc79c9-42b3-4217-9850-66f151a23fb1', 'true', 'access.token.claim');
INSERT INTO `PROTOCOL_MAPPER_CONFIG` (`PROTOCOL_MAPPER_ID`, `VALUE`, `NAME`) VALUES('3bdc79c9-42b3-4217-9850-66f151a23fb1', 'groups', 'claim.name');
INSERT INTO `PROTOCOL_MAPPER_CONFIG` (`PROTOCOL_MAPPER_ID`, `VALUE`, `NAME`) VALUES('3bdc79c9-42b3-4217-9850-66f151a23fb1', 'true', 'id.token.claim');
INSERT INTO `PROTOCOL_MAPPER_CONFIG` (`PROTOCOL_MAPPER_ID`, `VALUE`, `NAME`) VALUES('3bdc79c9-42b3-4217-9850-66f151a23fb1', 'String', 'jsonType.label');
INSERT INTO `PROTOCOL_MAPPER_CONFIG` (`PROTOCOL_MAPPER_ID`, `VALUE`, `NAME`) VALUES('3bdc79c9-42b3-4217-9850-66f151a23fb1', 'true', 'multivalued');
INSERT INTO `PROTOCOL_MAPPER_CONFIG` (`PROTOCOL_MAPPER_ID`, `VALUE`, `NAME`) VALUES('3bdc79c9-42b3-4217-9850-66f151a23fb1', 'foo', 'user.attribute');
INSERT INTO `PROTOCOL_MAPPER_CONFIG` (`PROTOCOL_MAPPER_ID`, `VALUE`, `NAME`) VALUES('3cca648e-0fcb-4faf-b918-205e53182c72', 'true', 'access.token.claim');
INSERT INTO `PROTOCOL_MAPPER_CONFIG` (`PROTOCOL_MAPPER_ID`, `VALUE`, `NAME`) VALUES('3cca648e-0fcb-4faf-b918-205e53182c72', 'resource_access.${client_id}.roles', 'claim.name');
INSERT INTO `PROTOCOL_MAPPER_CONFIG` (`PROTOCOL_MAPPER_ID`, `VALUE`, `NAME`) VALUES('3cca648e-0fcb-4faf-b918-205e53182c72', 'String', 'jsonType.label');
INSERT INTO `PROTOCOL_MAPPER_CONFIG` (`PROTOCOL_MAPPER_ID`, `VALUE`, `NAME`) VALUES('3cca648e-0fcb-4faf-b918-205e53182c72', 'true', 'multivalued');
INSERT INTO `PROTOCOL_MAPPER_CONFIG` (`PROTOCOL_MAPPER_ID`, `VALUE`, `NAME`) VALUES('3cca648e-0fcb-4faf-b918-205e53182c72', 'foo', 'user.attribute');
INSERT INTO `PROTOCOL_MAPPER_CONFIG` (`PROTOCOL_MAPPER_ID`, `VALUE`, `NAME`) VALUES('3ceec35b-9aa4-4bcd-b894-acd541933e41', 'Role', 'attribute.name');
INSERT INTO `PROTOCOL_MAPPER_CONFIG` (`PROTOCOL_MAPPER_ID`, `VALUE`, `NAME`) VALUES('3ceec35b-9aa4-4bcd-b894-acd541933e41', 'Basic', 'attribute.nameformat');
INSERT INTO `PROTOCOL_MAPPER_CONFIG` (`PROTOCOL_MAPPER_ID`, `VALUE`, `NAME`) VALUES('3ceec35b-9aa4-4bcd-b894-acd541933e41', 'false', 'single');
INSERT INTO `PROTOCOL_MAPPER_CONFIG` (`PROTOCOL_MAPPER_ID`, `VALUE`, `NAME`) VALUES('3dd3a41e-e6fb-4fed-a134-7e2410f640ff', 'true', 'access.token.claim');
INSERT INTO `PROTOCOL_MAPPER_CONFIG` (`PROTOCOL_MAPPER_ID`, `VALUE`, `NAME`) VALUES('3dd3a41e-e6fb-4fed-a134-7e2410f640ff', 'zoneinfo', 'claim.name');
INSERT INTO `PROTOCOL_MAPPER_CONFIG` (`PROTOCOL_MAPPER_ID`, `VALUE`, `NAME`) VALUES('3dd3a41e-e6fb-4fed-a134-7e2410f640ff', 'true', 'id.token.claim');
INSERT INTO `PROTOCOL_MAPPER_CONFIG` (`PROTOCOL_MAPPER_ID`, `VALUE`, `NAME`) VALUES('3dd3a41e-e6fb-4fed-a134-7e2410f640ff', 'String', 'jsonType.label');
INSERT INTO `PROTOCOL_MAPPER_CONFIG` (`PROTOCOL_MAPPER_ID`, `VALUE`, `NAME`) VALUES('3dd3a41e-e6fb-4fed-a134-7e2410f640ff', 'zoneinfo', 'user.attribute');
INSERT INTO `PROTOCOL_MAPPER_CONFIG` (`PROTOCOL_MAPPER_ID`, `VALUE`, `NAME`) VALUES('3dd3a41e-e6fb-4fed-a134-7e2410f640ff', 'true', 'userinfo.token.claim');
INSERT INTO `PROTOCOL_MAPPER_CONFIG` (`PROTOCOL_MAPPER_ID`, `VALUE`, `NAME`) VALUES('407c0232-857d-4eef-9678-bf9f04c9ca68', 'true', 'access.token.claim');
INSERT INTO `PROTOCOL_MAPPER_CONFIG` (`PROTOCOL_MAPPER_ID`, `VALUE`, `NAME`) VALUES('407c0232-857d-4eef-9678-bf9f04c9ca68', 'true', 'id.token.claim');
INSERT INTO `PROTOCOL_MAPPER_CONFIG` (`PROTOCOL_MAPPER_ID`, `VALUE`, `NAME`) VALUES('407c0232-857d-4eef-9678-bf9f04c9ca68', 'true', 'userinfo.token.claim');
INSERT INTO `PROTOCOL_MAPPER_CONFIG` (`PROTOCOL_MAPPER_ID`, `VALUE`, `NAME`) VALUES('43936122-24d0-4bf9-9f5e-7fda7a685a4e', 'true', 'access.token.claim');
INSERT INTO `PROTOCOL_MAPPER_CONFIG` (`PROTOCOL_MAPPER_ID`, `VALUE`, `NAME`) VALUES('43936122-24d0-4bf9-9f5e-7fda7a685a4e', 'picture', 'claim.name');
INSERT INTO `PROTOCOL_MAPPER_CONFIG` (`PROTOCOL_MAPPER_ID`, `VALUE`, `NAME`) VALUES('43936122-24d0-4bf9-9f5e-7fda7a685a4e', 'true', 'id.token.claim');
INSERT INTO `PROTOCOL_MAPPER_CONFIG` (`PROTOCOL_MAPPER_ID`, `VALUE`, `NAME`) VALUES('43936122-24d0-4bf9-9f5e-7fda7a685a4e', 'String', 'jsonType.label');
INSERT INTO `PROTOCOL_MAPPER_CONFIG` (`PROTOCOL_MAPPER_ID`, `VALUE`, `NAME`) VALUES('43936122-24d0-4bf9-9f5e-7fda7a685a4e', 'picture', 'user.attribute');
INSERT INTO `PROTOCOL_MAPPER_CONFIG` (`PROTOCOL_MAPPER_ID`, `VALUE`, `NAME`) VALUES('43936122-24d0-4bf9-9f5e-7fda7a685a4e', 'true', 'userinfo.token.claim');
INSERT INTO `PROTOCOL_MAPPER_CONFIG` (`PROTOCOL_MAPPER_ID`, `VALUE`, `NAME`) VALUES('43b024f8-0d1c-4a32-ab51-9ad9eba4471d', 'true', 'access.token.claim');
INSERT INTO `PROTOCOL_MAPPER_CONFIG` (`PROTOCOL_MAPPER_ID`, `VALUE`, `NAME`) VALUES('43b024f8-0d1c-4a32-ab51-9ad9eba4471d', 'resource_access.${client_id}.roles', 'claim.name');
INSERT INTO `PROTOCOL_MAPPER_CONFIG` (`PROTOCOL_MAPPER_ID`, `VALUE`, `NAME`) VALUES('43b024f8-0d1c-4a32-ab51-9ad9eba4471d', 'String', 'jsonType.label');
INSERT INTO `PROTOCOL_MAPPER_CONFIG` (`PROTOCOL_MAPPER_ID`, `VALUE`, `NAME`) VALUES('43b024f8-0d1c-4a32-ab51-9ad9eba4471d', 'true', 'multivalued');
INSERT INTO `PROTOCOL_MAPPER_CONFIG` (`PROTOCOL_MAPPER_ID`, `VALUE`, `NAME`) VALUES('43b024f8-0d1c-4a32-ab51-9ad9eba4471d', 'foo', 'user.attribute');
INSERT INTO `PROTOCOL_MAPPER_CONFIG` (`PROTOCOL_MAPPER_ID`, `VALUE`, `NAME`) VALUES('44da92f0-5f1f-48c3-9938-6fd95ff4fb7a', 'true', 'access.token.claim');
INSERT INTO `PROTOCOL_MAPPER_CONFIG` (`PROTOCOL_MAPPER_ID`, `VALUE`, `NAME`) VALUES('44da92f0-5f1f-48c3-9938-6fd95ff4fb7a', 'realm_access.roles', 'claim.name');
INSERT INTO `PROTOCOL_MAPPER_CONFIG` (`PROTOCOL_MAPPER_ID`, `VALUE`, `NAME`) VALUES('44da92f0-5f1f-48c3-9938-6fd95ff4fb7a', 'String', 'jsonType.label');
INSERT INTO `PROTOCOL_MAPPER_CONFIG` (`PROTOCOL_MAPPER_ID`, `VALUE`, `NAME`) VALUES('44da92f0-5f1f-48c3-9938-6fd95ff4fb7a', 'true', 'multivalued');
INSERT INTO `PROTOCOL_MAPPER_CONFIG` (`PROTOCOL_MAPPER_ID`, `VALUE`, `NAME`) VALUES('44da92f0-5f1f-48c3-9938-6fd95ff4fb7a', 'foo', 'user.attribute');
INSERT INTO `PROTOCOL_MAPPER_CONFIG` (`PROTOCOL_MAPPER_ID`, `VALUE`, `NAME`) VALUES('4548345e-3ec0-44f2-b60b-7f3961315641', 'Role', 'attribute.name');
INSERT INTO `PROTOCOL_MAPPER_CONFIG` (`PROTOCOL_MAPPER_ID`, `VALUE`, `NAME`) VALUES('4548345e-3ec0-44f2-b60b-7f3961315641', 'Basic', 'attribute.nameformat');
INSERT INTO `PROTOCOL_MAPPER_CONFIG` (`PROTOCOL_MAPPER_ID`, `VALUE`, `NAME`) VALUES('4548345e-3ec0-44f2-b60b-7f3961315641', 'false', 'single');
INSERT INTO `PROTOCOL_MAPPER_CONFIG` (`PROTOCOL_MAPPER_ID`, `VALUE`, `NAME`) VALUES('46f518eb-558f-4912-b8de-6c419d2b4161', 'true', 'access.token.claim');
INSERT INTO `PROTOCOL_MAPPER_CONFIG` (`PROTOCOL_MAPPER_ID`, `VALUE`, `NAME`) VALUES('46f518eb-558f-4912-b8de-6c419d2b4161', 'profile', 'claim.name');
INSERT INTO `PROTOCOL_MAPPER_CONFIG` (`PROTOCOL_MAPPER_ID`, `VALUE`, `NAME`) VALUES('46f518eb-558f-4912-b8de-6c419d2b4161', 'true', 'id.token.claim');
INSERT INTO `PROTOCOL_MAPPER_CONFIG` (`PROTOCOL_MAPPER_ID`, `VALUE`, `NAME`) VALUES('46f518eb-558f-4912-b8de-6c419d2b4161', 'String', 'jsonType.label');
INSERT INTO `PROTOCOL_MAPPER_CONFIG` (`PROTOCOL_MAPPER_ID`, `VALUE`, `NAME`) VALUES('46f518eb-558f-4912-b8de-6c419d2b4161', 'profile', 'user.attribute');
INSERT INTO `PROTOCOL_MAPPER_CONFIG` (`PROTOCOL_MAPPER_ID`, `VALUE`, `NAME`) VALUES('46f518eb-558f-4912-b8de-6c419d2b4161', 'true', 'userinfo.token.claim');
INSERT INTO `PROTOCOL_MAPPER_CONFIG` (`PROTOCOL_MAPPER_ID`, `VALUE`, `NAME`) VALUES('4f67d678-8409-4c15-a821-6625d4abe79d', 'true', 'access.token.claim');
INSERT INTO `PROTOCOL_MAPPER_CONFIG` (`PROTOCOL_MAPPER_ID`, `VALUE`, `NAME`) VALUES('4f67d678-8409-4c15-a821-6625d4abe79d', 'updated_at', 'claim.name');
INSERT INTO `PROTOCOL_MAPPER_CONFIG` (`PROTOCOL_MAPPER_ID`, `VALUE`, `NAME`) VALUES('4f67d678-8409-4c15-a821-6625d4abe79d', 'true', 'id.token.claim');
INSERT INTO `PROTOCOL_MAPPER_CONFIG` (`PROTOCOL_MAPPER_ID`, `VALUE`, `NAME`) VALUES('4f67d678-8409-4c15-a821-6625d4abe79d', 'String', 'jsonType.label');
INSERT INTO `PROTOCOL_MAPPER_CONFIG` (`PROTOCOL_MAPPER_ID`, `VALUE`, `NAME`) VALUES('4f67d678-8409-4c15-a821-6625d4abe79d', 'updatedAt', 'user.attribute');
INSERT INTO `PROTOCOL_MAPPER_CONFIG` (`PROTOCOL_MAPPER_ID`, `VALUE`, `NAME`) VALUES('4f67d678-8409-4c15-a821-6625d4abe79d', 'true', 'userinfo.token.claim');
INSERT INTO `PROTOCOL_MAPPER_CONFIG` (`PROTOCOL_MAPPER_ID`, `VALUE`, `NAME`) VALUES('4f7b60a7-2e47-48d8-b047-085248004540', 'true', 'access.token.claim');
INSERT INTO `PROTOCOL_MAPPER_CONFIG` (`PROTOCOL_MAPPER_ID`, `VALUE`, `NAME`) VALUES('4f7b60a7-2e47-48d8-b047-085248004540', 'nickname', 'claim.name');
INSERT INTO `PROTOCOL_MAPPER_CONFIG` (`PROTOCOL_MAPPER_ID`, `VALUE`, `NAME`) VALUES('4f7b60a7-2e47-48d8-b047-085248004540', 'true', 'id.token.claim');
INSERT INTO `PROTOCOL_MAPPER_CONFIG` (`PROTOCOL_MAPPER_ID`, `VALUE`, `NAME`) VALUES('4f7b60a7-2e47-48d8-b047-085248004540', 'String', 'jsonType.label');
INSERT INTO `PROTOCOL_MAPPER_CONFIG` (`PROTOCOL_MAPPER_ID`, `VALUE`, `NAME`) VALUES('4f7b60a7-2e47-48d8-b047-085248004540', 'nickname', 'user.attribute');
INSERT INTO `PROTOCOL_MAPPER_CONFIG` (`PROTOCOL_MAPPER_ID`, `VALUE`, `NAME`) VALUES('4f7b60a7-2e47-48d8-b047-085248004540', 'true', 'userinfo.token.claim');
INSERT INTO `PROTOCOL_MAPPER_CONFIG` (`PROTOCOL_MAPPER_ID`, `VALUE`, `NAME`) VALUES('54cad4f1-95a0-440c-b55c-922249f0e177', 'true', 'access.token.claim');
INSERT INTO `PROTOCOL_MAPPER_CONFIG` (`PROTOCOL_MAPPER_ID`, `VALUE`, `NAME`) VALUES('54cad4f1-95a0-440c-b55c-922249f0e177', 'resource_access.${client_id}.roles', 'claim.name');
INSERT INTO `PROTOCOL_MAPPER_CONFIG` (`PROTOCOL_MAPPER_ID`, `VALUE`, `NAME`) VALUES('54cad4f1-95a0-440c-b55c-922249f0e177', 'String', 'jsonType.label');
INSERT INTO `PROTOCOL_MAPPER_CONFIG` (`PROTOCOL_MAPPER_ID`, `VALUE`, `NAME`) VALUES('54cad4f1-95a0-440c-b55c-922249f0e177', 'true', 'multivalued');
INSERT INTO `PROTOCOL_MAPPER_CONFIG` (`PROTOCOL_MAPPER_ID`, `VALUE`, `NAME`) VALUES('54cad4f1-95a0-440c-b55c-922249f0e177', 'foo', 'user.attribute');
INSERT INTO `PROTOCOL_MAPPER_CONFIG` (`PROTOCOL_MAPPER_ID`, `VALUE`, `NAME`) VALUES('5522ff2c-4ccd-4776-b04e-36b18da67379', 'true', 'access.token.claim');
INSERT INTO `PROTOCOL_MAPPER_CONFIG` (`PROTOCOL_MAPPER_ID`, `VALUE`, `NAME`) VALUES('5522ff2c-4ccd-4776-b04e-36b18da67379', 'phone_number_verified', 'claim.name');
INSERT INTO `PROTOCOL_MAPPER_CONFIG` (`PROTOCOL_MAPPER_ID`, `VALUE`, `NAME`) VALUES('5522ff2c-4ccd-4776-b04e-36b18da67379', 'true', 'id.token.claim');
INSERT INTO `PROTOCOL_MAPPER_CONFIG` (`PROTOCOL_MAPPER_ID`, `VALUE`, `NAME`) VALUES('5522ff2c-4ccd-4776-b04e-36b18da67379', 'boolean', 'jsonType.label');
INSERT INTO `PROTOCOL_MAPPER_CONFIG` (`PROTOCOL_MAPPER_ID`, `VALUE`, `NAME`) VALUES('5522ff2c-4ccd-4776-b04e-36b18da67379', 'phoneNumberVerified', 'user.attribute');
INSERT INTO `PROTOCOL_MAPPER_CONFIG` (`PROTOCOL_MAPPER_ID`, `VALUE`, `NAME`) VALUES('5522ff2c-4ccd-4776-b04e-36b18da67379', 'true', 'userinfo.token.claim');
INSERT INTO `PROTOCOL_MAPPER_CONFIG` (`PROTOCOL_MAPPER_ID`, `VALUE`, `NAME`) VALUES('5a79ffcf-3b0b-421a-924a-22442bb31ae0', 'true', 'access.token.claim');
INSERT INTO `PROTOCOL_MAPPER_CONFIG` (`PROTOCOL_MAPPER_ID`, `VALUE`, `NAME`) VALUES('5a79ffcf-3b0b-421a-924a-22442bb31ae0', 'updated_at', 'claim.name');
INSERT INTO `PROTOCOL_MAPPER_CONFIG` (`PROTOCOL_MAPPER_ID`, `VALUE`, `NAME`) VALUES('5a79ffcf-3b0b-421a-924a-22442bb31ae0', 'true', 'id.token.claim');
INSERT INTO `PROTOCOL_MAPPER_CONFIG` (`PROTOCOL_MAPPER_ID`, `VALUE`, `NAME`) VALUES('5a79ffcf-3b0b-421a-924a-22442bb31ae0', 'String', 'jsonType.label');
INSERT INTO `PROTOCOL_MAPPER_CONFIG` (`PROTOCOL_MAPPER_ID`, `VALUE`, `NAME`) VALUES('5a79ffcf-3b0b-421a-924a-22442bb31ae0', 'updatedAt', 'user.attribute');
INSERT INTO `PROTOCOL_MAPPER_CONFIG` (`PROTOCOL_MAPPER_ID`, `VALUE`, `NAME`) VALUES('5a79ffcf-3b0b-421a-924a-22442bb31ae0', 'true', 'userinfo.token.claim');
INSERT INTO `PROTOCOL_MAPPER_CONFIG` (`PROTOCOL_MAPPER_ID`, `VALUE`, `NAME`) VALUES('5bdb83db-5e32-428d-a7cb-0449007d4c69', 'true', 'access.token.claim');
INSERT INTO `PROTOCOL_MAPPER_CONFIG` (`PROTOCOL_MAPPER_ID`, `VALUE`, `NAME`) VALUES('5bdb83db-5e32-428d-a7cb-0449007d4c69', 'locale', 'claim.name');
INSERT INTO `PROTOCOL_MAPPER_CONFIG` (`PROTOCOL_MAPPER_ID`, `VALUE`, `NAME`) VALUES('5bdb83db-5e32-428d-a7cb-0449007d4c69', 'true', 'id.token.claim');
INSERT INTO `PROTOCOL_MAPPER_CONFIG` (`PROTOCOL_MAPPER_ID`, `VALUE`, `NAME`) VALUES('5bdb83db-5e32-428d-a7cb-0449007d4c69', 'String', 'jsonType.label');
INSERT INTO `PROTOCOL_MAPPER_CONFIG` (`PROTOCOL_MAPPER_ID`, `VALUE`, `NAME`) VALUES('5bdb83db-5e32-428d-a7cb-0449007d4c69', 'locale', 'user.attribute');
INSERT INTO `PROTOCOL_MAPPER_CONFIG` (`PROTOCOL_MAPPER_ID`, `VALUE`, `NAME`) VALUES('5bdb83db-5e32-428d-a7cb-0449007d4c69', 'true', 'userinfo.token.claim');
INSERT INTO `PROTOCOL_MAPPER_CONFIG` (`PROTOCOL_MAPPER_ID`, `VALUE`, `NAME`) VALUES('615d85b0-f183-46a7-bcf9-2a823466c299', 'true', 'access.token.claim');
INSERT INTO `PROTOCOL_MAPPER_CONFIG` (`PROTOCOL_MAPPER_ID`, `VALUE`, `NAME`) VALUES('615d85b0-f183-46a7-bcf9-2a823466c299', 'preferred_username', 'claim.name');
INSERT INTO `PROTOCOL_MAPPER_CONFIG` (`PROTOCOL_MAPPER_ID`, `VALUE`, `NAME`) VALUES('615d85b0-f183-46a7-bcf9-2a823466c299', 'true', 'id.token.claim');
INSERT INTO `PROTOCOL_MAPPER_CONFIG` (`PROTOCOL_MAPPER_ID`, `VALUE`, `NAME`) VALUES('615d85b0-f183-46a7-bcf9-2a823466c299', 'String', 'jsonType.label');
INSERT INTO `PROTOCOL_MAPPER_CONFIG` (`PROTOCOL_MAPPER_ID`, `VALUE`, `NAME`) VALUES('615d85b0-f183-46a7-bcf9-2a823466c299', 'username', 'user.attribute');
INSERT INTO `PROTOCOL_MAPPER_CONFIG` (`PROTOCOL_MAPPER_ID`, `VALUE`, `NAME`) VALUES('615d85b0-f183-46a7-bcf9-2a823466c299', 'true', 'userinfo.token.claim');
INSERT INTO `PROTOCOL_MAPPER_CONFIG` (`PROTOCOL_MAPPER_ID`, `VALUE`, `NAME`) VALUES('690ec692-5525-4d66-8bde-dcf8260f492d', 'true', 'access.token.claim');
INSERT INTO `PROTOCOL_MAPPER_CONFIG` (`PROTOCOL_MAPPER_ID`, `VALUE`, `NAME`) VALUES('690ec692-5525-4d66-8bde-dcf8260f492d', 'gender', 'claim.name');
INSERT INTO `PROTOCOL_MAPPER_CONFIG` (`PROTOCOL_MAPPER_ID`, `VALUE`, `NAME`) VALUES('690ec692-5525-4d66-8bde-dcf8260f492d', 'true', 'id.token.claim');
INSERT INTO `PROTOCOL_MAPPER_CONFIG` (`PROTOCOL_MAPPER_ID`, `VALUE`, `NAME`) VALUES('690ec692-5525-4d66-8bde-dcf8260f492d', 'String', 'jsonType.label');
INSERT INTO `PROTOCOL_MAPPER_CONFIG` (`PROTOCOL_MAPPER_ID`, `VALUE`, `NAME`) VALUES('690ec692-5525-4d66-8bde-dcf8260f492d', 'gender', 'user.attribute');
INSERT INTO `PROTOCOL_MAPPER_CONFIG` (`PROTOCOL_MAPPER_ID`, `VALUE`, `NAME`) VALUES('690ec692-5525-4d66-8bde-dcf8260f492d', 'true', 'userinfo.token.claim');
INSERT INTO `PROTOCOL_MAPPER_CONFIG` (`PROTOCOL_MAPPER_ID`, `VALUE`, `NAME`) VALUES('693accc6-a665-4100-8ca9-0ad4af69a3e2', 'true', 'access.token.claim');
INSERT INTO `PROTOCOL_MAPPER_CONFIG` (`PROTOCOL_MAPPER_ID`, `VALUE`, `NAME`) VALUES('693accc6-a665-4100-8ca9-0ad4af69a3e2', 'true', 'id.token.claim');
INSERT INTO `PROTOCOL_MAPPER_CONFIG` (`PROTOCOL_MAPPER_ID`, `VALUE`, `NAME`) VALUES('693accc6-a665-4100-8ca9-0ad4af69a3e2', 'country', 'user.attribute.country');
INSERT INTO `PROTOCOL_MAPPER_CONFIG` (`PROTOCOL_MAPPER_ID`, `VALUE`, `NAME`) VALUES('693accc6-a665-4100-8ca9-0ad4af69a3e2', 'formatted', 'user.attribute.formatted');
INSERT INTO `PROTOCOL_MAPPER_CONFIG` (`PROTOCOL_MAPPER_ID`, `VALUE`, `NAME`) VALUES('693accc6-a665-4100-8ca9-0ad4af69a3e2', 'locality', 'user.attribute.locality');
INSERT INTO `PROTOCOL_MAPPER_CONFIG` (`PROTOCOL_MAPPER_ID`, `VALUE`, `NAME`) VALUES('693accc6-a665-4100-8ca9-0ad4af69a3e2', 'postal_code', 'user.attribute.postal_code');
INSERT INTO `PROTOCOL_MAPPER_CONFIG` (`PROTOCOL_MAPPER_ID`, `VALUE`, `NAME`) VALUES('693accc6-a665-4100-8ca9-0ad4af69a3e2', 'region', 'user.attribute.region');
INSERT INTO `PROTOCOL_MAPPER_CONFIG` (`PROTOCOL_MAPPER_ID`, `VALUE`, `NAME`) VALUES('693accc6-a665-4100-8ca9-0ad4af69a3e2', 'street', 'user.attribute.street');
INSERT INTO `PROTOCOL_MAPPER_CONFIG` (`PROTOCOL_MAPPER_ID`, `VALUE`, `NAME`) VALUES('693accc6-a665-4100-8ca9-0ad4af69a3e2', 'true', 'userinfo.token.claim');
INSERT INTO `PROTOCOL_MAPPER_CONFIG` (`PROTOCOL_MAPPER_ID`, `VALUE`, `NAME`) VALUES('6c50b2e4-4fa8-47c6-b5f6-7f05cbbe76e8', 'true', 'access.token.claim');
INSERT INTO `PROTOCOL_MAPPER_CONFIG` (`PROTOCOL_MAPPER_ID`, `VALUE`, `NAME`) VALUES('6c50b2e4-4fa8-47c6-b5f6-7f05cbbe76e8', 'upn', 'claim.name');
INSERT INTO `PROTOCOL_MAPPER_CONFIG` (`PROTOCOL_MAPPER_ID`, `VALUE`, `NAME`) VALUES('6c50b2e4-4fa8-47c6-b5f6-7f05cbbe76e8', 'true', 'id.token.claim');
INSERT INTO `PROTOCOL_MAPPER_CONFIG` (`PROTOCOL_MAPPER_ID`, `VALUE`, `NAME`) VALUES('6c50b2e4-4fa8-47c6-b5f6-7f05cbbe76e8', 'String', 'jsonType.label');
INSERT INTO `PROTOCOL_MAPPER_CONFIG` (`PROTOCOL_MAPPER_ID`, `VALUE`, `NAME`) VALUES('6c50b2e4-4fa8-47c6-b5f6-7f05cbbe76e8', 'username', 'user.attribute');
INSERT INTO `PROTOCOL_MAPPER_CONFIG` (`PROTOCOL_MAPPER_ID`, `VALUE`, `NAME`) VALUES('6c50b2e4-4fa8-47c6-b5f6-7f05cbbe76e8', 'true', 'userinfo.token.claim');
INSERT INTO `PROTOCOL_MAPPER_CONFIG` (`PROTOCOL_MAPPER_ID`, `VALUE`, `NAME`) VALUES('6d6c192d-0112-4bfc-bef7-727299598319', 'true', 'access.token.claim');
INSERT INTO `PROTOCOL_MAPPER_CONFIG` (`PROTOCOL_MAPPER_ID`, `VALUE`, `NAME`) VALUES('6d6c192d-0112-4bfc-bef7-727299598319', 'middle_name', 'claim.name');
INSERT INTO `PROTOCOL_MAPPER_CONFIG` (`PROTOCOL_MAPPER_ID`, `VALUE`, `NAME`) VALUES('6d6c192d-0112-4bfc-bef7-727299598319', 'true', 'id.token.claim');
INSERT INTO `PROTOCOL_MAPPER_CONFIG` (`PROTOCOL_MAPPER_ID`, `VALUE`, `NAME`) VALUES('6d6c192d-0112-4bfc-bef7-727299598319', 'String', 'jsonType.label');
INSERT INTO `PROTOCOL_MAPPER_CONFIG` (`PROTOCOL_MAPPER_ID`, `VALUE`, `NAME`) VALUES('6d6c192d-0112-4bfc-bef7-727299598319', 'middleName', 'user.attribute');
INSERT INTO `PROTOCOL_MAPPER_CONFIG` (`PROTOCOL_MAPPER_ID`, `VALUE`, `NAME`) VALUES('6d6c192d-0112-4bfc-bef7-727299598319', 'true', 'userinfo.token.claim');
INSERT INTO `PROTOCOL_MAPPER_CONFIG` (`PROTOCOL_MAPPER_ID`, `VALUE`, `NAME`) VALUES('6dde06d6-7073-44e8-bd59-65293dc0d7dd', 'true', 'access.token.claim');
INSERT INTO `PROTOCOL_MAPPER_CONFIG` (`PROTOCOL_MAPPER_ID`, `VALUE`, `NAME`) VALUES('6dde06d6-7073-44e8-bd59-65293dc0d7dd', 'website', 'claim.name');
INSERT INTO `PROTOCOL_MAPPER_CONFIG` (`PROTOCOL_MAPPER_ID`, `VALUE`, `NAME`) VALUES('6dde06d6-7073-44e8-bd59-65293dc0d7dd', 'true', 'id.token.claim');
INSERT INTO `PROTOCOL_MAPPER_CONFIG` (`PROTOCOL_MAPPER_ID`, `VALUE`, `NAME`) VALUES('6dde06d6-7073-44e8-bd59-65293dc0d7dd', 'String', 'jsonType.label');
INSERT INTO `PROTOCOL_MAPPER_CONFIG` (`PROTOCOL_MAPPER_ID`, `VALUE`, `NAME`) VALUES('6dde06d6-7073-44e8-bd59-65293dc0d7dd', 'website', 'user.attribute');
INSERT INTO `PROTOCOL_MAPPER_CONFIG` (`PROTOCOL_MAPPER_ID`, `VALUE`, `NAME`) VALUES('6dde06d6-7073-44e8-bd59-65293dc0d7dd', 'true', 'userinfo.token.claim');
INSERT INTO `PROTOCOL_MAPPER_CONFIG` (`PROTOCOL_MAPPER_ID`, `VALUE`, `NAME`) VALUES('730a9bf9-7e7d-4b5e-a353-4f95a81bc8e1', 'true', 'access.token.claim');
INSERT INTO `PROTOCOL_MAPPER_CONFIG` (`PROTOCOL_MAPPER_ID`, `VALUE`, `NAME`) VALUES('730a9bf9-7e7d-4b5e-a353-4f95a81bc8e1', 'upn', 'claim.name');
INSERT INTO `PROTOCOL_MAPPER_CONFIG` (`PROTOCOL_MAPPER_ID`, `VALUE`, `NAME`) VALUES('730a9bf9-7e7d-4b5e-a353-4f95a81bc8e1', 'true', 'id.token.claim');
INSERT INTO `PROTOCOL_MAPPER_CONFIG` (`PROTOCOL_MAPPER_ID`, `VALUE`, `NAME`) VALUES('730a9bf9-7e7d-4b5e-a353-4f95a81bc8e1', 'String', 'jsonType.label');
INSERT INTO `PROTOCOL_MAPPER_CONFIG` (`PROTOCOL_MAPPER_ID`, `VALUE`, `NAME`) VALUES('730a9bf9-7e7d-4b5e-a353-4f95a81bc8e1', 'username', 'user.attribute');
INSERT INTO `PROTOCOL_MAPPER_CONFIG` (`PROTOCOL_MAPPER_ID`, `VALUE`, `NAME`) VALUES('730a9bf9-7e7d-4b5e-a353-4f95a81bc8e1', 'true', 'userinfo.token.claim');
INSERT INTO `PROTOCOL_MAPPER_CONFIG` (`PROTOCOL_MAPPER_ID`, `VALUE`, `NAME`) VALUES('74856f43-80c8-447b-a37a-47878d8d8d0e', 'true', 'access.token.claim');
INSERT INTO `PROTOCOL_MAPPER_CONFIG` (`PROTOCOL_MAPPER_ID`, `VALUE`, `NAME`) VALUES('74856f43-80c8-447b-a37a-47878d8d8d0e', 'locale', 'claim.name');
INSERT INTO `PROTOCOL_MAPPER_CONFIG` (`PROTOCOL_MAPPER_ID`, `VALUE`, `NAME`) VALUES('74856f43-80c8-447b-a37a-47878d8d8d0e', 'true', 'id.token.claim');
INSERT INTO `PROTOCOL_MAPPER_CONFIG` (`PROTOCOL_MAPPER_ID`, `VALUE`, `NAME`) VALUES('74856f43-80c8-447b-a37a-47878d8d8d0e', 'String', 'jsonType.label');
INSERT INTO `PROTOCOL_MAPPER_CONFIG` (`PROTOCOL_MAPPER_ID`, `VALUE`, `NAME`) VALUES('74856f43-80c8-447b-a37a-47878d8d8d0e', 'locale', 'user.attribute');
INSERT INTO `PROTOCOL_MAPPER_CONFIG` (`PROTOCOL_MAPPER_ID`, `VALUE`, `NAME`) VALUES('74856f43-80c8-447b-a37a-47878d8d8d0e', 'true', 'userinfo.token.claim');
INSERT INTO `PROTOCOL_MAPPER_CONFIG` (`PROTOCOL_MAPPER_ID`, `VALUE`, `NAME`) VALUES('79933b92-7b0c-4abe-a2bc-e1c761c97e60', 'true', 'access.token.claim');
INSERT INTO `PROTOCOL_MAPPER_CONFIG` (`PROTOCOL_MAPPER_ID`, `VALUE`, `NAME`) VALUES('79933b92-7b0c-4abe-a2bc-e1c761c97e60', 'profile', 'claim.name');
INSERT INTO `PROTOCOL_MAPPER_CONFIG` (`PROTOCOL_MAPPER_ID`, `VALUE`, `NAME`) VALUES('79933b92-7b0c-4abe-a2bc-e1c761c97e60', 'true', 'id.token.claim');
INSERT INTO `PROTOCOL_MAPPER_CONFIG` (`PROTOCOL_MAPPER_ID`, `VALUE`, `NAME`) VALUES('79933b92-7b0c-4abe-a2bc-e1c761c97e60', 'String', 'jsonType.label');
INSERT INTO `PROTOCOL_MAPPER_CONFIG` (`PROTOCOL_MAPPER_ID`, `VALUE`, `NAME`) VALUES('79933b92-7b0c-4abe-a2bc-e1c761c97e60', 'profile', 'user.attribute');
INSERT INTO `PROTOCOL_MAPPER_CONFIG` (`PROTOCOL_MAPPER_ID`, `VALUE`, `NAME`) VALUES('79933b92-7b0c-4abe-a2bc-e1c761c97e60', 'true', 'userinfo.token.claim');
INSERT INTO `PROTOCOL_MAPPER_CONFIG` (`PROTOCOL_MAPPER_ID`, `VALUE`, `NAME`) VALUES('7a65fdb0-ed4b-428f-9a12-5a83ab6139aa', 'true', 'access.token.claim');
INSERT INTO `PROTOCOL_MAPPER_CONFIG` (`PROTOCOL_MAPPER_ID`, `VALUE`, `NAME`) VALUES('7a65fdb0-ed4b-428f-9a12-5a83ab6139aa', 'groups', 'claim.name');
INSERT INTO `PROTOCOL_MAPPER_CONFIG` (`PROTOCOL_MAPPER_ID`, `VALUE`, `NAME`) VALUES('7a65fdb0-ed4b-428f-9a12-5a83ab6139aa', 'true', 'id.token.claim');
INSERT INTO `PROTOCOL_MAPPER_CONFIG` (`PROTOCOL_MAPPER_ID`, `VALUE`, `NAME`) VALUES('7a65fdb0-ed4b-428f-9a12-5a83ab6139aa', 'String', 'jsonType.label');
INSERT INTO `PROTOCOL_MAPPER_CONFIG` (`PROTOCOL_MAPPER_ID`, `VALUE`, `NAME`) VALUES('7a65fdb0-ed4b-428f-9a12-5a83ab6139aa', 'true', 'multivalued');
INSERT INTO `PROTOCOL_MAPPER_CONFIG` (`PROTOCOL_MAPPER_ID`, `VALUE`, `NAME`) VALUES('7a65fdb0-ed4b-428f-9a12-5a83ab6139aa', 'foo', 'user.attribute');
INSERT INTO `PROTOCOL_MAPPER_CONFIG` (`PROTOCOL_MAPPER_ID`, `VALUE`, `NAME`) VALUES('80376de8-a1d5-4f66-bf0b-c4947c81d59e', 'true', 'access.token.claim');
INSERT INTO `PROTOCOL_MAPPER_CONFIG` (`PROTOCOL_MAPPER_ID`, `VALUE`, `NAME`) VALUES('80376de8-a1d5-4f66-bf0b-c4947c81d59e', 'email', 'claim.name');
INSERT INTO `PROTOCOL_MAPPER_CONFIG` (`PROTOCOL_MAPPER_ID`, `VALUE`, `NAME`) VALUES('80376de8-a1d5-4f66-bf0b-c4947c81d59e', 'true', 'id.token.claim');
INSERT INTO `PROTOCOL_MAPPER_CONFIG` (`PROTOCOL_MAPPER_ID`, `VALUE`, `NAME`) VALUES('80376de8-a1d5-4f66-bf0b-c4947c81d59e', 'String', 'jsonType.label');
INSERT INTO `PROTOCOL_MAPPER_CONFIG` (`PROTOCOL_MAPPER_ID`, `VALUE`, `NAME`) VALUES('80376de8-a1d5-4f66-bf0b-c4947c81d59e', 'email', 'user.attribute');
INSERT INTO `PROTOCOL_MAPPER_CONFIG` (`PROTOCOL_MAPPER_ID`, `VALUE`, `NAME`) VALUES('80376de8-a1d5-4f66-bf0b-c4947c81d59e', 'true', 'userinfo.token.claim');
INSERT INTO `PROTOCOL_MAPPER_CONFIG` (`PROTOCOL_MAPPER_ID`, `VALUE`, `NAME`) VALUES('812496ab-c4e0-4867-864f-63422c3d4a72', 'true', 'access.token.claim');
INSERT INTO `PROTOCOL_MAPPER_CONFIG` (`PROTOCOL_MAPPER_ID`, `VALUE`, `NAME`) VALUES('812496ab-c4e0-4867-864f-63422c3d4a72', 'middle_name', 'claim.name');
INSERT INTO `PROTOCOL_MAPPER_CONFIG` (`PROTOCOL_MAPPER_ID`, `VALUE`, `NAME`) VALUES('812496ab-c4e0-4867-864f-63422c3d4a72', 'true', 'id.token.claim');
INSERT INTO `PROTOCOL_MAPPER_CONFIG` (`PROTOCOL_MAPPER_ID`, `VALUE`, `NAME`) VALUES('812496ab-c4e0-4867-864f-63422c3d4a72', 'String', 'jsonType.label');
INSERT INTO `PROTOCOL_MAPPER_CONFIG` (`PROTOCOL_MAPPER_ID`, `VALUE`, `NAME`) VALUES('812496ab-c4e0-4867-864f-63422c3d4a72', 'middleName', 'user.attribute');
INSERT INTO `PROTOCOL_MAPPER_CONFIG` (`PROTOCOL_MAPPER_ID`, `VALUE`, `NAME`) VALUES('812496ab-c4e0-4867-864f-63422c3d4a72', 'true', 'userinfo.token.claim');
INSERT INTO `PROTOCOL_MAPPER_CONFIG` (`PROTOCOL_MAPPER_ID`, `VALUE`, `NAME`) VALUES('836c3604-dc77-4ebb-affd-1095a3b11846', 'true', 'access.token.claim');
INSERT INTO `PROTOCOL_MAPPER_CONFIG` (`PROTOCOL_MAPPER_ID`, `VALUE`, `NAME`) VALUES('836c3604-dc77-4ebb-affd-1095a3b11846', 'picture', 'claim.name');
INSERT INTO `PROTOCOL_MAPPER_CONFIG` (`PROTOCOL_MAPPER_ID`, `VALUE`, `NAME`) VALUES('836c3604-dc77-4ebb-affd-1095a3b11846', 'true', 'id.token.claim');
INSERT INTO `PROTOCOL_MAPPER_CONFIG` (`PROTOCOL_MAPPER_ID`, `VALUE`, `NAME`) VALUES('836c3604-dc77-4ebb-affd-1095a3b11846', 'String', 'jsonType.label');
INSERT INTO `PROTOCOL_MAPPER_CONFIG` (`PROTOCOL_MAPPER_ID`, `VALUE`, `NAME`) VALUES('836c3604-dc77-4ebb-affd-1095a3b11846', 'picture', 'user.attribute');
INSERT INTO `PROTOCOL_MAPPER_CONFIG` (`PROTOCOL_MAPPER_ID`, `VALUE`, `NAME`) VALUES('836c3604-dc77-4ebb-affd-1095a3b11846', 'true', 'userinfo.token.claim');
INSERT INTO `PROTOCOL_MAPPER_CONFIG` (`PROTOCOL_MAPPER_ID`, `VALUE`, `NAME`) VALUES('86179382-abff-4ee4-8d07-d55617e16305', 'true', 'access.token.claim');
INSERT INTO `PROTOCOL_MAPPER_CONFIG` (`PROTOCOL_MAPPER_ID`, `VALUE`, `NAME`) VALUES('86179382-abff-4ee4-8d07-d55617e16305', 'zoneinfo', 'claim.name');
INSERT INTO `PROTOCOL_MAPPER_CONFIG` (`PROTOCOL_MAPPER_ID`, `VALUE`, `NAME`) VALUES('86179382-abff-4ee4-8d07-d55617e16305', 'true', 'id.token.claim');
INSERT INTO `PROTOCOL_MAPPER_CONFIG` (`PROTOCOL_MAPPER_ID`, `VALUE`, `NAME`) VALUES('86179382-abff-4ee4-8d07-d55617e16305', 'String', 'jsonType.label');
INSERT INTO `PROTOCOL_MAPPER_CONFIG` (`PROTOCOL_MAPPER_ID`, `VALUE`, `NAME`) VALUES('86179382-abff-4ee4-8d07-d55617e16305', 'zoneinfo', 'user.attribute');
INSERT INTO `PROTOCOL_MAPPER_CONFIG` (`PROTOCOL_MAPPER_ID`, `VALUE`, `NAME`) VALUES('86179382-abff-4ee4-8d07-d55617e16305', 'true', 'userinfo.token.claim');
INSERT INTO `PROTOCOL_MAPPER_CONFIG` (`PROTOCOL_MAPPER_ID`, `VALUE`, `NAME`) VALUES('86294ea8-c279-49c1-a976-42457ca49f6c', 'true', 'access.token.claim');
INSERT INTO `PROTOCOL_MAPPER_CONFIG` (`PROTOCOL_MAPPER_ID`, `VALUE`, `NAME`) VALUES('86294ea8-c279-49c1-a976-42457ca49f6c', 'true', 'id.token.claim');
INSERT INTO `PROTOCOL_MAPPER_CONFIG` (`PROTOCOL_MAPPER_ID`, `VALUE`, `NAME`) VALUES('86294ea8-c279-49c1-a976-42457ca49f6c', 'country', 'user.attribute.country');
INSERT INTO `PROTOCOL_MAPPER_CONFIG` (`PROTOCOL_MAPPER_ID`, `VALUE`, `NAME`) VALUES('86294ea8-c279-49c1-a976-42457ca49f6c', 'formatted', 'user.attribute.formatted');
INSERT INTO `PROTOCOL_MAPPER_CONFIG` (`PROTOCOL_MAPPER_ID`, `VALUE`, `NAME`) VALUES('86294ea8-c279-49c1-a976-42457ca49f6c', 'locality', 'user.attribute.locality');
INSERT INTO `PROTOCOL_MAPPER_CONFIG` (`PROTOCOL_MAPPER_ID`, `VALUE`, `NAME`) VALUES('86294ea8-c279-49c1-a976-42457ca49f6c', 'postal_code', 'user.attribute.postal_code');
INSERT INTO `PROTOCOL_MAPPER_CONFIG` (`PROTOCOL_MAPPER_ID`, `VALUE`, `NAME`) VALUES('86294ea8-c279-49c1-a976-42457ca49f6c', 'region', 'user.attribute.region');
INSERT INTO `PROTOCOL_MAPPER_CONFIG` (`PROTOCOL_MAPPER_ID`, `VALUE`, `NAME`) VALUES('86294ea8-c279-49c1-a976-42457ca49f6c', 'street', 'user.attribute.street');
INSERT INTO `PROTOCOL_MAPPER_CONFIG` (`PROTOCOL_MAPPER_ID`, `VALUE`, `NAME`) VALUES('86294ea8-c279-49c1-a976-42457ca49f6c', 'true', 'userinfo.token.claim');
INSERT INTO `PROTOCOL_MAPPER_CONFIG` (`PROTOCOL_MAPPER_ID`, `VALUE`, `NAME`) VALUES('8848e838-aa37-4c26-9ae9-6c3d5d1fc79b', 'true', 'access.token.claim');
INSERT INTO `PROTOCOL_MAPPER_CONFIG` (`PROTOCOL_MAPPER_ID`, `VALUE`, `NAME`) VALUES('8848e838-aa37-4c26-9ae9-6c3d5d1fc79b', 'profile', 'claim.name');
INSERT INTO `PROTOCOL_MAPPER_CONFIG` (`PROTOCOL_MAPPER_ID`, `VALUE`, `NAME`) VALUES('8848e838-aa37-4c26-9ae9-6c3d5d1fc79b', 'true', 'id.token.claim');
INSERT INTO `PROTOCOL_MAPPER_CONFIG` (`PROTOCOL_MAPPER_ID`, `VALUE`, `NAME`) VALUES('8848e838-aa37-4c26-9ae9-6c3d5d1fc79b', 'String', 'jsonType.label');
INSERT INTO `PROTOCOL_MAPPER_CONFIG` (`PROTOCOL_MAPPER_ID`, `VALUE`, `NAME`) VALUES('8848e838-aa37-4c26-9ae9-6c3d5d1fc79b', 'profile', 'user.attribute');
INSERT INTO `PROTOCOL_MAPPER_CONFIG` (`PROTOCOL_MAPPER_ID`, `VALUE`, `NAME`) VALUES('8848e838-aa37-4c26-9ae9-6c3d5d1fc79b', 'true', 'userinfo.token.claim');
INSERT INTO `PROTOCOL_MAPPER_CONFIG` (`PROTOCOL_MAPPER_ID`, `VALUE`, `NAME`) VALUES('88efdbd5-166a-4c01-89a4-77973cc6546a', 'true', 'access.token.claim');
INSERT INTO `PROTOCOL_MAPPER_CONFIG` (`PROTOCOL_MAPPER_ID`, `VALUE`, `NAME`) VALUES('88efdbd5-166a-4c01-89a4-77973cc6546a', 'given_name', 'claim.name');
INSERT INTO `PROTOCOL_MAPPER_CONFIG` (`PROTOCOL_MAPPER_ID`, `VALUE`, `NAME`) VALUES('88efdbd5-166a-4c01-89a4-77973cc6546a', 'true', 'id.token.claim');
INSERT INTO `PROTOCOL_MAPPER_CONFIG` (`PROTOCOL_MAPPER_ID`, `VALUE`, `NAME`) VALUES('88efdbd5-166a-4c01-89a4-77973cc6546a', 'String', 'jsonType.label');
INSERT INTO `PROTOCOL_MAPPER_CONFIG` (`PROTOCOL_MAPPER_ID`, `VALUE`, `NAME`) VALUES('88efdbd5-166a-4c01-89a4-77973cc6546a', 'firstName', 'user.attribute');
INSERT INTO `PROTOCOL_MAPPER_CONFIG` (`PROTOCOL_MAPPER_ID`, `VALUE`, `NAME`) VALUES('88efdbd5-166a-4c01-89a4-77973cc6546a', 'true', 'userinfo.token.claim');
INSERT INTO `PROTOCOL_MAPPER_CONFIG` (`PROTOCOL_MAPPER_ID`, `VALUE`, `NAME`) VALUES('8ab00907-67e3-4a28-9441-74e3b31b9a2c', 'true', 'access.token.claim');
INSERT INTO `PROTOCOL_MAPPER_CONFIG` (`PROTOCOL_MAPPER_ID`, `VALUE`, `NAME`) VALUES('8ab00907-67e3-4a28-9441-74e3b31b9a2c', 'updated_at', 'claim.name');
INSERT INTO `PROTOCOL_MAPPER_CONFIG` (`PROTOCOL_MAPPER_ID`, `VALUE`, `NAME`) VALUES('8ab00907-67e3-4a28-9441-74e3b31b9a2c', 'true', 'id.token.claim');
INSERT INTO `PROTOCOL_MAPPER_CONFIG` (`PROTOCOL_MAPPER_ID`, `VALUE`, `NAME`) VALUES('8ab00907-67e3-4a28-9441-74e3b31b9a2c', 'String', 'jsonType.label');
INSERT INTO `PROTOCOL_MAPPER_CONFIG` (`PROTOCOL_MAPPER_ID`, `VALUE`, `NAME`) VALUES('8ab00907-67e3-4a28-9441-74e3b31b9a2c', 'updatedAt', 'user.attribute');
INSERT INTO `PROTOCOL_MAPPER_CONFIG` (`PROTOCOL_MAPPER_ID`, `VALUE`, `NAME`) VALUES('8ab00907-67e3-4a28-9441-74e3b31b9a2c', 'true', 'userinfo.token.claim');
INSERT INTO `PROTOCOL_MAPPER_CONFIG` (`PROTOCOL_MAPPER_ID`, `VALUE`, `NAME`) VALUES('8c3ed635-8df8-474f-8053-30418efd4eac', 'true', 'access.token.claim');
INSERT INTO `PROTOCOL_MAPPER_CONFIG` (`PROTOCOL_MAPPER_ID`, `VALUE`, `NAME`) VALUES('8c3ed635-8df8-474f-8053-30418efd4eac', 'email_verified', 'claim.name');
INSERT INTO `PROTOCOL_MAPPER_CONFIG` (`PROTOCOL_MAPPER_ID`, `VALUE`, `NAME`) VALUES('8c3ed635-8df8-474f-8053-30418efd4eac', 'true', 'id.token.claim');
INSERT INTO `PROTOCOL_MAPPER_CONFIG` (`PROTOCOL_MAPPER_ID`, `VALUE`, `NAME`) VALUES('8c3ed635-8df8-474f-8053-30418efd4eac', 'boolean', 'jsonType.label');
INSERT INTO `PROTOCOL_MAPPER_CONFIG` (`PROTOCOL_MAPPER_ID`, `VALUE`, `NAME`) VALUES('8c3ed635-8df8-474f-8053-30418efd4eac', 'emailVerified', 'user.attribute');
INSERT INTO `PROTOCOL_MAPPER_CONFIG` (`PROTOCOL_MAPPER_ID`, `VALUE`, `NAME`) VALUES('8c3ed635-8df8-474f-8053-30418efd4eac', 'true', 'userinfo.token.claim');
INSERT INTO `PROTOCOL_MAPPER_CONFIG` (`PROTOCOL_MAPPER_ID`, `VALUE`, `NAME`) VALUES('91b1a8f1-7f66-4d7e-a984-a9b885350c55', 'true', 'access.token.claim');
INSERT INTO `PROTOCOL_MAPPER_CONFIG` (`PROTOCOL_MAPPER_ID`, `VALUE`, `NAME`) VALUES('91b1a8f1-7f66-4d7e-a984-a9b885350c55', 'groups', 'claim.name');
INSERT INTO `PROTOCOL_MAPPER_CONFIG` (`PROTOCOL_MAPPER_ID`, `VALUE`, `NAME`) VALUES('91b1a8f1-7f66-4d7e-a984-a9b885350c55', 'true', 'id.token.claim');
INSERT INTO `PROTOCOL_MAPPER_CONFIG` (`PROTOCOL_MAPPER_ID`, `VALUE`, `NAME`) VALUES('91b1a8f1-7f66-4d7e-a984-a9b885350c55', 'String', 'jsonType.label');
INSERT INTO `PROTOCOL_MAPPER_CONFIG` (`PROTOCOL_MAPPER_ID`, `VALUE`, `NAME`) VALUES('91b1a8f1-7f66-4d7e-a984-a9b885350c55', 'true', 'multivalued');
INSERT INTO `PROTOCOL_MAPPER_CONFIG` (`PROTOCOL_MAPPER_ID`, `VALUE`, `NAME`) VALUES('91b1a8f1-7f66-4d7e-a984-a9b885350c55', 'foo', 'user.attribute');
INSERT INTO `PROTOCOL_MAPPER_CONFIG` (`PROTOCOL_MAPPER_ID`, `VALUE`, `NAME`) VALUES('9354d8c8-c990-4f2d-a0ca-0de4f25e269b', 'true', 'access.token.claim');
INSERT INTO `PROTOCOL_MAPPER_CONFIG` (`PROTOCOL_MAPPER_ID`, `VALUE`, `NAME`) VALUES('9354d8c8-c990-4f2d-a0ca-0de4f25e269b', 'email_verified', 'claim.name');
INSERT INTO `PROTOCOL_MAPPER_CONFIG` (`PROTOCOL_MAPPER_ID`, `VALUE`, `NAME`) VALUES('9354d8c8-c990-4f2d-a0ca-0de4f25e269b', 'true', 'id.token.claim');
INSERT INTO `PROTOCOL_MAPPER_CONFIG` (`PROTOCOL_MAPPER_ID`, `VALUE`, `NAME`) VALUES('9354d8c8-c990-4f2d-a0ca-0de4f25e269b', 'boolean', 'jsonType.label');
INSERT INTO `PROTOCOL_MAPPER_CONFIG` (`PROTOCOL_MAPPER_ID`, `VALUE`, `NAME`) VALUES('9354d8c8-c990-4f2d-a0ca-0de4f25e269b', 'emailVerified', 'user.attribute');
INSERT INTO `PROTOCOL_MAPPER_CONFIG` (`PROTOCOL_MAPPER_ID`, `VALUE`, `NAME`) VALUES('9354d8c8-c990-4f2d-a0ca-0de4f25e269b', 'true', 'userinfo.token.claim');
INSERT INTO `PROTOCOL_MAPPER_CONFIG` (`PROTOCOL_MAPPER_ID`, `VALUE`, `NAME`) VALUES('9392e628-00e0-48f1-bec2-360d328b2227', 'true', 'access.token.claim');
INSERT INTO `PROTOCOL_MAPPER_CONFIG` (`PROTOCOL_MAPPER_ID`, `VALUE`, `NAME`) VALUES('9392e628-00e0-48f1-bec2-360d328b2227', 'phone_number_verified', 'claim.name');
INSERT INTO `PROTOCOL_MAPPER_CONFIG` (`PROTOCOL_MAPPER_ID`, `VALUE`, `NAME`) VALUES('9392e628-00e0-48f1-bec2-360d328b2227', 'true', 'id.token.claim');
INSERT INTO `PROTOCOL_MAPPER_CONFIG` (`PROTOCOL_MAPPER_ID`, `VALUE`, `NAME`) VALUES('9392e628-00e0-48f1-bec2-360d328b2227', 'boolean', 'jsonType.label');
INSERT INTO `PROTOCOL_MAPPER_CONFIG` (`PROTOCOL_MAPPER_ID`, `VALUE`, `NAME`) VALUES('9392e628-00e0-48f1-bec2-360d328b2227', 'phoneNumberVerified', 'user.attribute');
INSERT INTO `PROTOCOL_MAPPER_CONFIG` (`PROTOCOL_MAPPER_ID`, `VALUE`, `NAME`) VALUES('9392e628-00e0-48f1-bec2-360d328b2227', 'true', 'userinfo.token.claim');
INSERT INTO `PROTOCOL_MAPPER_CONFIG` (`PROTOCOL_MAPPER_ID`, `VALUE`, `NAME`) VALUES('93d13900-5b9e-4628-a234-8190f2d4fee3', 'true', 'access.token.claim');
INSERT INTO `PROTOCOL_MAPPER_CONFIG` (`PROTOCOL_MAPPER_ID`, `VALUE`, `NAME`) VALUES('93d13900-5b9e-4628-a234-8190f2d4fee3', 'phone_number', 'claim.name');
INSERT INTO `PROTOCOL_MAPPER_CONFIG` (`PROTOCOL_MAPPER_ID`, `VALUE`, `NAME`) VALUES('93d13900-5b9e-4628-a234-8190f2d4fee3', 'true', 'id.token.claim');
INSERT INTO `PROTOCOL_MAPPER_CONFIG` (`PROTOCOL_MAPPER_ID`, `VALUE`, `NAME`) VALUES('93d13900-5b9e-4628-a234-8190f2d4fee3', 'String', 'jsonType.label');
INSERT INTO `PROTOCOL_MAPPER_CONFIG` (`PROTOCOL_MAPPER_ID`, `VALUE`, `NAME`) VALUES('93d13900-5b9e-4628-a234-8190f2d4fee3', 'phoneNumber', 'user.attribute');
INSERT INTO `PROTOCOL_MAPPER_CONFIG` (`PROTOCOL_MAPPER_ID`, `VALUE`, `NAME`) VALUES('93d13900-5b9e-4628-a234-8190f2d4fee3', 'true', 'userinfo.token.claim');
INSERT INTO `PROTOCOL_MAPPER_CONFIG` (`PROTOCOL_MAPPER_ID`, `VALUE`, `NAME`) VALUES('96d3bcac-6c67-476a-8c99-1901f9abbfd0', 'true', 'access.token.claim');
INSERT INTO `PROTOCOL_MAPPER_CONFIG` (`PROTOCOL_MAPPER_ID`, `VALUE`, `NAME`) VALUES('96d3bcac-6c67-476a-8c99-1901f9abbfd0', 'website', 'claim.name');
INSERT INTO `PROTOCOL_MAPPER_CONFIG` (`PROTOCOL_MAPPER_ID`, `VALUE`, `NAME`) VALUES('96d3bcac-6c67-476a-8c99-1901f9abbfd0', 'true', 'id.token.claim');
INSERT INTO `PROTOCOL_MAPPER_CONFIG` (`PROTOCOL_MAPPER_ID`, `VALUE`, `NAME`) VALUES('96d3bcac-6c67-476a-8c99-1901f9abbfd0', 'String', 'jsonType.label');
INSERT INTO `PROTOCOL_MAPPER_CONFIG` (`PROTOCOL_MAPPER_ID`, `VALUE`, `NAME`) VALUES('96d3bcac-6c67-476a-8c99-1901f9abbfd0', 'website', 'user.attribute');
INSERT INTO `PROTOCOL_MAPPER_CONFIG` (`PROTOCOL_MAPPER_ID`, `VALUE`, `NAME`) VALUES('96d3bcac-6c67-476a-8c99-1901f9abbfd0', 'true', 'userinfo.token.claim');
INSERT INTO `PROTOCOL_MAPPER_CONFIG` (`PROTOCOL_MAPPER_ID`, `VALUE`, `NAME`) VALUES('980dec77-666f-436f-a0ca-e81c595f3837', 'true', 'access.token.claim');
INSERT INTO `PROTOCOL_MAPPER_CONFIG` (`PROTOCOL_MAPPER_ID`, `VALUE`, `NAME`) VALUES('980dec77-666f-436f-a0ca-e81c595f3837', 'nickname', 'claim.name');
INSERT INTO `PROTOCOL_MAPPER_CONFIG` (`PROTOCOL_MAPPER_ID`, `VALUE`, `NAME`) VALUES('980dec77-666f-436f-a0ca-e81c595f3837', 'true', 'id.token.claim');
INSERT INTO `PROTOCOL_MAPPER_CONFIG` (`PROTOCOL_MAPPER_ID`, `VALUE`, `NAME`) VALUES('980dec77-666f-436f-a0ca-e81c595f3837', 'String', 'jsonType.label');
INSERT INTO `PROTOCOL_MAPPER_CONFIG` (`PROTOCOL_MAPPER_ID`, `VALUE`, `NAME`) VALUES('980dec77-666f-436f-a0ca-e81c595f3837', 'nickname', 'user.attribute');
INSERT INTO `PROTOCOL_MAPPER_CONFIG` (`PROTOCOL_MAPPER_ID`, `VALUE`, `NAME`) VALUES('980dec77-666f-436f-a0ca-e81c595f3837', 'true', 'userinfo.token.claim');
INSERT INTO `PROTOCOL_MAPPER_CONFIG` (`PROTOCOL_MAPPER_ID`, `VALUE`, `NAME`) VALUES('9c910101-5975-424f-bb04-de277ffee78a', 'true', 'access.token.claim');
INSERT INTO `PROTOCOL_MAPPER_CONFIG` (`PROTOCOL_MAPPER_ID`, `VALUE`, `NAME`) VALUES('9c910101-5975-424f-bb04-de277ffee78a', 'locale', 'claim.name');
INSERT INTO `PROTOCOL_MAPPER_CONFIG` (`PROTOCOL_MAPPER_ID`, `VALUE`, `NAME`) VALUES('9c910101-5975-424f-bb04-de277ffee78a', 'true', 'id.token.claim');
INSERT INTO `PROTOCOL_MAPPER_CONFIG` (`PROTOCOL_MAPPER_ID`, `VALUE`, `NAME`) VALUES('9c910101-5975-424f-bb04-de277ffee78a', 'String', 'jsonType.label');
INSERT INTO `PROTOCOL_MAPPER_CONFIG` (`PROTOCOL_MAPPER_ID`, `VALUE`, `NAME`) VALUES('9c910101-5975-424f-bb04-de277ffee78a', 'locale', 'user.attribute');
INSERT INTO `PROTOCOL_MAPPER_CONFIG` (`PROTOCOL_MAPPER_ID`, `VALUE`, `NAME`) VALUES('9c910101-5975-424f-bb04-de277ffee78a', 'true', 'userinfo.token.claim');
INSERT INTO `PROTOCOL_MAPPER_CONFIG` (`PROTOCOL_MAPPER_ID`, `VALUE`, `NAME`) VALUES('a5ee44d8-1e57-4a10-8e29-f8f126a2d023', 'true', 'access.token.claim');
INSERT INTO `PROTOCOL_MAPPER_CONFIG` (`PROTOCOL_MAPPER_ID`, `VALUE`, `NAME`) VALUES('a5ee44d8-1e57-4a10-8e29-f8f126a2d023', 'phone_number', 'claim.name');
INSERT INTO `PROTOCOL_MAPPER_CONFIG` (`PROTOCOL_MAPPER_ID`, `VALUE`, `NAME`) VALUES('a5ee44d8-1e57-4a10-8e29-f8f126a2d023', 'true', 'id.token.claim');
INSERT INTO `PROTOCOL_MAPPER_CONFIG` (`PROTOCOL_MAPPER_ID`, `VALUE`, `NAME`) VALUES('a5ee44d8-1e57-4a10-8e29-f8f126a2d023', 'String', 'jsonType.label');
INSERT INTO `PROTOCOL_MAPPER_CONFIG` (`PROTOCOL_MAPPER_ID`, `VALUE`, `NAME`) VALUES('a5ee44d8-1e57-4a10-8e29-f8f126a2d023', 'phoneNumber', 'user.attribute');
INSERT INTO `PROTOCOL_MAPPER_CONFIG` (`PROTOCOL_MAPPER_ID`, `VALUE`, `NAME`) VALUES('a5ee44d8-1e57-4a10-8e29-f8f126a2d023', 'true', 'userinfo.token.claim');
INSERT INTO `PROTOCOL_MAPPER_CONFIG` (`PROTOCOL_MAPPER_ID`, `VALUE`, `NAME`) VALUES('a892808d-8101-4e06-a5bb-b5bfbc2f3518', 'true', 'access.token.claim');
INSERT INTO `PROTOCOL_MAPPER_CONFIG` (`PROTOCOL_MAPPER_ID`, `VALUE`, `NAME`) VALUES('a892808d-8101-4e06-a5bb-b5bfbc2f3518', 'birthdate', 'claim.name');
INSERT INTO `PROTOCOL_MAPPER_CONFIG` (`PROTOCOL_MAPPER_ID`, `VALUE`, `NAME`) VALUES('a892808d-8101-4e06-a5bb-b5bfbc2f3518', 'true', 'id.token.claim');
INSERT INTO `PROTOCOL_MAPPER_CONFIG` (`PROTOCOL_MAPPER_ID`, `VALUE`, `NAME`) VALUES('a892808d-8101-4e06-a5bb-b5bfbc2f3518', 'String', 'jsonType.label');
INSERT INTO `PROTOCOL_MAPPER_CONFIG` (`PROTOCOL_MAPPER_ID`, `VALUE`, `NAME`) VALUES('a892808d-8101-4e06-a5bb-b5bfbc2f3518', 'birthdate', 'user.attribute');
INSERT INTO `PROTOCOL_MAPPER_CONFIG` (`PROTOCOL_MAPPER_ID`, `VALUE`, `NAME`) VALUES('a892808d-8101-4e06-a5bb-b5bfbc2f3518', 'true', 'userinfo.token.claim');
INSERT INTO `PROTOCOL_MAPPER_CONFIG` (`PROTOCOL_MAPPER_ID`, `VALUE`, `NAME`) VALUES('aae23db6-4734-4e5c-9551-3bb716cc71b6', 'true', 'access.token.claim');
INSERT INTO `PROTOCOL_MAPPER_CONFIG` (`PROTOCOL_MAPPER_ID`, `VALUE`, `NAME`) VALUES('aae23db6-4734-4e5c-9551-3bb716cc71b6', 'upn', 'claim.name');
INSERT INTO `PROTOCOL_MAPPER_CONFIG` (`PROTOCOL_MAPPER_ID`, `VALUE`, `NAME`) VALUES('aae23db6-4734-4e5c-9551-3bb716cc71b6', 'true', 'id.token.claim');
INSERT INTO `PROTOCOL_MAPPER_CONFIG` (`PROTOCOL_MAPPER_ID`, `VALUE`, `NAME`) VALUES('aae23db6-4734-4e5c-9551-3bb716cc71b6', 'String', 'jsonType.label');
INSERT INTO `PROTOCOL_MAPPER_CONFIG` (`PROTOCOL_MAPPER_ID`, `VALUE`, `NAME`) VALUES('aae23db6-4734-4e5c-9551-3bb716cc71b6', 'username', 'user.attribute');
INSERT INTO `PROTOCOL_MAPPER_CONFIG` (`PROTOCOL_MAPPER_ID`, `VALUE`, `NAME`) VALUES('aae23db6-4734-4e5c-9551-3bb716cc71b6', 'true', 'userinfo.token.claim');
INSERT INTO `PROTOCOL_MAPPER_CONFIG` (`PROTOCOL_MAPPER_ID`, `VALUE`, `NAME`) VALUES('ab42e2c5-3570-47a1-95b3-ce3b1f375410', 'true', 'access.token.claim');
INSERT INTO `PROTOCOL_MAPPER_CONFIG` (`PROTOCOL_MAPPER_ID`, `VALUE`, `NAME`) VALUES('ab42e2c5-3570-47a1-95b3-ce3b1f375410', 'phone_number', 'claim.name');
INSERT INTO `PROTOCOL_MAPPER_CONFIG` (`PROTOCOL_MAPPER_ID`, `VALUE`, `NAME`) VALUES('ab42e2c5-3570-47a1-95b3-ce3b1f375410', 'true', 'id.token.claim');
INSERT INTO `PROTOCOL_MAPPER_CONFIG` (`PROTOCOL_MAPPER_ID`, `VALUE`, `NAME`) VALUES('ab42e2c5-3570-47a1-95b3-ce3b1f375410', 'String', 'jsonType.label');
INSERT INTO `PROTOCOL_MAPPER_CONFIG` (`PROTOCOL_MAPPER_ID`, `VALUE`, `NAME`) VALUES('ab42e2c5-3570-47a1-95b3-ce3b1f375410', 'phoneNumber', 'user.attribute');
INSERT INTO `PROTOCOL_MAPPER_CONFIG` (`PROTOCOL_MAPPER_ID`, `VALUE`, `NAME`) VALUES('ab42e2c5-3570-47a1-95b3-ce3b1f375410', 'true', 'userinfo.token.claim');
INSERT INTO `PROTOCOL_MAPPER_CONFIG` (`PROTOCOL_MAPPER_ID`, `VALUE`, `NAME`) VALUES('ac8b168d-4822-4c2e-9e5a-af4117acc6dd', 'true', 'access.token.claim');
INSERT INTO `PROTOCOL_MAPPER_CONFIG` (`PROTOCOL_MAPPER_ID`, `VALUE`, `NAME`) VALUES('ac8b168d-4822-4c2e-9e5a-af4117acc6dd', 'picture', 'claim.name');
INSERT INTO `PROTOCOL_MAPPER_CONFIG` (`PROTOCOL_MAPPER_ID`, `VALUE`, `NAME`) VALUES('ac8b168d-4822-4c2e-9e5a-af4117acc6dd', 'true', 'id.token.claim');
INSERT INTO `PROTOCOL_MAPPER_CONFIG` (`PROTOCOL_MAPPER_ID`, `VALUE`, `NAME`) VALUES('ac8b168d-4822-4c2e-9e5a-af4117acc6dd', 'String', 'jsonType.label');
INSERT INTO `PROTOCOL_MAPPER_CONFIG` (`PROTOCOL_MAPPER_ID`, `VALUE`, `NAME`) VALUES('ac8b168d-4822-4c2e-9e5a-af4117acc6dd', 'picture', 'user.attribute');
INSERT INTO `PROTOCOL_MAPPER_CONFIG` (`PROTOCOL_MAPPER_ID`, `VALUE`, `NAME`) VALUES('ac8b168d-4822-4c2e-9e5a-af4117acc6dd', 'true', 'userinfo.token.claim');
INSERT INTO `PROTOCOL_MAPPER_CONFIG` (`PROTOCOL_MAPPER_ID`, `VALUE`, `NAME`) VALUES('ae4fd657-ae45-43cb-856b-4bc93a290a29', 'true', 'access.token.claim');
INSERT INTO `PROTOCOL_MAPPER_CONFIG` (`PROTOCOL_MAPPER_ID`, `VALUE`, `NAME`) VALUES('ae4fd657-ae45-43cb-856b-4bc93a290a29', 'preferred_username', 'claim.name');
INSERT INTO `PROTOCOL_MAPPER_CONFIG` (`PROTOCOL_MAPPER_ID`, `VALUE`, `NAME`) VALUES('ae4fd657-ae45-43cb-856b-4bc93a290a29', 'true', 'id.token.claim');
INSERT INTO `PROTOCOL_MAPPER_CONFIG` (`PROTOCOL_MAPPER_ID`, `VALUE`, `NAME`) VALUES('ae4fd657-ae45-43cb-856b-4bc93a290a29', 'String', 'jsonType.label');
INSERT INTO `PROTOCOL_MAPPER_CONFIG` (`PROTOCOL_MAPPER_ID`, `VALUE`, `NAME`) VALUES('ae4fd657-ae45-43cb-856b-4bc93a290a29', 'username', 'user.attribute');
INSERT INTO `PROTOCOL_MAPPER_CONFIG` (`PROTOCOL_MAPPER_ID`, `VALUE`, `NAME`) VALUES('ae4fd657-ae45-43cb-856b-4bc93a290a29', 'true', 'userinfo.token.claim');
INSERT INTO `PROTOCOL_MAPPER_CONFIG` (`PROTOCOL_MAPPER_ID`, `VALUE`, `NAME`) VALUES('af124c60-4a21-4d56-9d40-cc2ec9dbc377', 'true', 'access.token.claim');
INSERT INTO `PROTOCOL_MAPPER_CONFIG` (`PROTOCOL_MAPPER_ID`, `VALUE`, `NAME`) VALUES('af124c60-4a21-4d56-9d40-cc2ec9dbc377', 'true', 'id.token.claim');
INSERT INTO `PROTOCOL_MAPPER_CONFIG` (`PROTOCOL_MAPPER_ID`, `VALUE`, `NAME`) VALUES('af124c60-4a21-4d56-9d40-cc2ec9dbc377', 'country', 'user.attribute.country');
INSERT INTO `PROTOCOL_MAPPER_CONFIG` (`PROTOCOL_MAPPER_ID`, `VALUE`, `NAME`) VALUES('af124c60-4a21-4d56-9d40-cc2ec9dbc377', 'formatted', 'user.attribute.formatted');
INSERT INTO `PROTOCOL_MAPPER_CONFIG` (`PROTOCOL_MAPPER_ID`, `VALUE`, `NAME`) VALUES('af124c60-4a21-4d56-9d40-cc2ec9dbc377', 'locality', 'user.attribute.locality');
INSERT INTO `PROTOCOL_MAPPER_CONFIG` (`PROTOCOL_MAPPER_ID`, `VALUE`, `NAME`) VALUES('af124c60-4a21-4d56-9d40-cc2ec9dbc377', 'postal_code', 'user.attribute.postal_code');
INSERT INTO `PROTOCOL_MAPPER_CONFIG` (`PROTOCOL_MAPPER_ID`, `VALUE`, `NAME`) VALUES('af124c60-4a21-4d56-9d40-cc2ec9dbc377', 'region', 'user.attribute.region');
INSERT INTO `PROTOCOL_MAPPER_CONFIG` (`PROTOCOL_MAPPER_ID`, `VALUE`, `NAME`) VALUES('af124c60-4a21-4d56-9d40-cc2ec9dbc377', 'street', 'user.attribute.street');
INSERT INTO `PROTOCOL_MAPPER_CONFIG` (`PROTOCOL_MAPPER_ID`, `VALUE`, `NAME`) VALUES('af124c60-4a21-4d56-9d40-cc2ec9dbc377', 'true', 'userinfo.token.claim');
INSERT INTO `PROTOCOL_MAPPER_CONFIG` (`PROTOCOL_MAPPER_ID`, `VALUE`, `NAME`) VALUES('affc801b-b57b-48ca-bd42-e2d424ddb00b', 'true', 'access.token.claim');
INSERT INTO `PROTOCOL_MAPPER_CONFIG` (`PROTOCOL_MAPPER_ID`, `VALUE`, `NAME`) VALUES('affc801b-b57b-48ca-bd42-e2d424ddb00b', 'middle_name', 'claim.name');
INSERT INTO `PROTOCOL_MAPPER_CONFIG` (`PROTOCOL_MAPPER_ID`, `VALUE`, `NAME`) VALUES('affc801b-b57b-48ca-bd42-e2d424ddb00b', 'true', 'id.token.claim');
INSERT INTO `PROTOCOL_MAPPER_CONFIG` (`PROTOCOL_MAPPER_ID`, `VALUE`, `NAME`) VALUES('affc801b-b57b-48ca-bd42-e2d424ddb00b', 'String', 'jsonType.label');
INSERT INTO `PROTOCOL_MAPPER_CONFIG` (`PROTOCOL_MAPPER_ID`, `VALUE`, `NAME`) VALUES('affc801b-b57b-48ca-bd42-e2d424ddb00b', 'middleName', 'user.attribute');
INSERT INTO `PROTOCOL_MAPPER_CONFIG` (`PROTOCOL_MAPPER_ID`, `VALUE`, `NAME`) VALUES('affc801b-b57b-48ca-bd42-e2d424ddb00b', 'true', 'userinfo.token.claim');
INSERT INTO `PROTOCOL_MAPPER_CONFIG` (`PROTOCOL_MAPPER_ID`, `VALUE`, `NAME`) VALUES('b0acff2d-c8ce-4af1-bfcf-45ed32a33922', 'true', 'access.token.claim');
INSERT INTO `PROTOCOL_MAPPER_CONFIG` (`PROTOCOL_MAPPER_ID`, `VALUE`, `NAME`) VALUES('b0acff2d-c8ce-4af1-bfcf-45ed32a33922', 'resource_access.${client_id}.roles', 'claim.name');
INSERT INTO `PROTOCOL_MAPPER_CONFIG` (`PROTOCOL_MAPPER_ID`, `VALUE`, `NAME`) VALUES('b0acff2d-c8ce-4af1-bfcf-45ed32a33922', 'String', 'jsonType.label');
INSERT INTO `PROTOCOL_MAPPER_CONFIG` (`PROTOCOL_MAPPER_ID`, `VALUE`, `NAME`) VALUES('b0acff2d-c8ce-4af1-bfcf-45ed32a33922', 'true', 'multivalued');
INSERT INTO `PROTOCOL_MAPPER_CONFIG` (`PROTOCOL_MAPPER_ID`, `VALUE`, `NAME`) VALUES('b0acff2d-c8ce-4af1-bfcf-45ed32a33922', 'foo', 'user.attribute');
INSERT INTO `PROTOCOL_MAPPER_CONFIG` (`PROTOCOL_MAPPER_ID`, `VALUE`, `NAME`) VALUES('b2b6fac0-c3ac-4703-8866-8458b754e395', 'true', 'access.token.claim');
INSERT INTO `PROTOCOL_MAPPER_CONFIG` (`PROTOCOL_MAPPER_ID`, `VALUE`, `NAME`) VALUES('b2b6fac0-c3ac-4703-8866-8458b754e395', 'middle_name', 'claim.name');
INSERT INTO `PROTOCOL_MAPPER_CONFIG` (`PROTOCOL_MAPPER_ID`, `VALUE`, `NAME`) VALUES('b2b6fac0-c3ac-4703-8866-8458b754e395', 'true', 'id.token.claim');
INSERT INTO `PROTOCOL_MAPPER_CONFIG` (`PROTOCOL_MAPPER_ID`, `VALUE`, `NAME`) VALUES('b2b6fac0-c3ac-4703-8866-8458b754e395', 'String', 'jsonType.label');
INSERT INTO `PROTOCOL_MAPPER_CONFIG` (`PROTOCOL_MAPPER_ID`, `VALUE`, `NAME`) VALUES('b2b6fac0-c3ac-4703-8866-8458b754e395', 'middleName', 'user.attribute');
INSERT INTO `PROTOCOL_MAPPER_CONFIG` (`PROTOCOL_MAPPER_ID`, `VALUE`, `NAME`) VALUES('b2b6fac0-c3ac-4703-8866-8458b754e395', 'true', 'userinfo.token.claim');
INSERT INTO `PROTOCOL_MAPPER_CONFIG` (`PROTOCOL_MAPPER_ID`, `VALUE`, `NAME`) VALUES('b3c0682f-6a04-4baa-9afc-f2740d09eb3b', 'true', 'access.token.claim');
INSERT INTO `PROTOCOL_MAPPER_CONFIG` (`PROTOCOL_MAPPER_ID`, `VALUE`, `NAME`) VALUES('b3c0682f-6a04-4baa-9afc-f2740d09eb3b', 'zoneinfo', 'claim.name');
INSERT INTO `PROTOCOL_MAPPER_CONFIG` (`PROTOCOL_MAPPER_ID`, `VALUE`, `NAME`) VALUES('b3c0682f-6a04-4baa-9afc-f2740d09eb3b', 'true', 'id.token.claim');
INSERT INTO `PROTOCOL_MAPPER_CONFIG` (`PROTOCOL_MAPPER_ID`, `VALUE`, `NAME`) VALUES('b3c0682f-6a04-4baa-9afc-f2740d09eb3b', 'String', 'jsonType.label');
INSERT INTO `PROTOCOL_MAPPER_CONFIG` (`PROTOCOL_MAPPER_ID`, `VALUE`, `NAME`) VALUES('b3c0682f-6a04-4baa-9afc-f2740d09eb3b', 'zoneinfo', 'user.attribute');
INSERT INTO `PROTOCOL_MAPPER_CONFIG` (`PROTOCOL_MAPPER_ID`, `VALUE`, `NAME`) VALUES('b3c0682f-6a04-4baa-9afc-f2740d09eb3b', 'true', 'userinfo.token.claim');
INSERT INTO `PROTOCOL_MAPPER_CONFIG` (`PROTOCOL_MAPPER_ID`, `VALUE`, `NAME`) VALUES('b7d26dd2-2e37-47ab-887a-c7c6b7f1bddc', 'true', 'access.token.claim');
INSERT INTO `PROTOCOL_MAPPER_CONFIG` (`PROTOCOL_MAPPER_ID`, `VALUE`, `NAME`) VALUES('b7d26dd2-2e37-47ab-887a-c7c6b7f1bddc', 'birthdate', 'claim.name');
INSERT INTO `PROTOCOL_MAPPER_CONFIG` (`PROTOCOL_MAPPER_ID`, `VALUE`, `NAME`) VALUES('b7d26dd2-2e37-47ab-887a-c7c6b7f1bddc', 'true', 'id.token.claim');
INSERT INTO `PROTOCOL_MAPPER_CONFIG` (`PROTOCOL_MAPPER_ID`, `VALUE`, `NAME`) VALUES('b7d26dd2-2e37-47ab-887a-c7c6b7f1bddc', 'String', 'jsonType.label');
INSERT INTO `PROTOCOL_MAPPER_CONFIG` (`PROTOCOL_MAPPER_ID`, `VALUE`, `NAME`) VALUES('b7d26dd2-2e37-47ab-887a-c7c6b7f1bddc', 'birthdate', 'user.attribute');
INSERT INTO `PROTOCOL_MAPPER_CONFIG` (`PROTOCOL_MAPPER_ID`, `VALUE`, `NAME`) VALUES('b7d26dd2-2e37-47ab-887a-c7c6b7f1bddc', 'true', 'userinfo.token.claim');
INSERT INTO `PROTOCOL_MAPPER_CONFIG` (`PROTOCOL_MAPPER_ID`, `VALUE`, `NAME`) VALUES('bdb25e25-bd9b-4b59-bf6b-b9289ac1f395', 'true', 'access.token.claim');
INSERT INTO `PROTOCOL_MAPPER_CONFIG` (`PROTOCOL_MAPPER_ID`, `VALUE`, `NAME`) VALUES('bdb25e25-bd9b-4b59-bf6b-b9289ac1f395', 'upn', 'claim.name');
INSERT INTO `PROTOCOL_MAPPER_CONFIG` (`PROTOCOL_MAPPER_ID`, `VALUE`, `NAME`) VALUES('bdb25e25-bd9b-4b59-bf6b-b9289ac1f395', 'true', 'id.token.claim');
INSERT INTO `PROTOCOL_MAPPER_CONFIG` (`PROTOCOL_MAPPER_ID`, `VALUE`, `NAME`) VALUES('bdb25e25-bd9b-4b59-bf6b-b9289ac1f395', 'String', 'jsonType.label');
INSERT INTO `PROTOCOL_MAPPER_CONFIG` (`PROTOCOL_MAPPER_ID`, `VALUE`, `NAME`) VALUES('bdb25e25-bd9b-4b59-bf6b-b9289ac1f395', 'username', 'user.attribute');
INSERT INTO `PROTOCOL_MAPPER_CONFIG` (`PROTOCOL_MAPPER_ID`, `VALUE`, `NAME`) VALUES('bdb25e25-bd9b-4b59-bf6b-b9289ac1f395', 'true', 'userinfo.token.claim');
INSERT INTO `PROTOCOL_MAPPER_CONFIG` (`PROTOCOL_MAPPER_ID`, `VALUE`, `NAME`) VALUES('c2f4d230-79c4-4a20-a02a-d5fa2476d1fb', 'true', 'access.token.claim');
INSERT INTO `PROTOCOL_MAPPER_CONFIG` (`PROTOCOL_MAPPER_ID`, `VALUE`, `NAME`) VALUES('c2f4d230-79c4-4a20-a02a-d5fa2476d1fb', 'preferred_username', 'claim.name');
INSERT INTO `PROTOCOL_MAPPER_CONFIG` (`PROTOCOL_MAPPER_ID`, `VALUE`, `NAME`) VALUES('c2f4d230-79c4-4a20-a02a-d5fa2476d1fb', 'true', 'id.token.claim');
INSERT INTO `PROTOCOL_MAPPER_CONFIG` (`PROTOCOL_MAPPER_ID`, `VALUE`, `NAME`) VALUES('c2f4d230-79c4-4a20-a02a-d5fa2476d1fb', 'String', 'jsonType.label');
INSERT INTO `PROTOCOL_MAPPER_CONFIG` (`PROTOCOL_MAPPER_ID`, `VALUE`, `NAME`) VALUES('c2f4d230-79c4-4a20-a02a-d5fa2476d1fb', 'username', 'user.attribute');
INSERT INTO `PROTOCOL_MAPPER_CONFIG` (`PROTOCOL_MAPPER_ID`, `VALUE`, `NAME`) VALUES('c2f4d230-79c4-4a20-a02a-d5fa2476d1fb', 'true', 'userinfo.token.claim');
INSERT INTO `PROTOCOL_MAPPER_CONFIG` (`PROTOCOL_MAPPER_ID`, `VALUE`, `NAME`) VALUES('c66a5751-0528-49a9-bf42-8d37f1b9b820', 'true', 'access.token.claim');
INSERT INTO `PROTOCOL_MAPPER_CONFIG` (`PROTOCOL_MAPPER_ID`, `VALUE`, `NAME`) VALUES('c66a5751-0528-49a9-bf42-8d37f1b9b820', 'realm_access.roles', 'claim.name');
INSERT INTO `PROTOCOL_MAPPER_CONFIG` (`PROTOCOL_MAPPER_ID`, `VALUE`, `NAME`) VALUES('c66a5751-0528-49a9-bf42-8d37f1b9b820', 'String', 'jsonType.label');
INSERT INTO `PROTOCOL_MAPPER_CONFIG` (`PROTOCOL_MAPPER_ID`, `VALUE`, `NAME`) VALUES('c66a5751-0528-49a9-bf42-8d37f1b9b820', 'true', 'multivalued');
INSERT INTO `PROTOCOL_MAPPER_CONFIG` (`PROTOCOL_MAPPER_ID`, `VALUE`, `NAME`) VALUES('c66a5751-0528-49a9-bf42-8d37f1b9b820', 'foo', 'user.attribute');
INSERT INTO `PROTOCOL_MAPPER_CONFIG` (`PROTOCOL_MAPPER_ID`, `VALUE`, `NAME`) VALUES('c6db4450-3a2c-4975-8ec0-f867863220e1', 'true', 'access.token.claim');
INSERT INTO `PROTOCOL_MAPPER_CONFIG` (`PROTOCOL_MAPPER_ID`, `VALUE`, `NAME`) VALUES('c6db4450-3a2c-4975-8ec0-f867863220e1', 'phone_number_verified', 'claim.name');
INSERT INTO `PROTOCOL_MAPPER_CONFIG` (`PROTOCOL_MAPPER_ID`, `VALUE`, `NAME`) VALUES('c6db4450-3a2c-4975-8ec0-f867863220e1', 'true', 'id.token.claim');
INSERT INTO `PROTOCOL_MAPPER_CONFIG` (`PROTOCOL_MAPPER_ID`, `VALUE`, `NAME`) VALUES('c6db4450-3a2c-4975-8ec0-f867863220e1', 'boolean', 'jsonType.label');
INSERT INTO `PROTOCOL_MAPPER_CONFIG` (`PROTOCOL_MAPPER_ID`, `VALUE`, `NAME`) VALUES('c6db4450-3a2c-4975-8ec0-f867863220e1', 'phoneNumberVerified', 'user.attribute');
INSERT INTO `PROTOCOL_MAPPER_CONFIG` (`PROTOCOL_MAPPER_ID`, `VALUE`, `NAME`) VALUES('c6db4450-3a2c-4975-8ec0-f867863220e1', 'true', 'userinfo.token.claim');
INSERT INTO `PROTOCOL_MAPPER_CONFIG` (`PROTOCOL_MAPPER_ID`, `VALUE`, `NAME`) VALUES('c887cb11-59dd-4b53-aa04-9ea5c56ccdc7', 'true', 'access.token.claim');
INSERT INTO `PROTOCOL_MAPPER_CONFIG` (`PROTOCOL_MAPPER_ID`, `VALUE`, `NAME`) VALUES('c887cb11-59dd-4b53-aa04-9ea5c56ccdc7', 'locale', 'claim.name');
INSERT INTO `PROTOCOL_MAPPER_CONFIG` (`PROTOCOL_MAPPER_ID`, `VALUE`, `NAME`) VALUES('c887cb11-59dd-4b53-aa04-9ea5c56ccdc7', 'true', 'id.token.claim');
INSERT INTO `PROTOCOL_MAPPER_CONFIG` (`PROTOCOL_MAPPER_ID`, `VALUE`, `NAME`) VALUES('c887cb11-59dd-4b53-aa04-9ea5c56ccdc7', 'String', 'jsonType.label');
INSERT INTO `PROTOCOL_MAPPER_CONFIG` (`PROTOCOL_MAPPER_ID`, `VALUE`, `NAME`) VALUES('c887cb11-59dd-4b53-aa04-9ea5c56ccdc7', 'locale', 'user.attribute');
INSERT INTO `PROTOCOL_MAPPER_CONFIG` (`PROTOCOL_MAPPER_ID`, `VALUE`, `NAME`) VALUES('c887cb11-59dd-4b53-aa04-9ea5c56ccdc7', 'true', 'userinfo.token.claim');
INSERT INTO `PROTOCOL_MAPPER_CONFIG` (`PROTOCOL_MAPPER_ID`, `VALUE`, `NAME`) VALUES('cc0063c9-f2dc-42d6-8861-289fbb995d04', 'true', 'access.token.claim');
INSERT INTO `PROTOCOL_MAPPER_CONFIG` (`PROTOCOL_MAPPER_ID`, `VALUE`, `NAME`) VALUES('cc0063c9-f2dc-42d6-8861-289fbb995d04', 'phone_number', 'claim.name');
INSERT INTO `PROTOCOL_MAPPER_CONFIG` (`PROTOCOL_MAPPER_ID`, `VALUE`, `NAME`) VALUES('cc0063c9-f2dc-42d6-8861-289fbb995d04', 'true', 'id.token.claim');
INSERT INTO `PROTOCOL_MAPPER_CONFIG` (`PROTOCOL_MAPPER_ID`, `VALUE`, `NAME`) VALUES('cc0063c9-f2dc-42d6-8861-289fbb995d04', 'String', 'jsonType.label');
INSERT INTO `PROTOCOL_MAPPER_CONFIG` (`PROTOCOL_MAPPER_ID`, `VALUE`, `NAME`) VALUES('cc0063c9-f2dc-42d6-8861-289fbb995d04', 'phoneNumber', 'user.attribute');
INSERT INTO `PROTOCOL_MAPPER_CONFIG` (`PROTOCOL_MAPPER_ID`, `VALUE`, `NAME`) VALUES('cc0063c9-f2dc-42d6-8861-289fbb995d04', 'true', 'userinfo.token.claim');
INSERT INTO `PROTOCOL_MAPPER_CONFIG` (`PROTOCOL_MAPPER_ID`, `VALUE`, `NAME`) VALUES('d2241b12-b1a3-491e-a2d4-f17bc64da9c4', 'true', 'access.token.claim');
INSERT INTO `PROTOCOL_MAPPER_CONFIG` (`PROTOCOL_MAPPER_ID`, `VALUE`, `NAME`) VALUES('d2241b12-b1a3-491e-a2d4-f17bc64da9c4', 'preferred_username', 'claim.name');
INSERT INTO `PROTOCOL_MAPPER_CONFIG` (`PROTOCOL_MAPPER_ID`, `VALUE`, `NAME`) VALUES('d2241b12-b1a3-491e-a2d4-f17bc64da9c4', 'true', 'id.token.claim');
INSERT INTO `PROTOCOL_MAPPER_CONFIG` (`PROTOCOL_MAPPER_ID`, `VALUE`, `NAME`) VALUES('d2241b12-b1a3-491e-a2d4-f17bc64da9c4', 'String', 'jsonType.label');
INSERT INTO `PROTOCOL_MAPPER_CONFIG` (`PROTOCOL_MAPPER_ID`, `VALUE`, `NAME`) VALUES('d2241b12-b1a3-491e-a2d4-f17bc64da9c4', 'username', 'user.attribute');
INSERT INTO `PROTOCOL_MAPPER_CONFIG` (`PROTOCOL_MAPPER_ID`, `VALUE`, `NAME`) VALUES('d2241b12-b1a3-491e-a2d4-f17bc64da9c4', 'true', 'userinfo.token.claim');
INSERT INTO `PROTOCOL_MAPPER_CONFIG` (`PROTOCOL_MAPPER_ID`, `VALUE`, `NAME`) VALUES('d716d778-dfc4-4a65-9e12-dd27c222913f', 'true', 'access.token.claim');
INSERT INTO `PROTOCOL_MAPPER_CONFIG` (`PROTOCOL_MAPPER_ID`, `VALUE`, `NAME`) VALUES('d716d778-dfc4-4a65-9e12-dd27c222913f', 'given_name', 'claim.name');
INSERT INTO `PROTOCOL_MAPPER_CONFIG` (`PROTOCOL_MAPPER_ID`, `VALUE`, `NAME`) VALUES('d716d778-dfc4-4a65-9e12-dd27c222913f', 'true', 'id.token.claim');
INSERT INTO `PROTOCOL_MAPPER_CONFIG` (`PROTOCOL_MAPPER_ID`, `VALUE`, `NAME`) VALUES('d716d778-dfc4-4a65-9e12-dd27c222913f', 'String', 'jsonType.label');
INSERT INTO `PROTOCOL_MAPPER_CONFIG` (`PROTOCOL_MAPPER_ID`, `VALUE`, `NAME`) VALUES('d716d778-dfc4-4a65-9e12-dd27c222913f', 'firstName', 'user.attribute');
INSERT INTO `PROTOCOL_MAPPER_CONFIG` (`PROTOCOL_MAPPER_ID`, `VALUE`, `NAME`) VALUES('d716d778-dfc4-4a65-9e12-dd27c222913f', 'true', 'userinfo.token.claim');
INSERT INTO `PROTOCOL_MAPPER_CONFIG` (`PROTOCOL_MAPPER_ID`, `VALUE`, `NAME`) VALUES('d7bb8f8c-b494-4e9d-a716-79d8d21b9f59', 'true', 'access.token.claim');
INSERT INTO `PROTOCOL_MAPPER_CONFIG` (`PROTOCOL_MAPPER_ID`, `VALUE`, `NAME`) VALUES('d7bb8f8c-b494-4e9d-a716-79d8d21b9f59', 'family_name', 'claim.name');
INSERT INTO `PROTOCOL_MAPPER_CONFIG` (`PROTOCOL_MAPPER_ID`, `VALUE`, `NAME`) VALUES('d7bb8f8c-b494-4e9d-a716-79d8d21b9f59', 'true', 'id.token.claim');
INSERT INTO `PROTOCOL_MAPPER_CONFIG` (`PROTOCOL_MAPPER_ID`, `VALUE`, `NAME`) VALUES('d7bb8f8c-b494-4e9d-a716-79d8d21b9f59', 'String', 'jsonType.label');
INSERT INTO `PROTOCOL_MAPPER_CONFIG` (`PROTOCOL_MAPPER_ID`, `VALUE`, `NAME`) VALUES('d7bb8f8c-b494-4e9d-a716-79d8d21b9f59', 'lastName', 'user.attribute');
INSERT INTO `PROTOCOL_MAPPER_CONFIG` (`PROTOCOL_MAPPER_ID`, `VALUE`, `NAME`) VALUES('d7bb8f8c-b494-4e9d-a716-79d8d21b9f59', 'true', 'userinfo.token.claim');
INSERT INTO `PROTOCOL_MAPPER_CONFIG` (`PROTOCOL_MAPPER_ID`, `VALUE`, `NAME`) VALUES('dea84616-edd6-42fb-b144-de46f1893408', 'true', 'access.token.claim');
INSERT INTO `PROTOCOL_MAPPER_CONFIG` (`PROTOCOL_MAPPER_ID`, `VALUE`, `NAME`) VALUES('dea84616-edd6-42fb-b144-de46f1893408', 'website', 'claim.name');
INSERT INTO `PROTOCOL_MAPPER_CONFIG` (`PROTOCOL_MAPPER_ID`, `VALUE`, `NAME`) VALUES('dea84616-edd6-42fb-b144-de46f1893408', 'true', 'id.token.claim');
INSERT INTO `PROTOCOL_MAPPER_CONFIG` (`PROTOCOL_MAPPER_ID`, `VALUE`, `NAME`) VALUES('dea84616-edd6-42fb-b144-de46f1893408', 'String', 'jsonType.label');
INSERT INTO `PROTOCOL_MAPPER_CONFIG` (`PROTOCOL_MAPPER_ID`, `VALUE`, `NAME`) VALUES('dea84616-edd6-42fb-b144-de46f1893408', 'website', 'user.attribute');
INSERT INTO `PROTOCOL_MAPPER_CONFIG` (`PROTOCOL_MAPPER_ID`, `VALUE`, `NAME`) VALUES('dea84616-edd6-42fb-b144-de46f1893408', 'true', 'userinfo.token.claim');
INSERT INTO `PROTOCOL_MAPPER_CONFIG` (`PROTOCOL_MAPPER_ID`, `VALUE`, `NAME`) VALUES('e1ccf35e-acdc-4d4c-894c-c92691e13a80', 'true', 'access.token.claim');
INSERT INTO `PROTOCOL_MAPPER_CONFIG` (`PROTOCOL_MAPPER_ID`, `VALUE`, `NAME`) VALUES('e1ccf35e-acdc-4d4c-894c-c92691e13a80', 'email_verified', 'claim.name');
INSERT INTO `PROTOCOL_MAPPER_CONFIG` (`PROTOCOL_MAPPER_ID`, `VALUE`, `NAME`) VALUES('e1ccf35e-acdc-4d4c-894c-c92691e13a80', 'true', 'id.token.claim');
INSERT INTO `PROTOCOL_MAPPER_CONFIG` (`PROTOCOL_MAPPER_ID`, `VALUE`, `NAME`) VALUES('e1ccf35e-acdc-4d4c-894c-c92691e13a80', 'boolean', 'jsonType.label');
INSERT INTO `PROTOCOL_MAPPER_CONFIG` (`PROTOCOL_MAPPER_ID`, `VALUE`, `NAME`) VALUES('e1ccf35e-acdc-4d4c-894c-c92691e13a80', 'emailVerified', 'user.attribute');
INSERT INTO `PROTOCOL_MAPPER_CONFIG` (`PROTOCOL_MAPPER_ID`, `VALUE`, `NAME`) VALUES('e1ccf35e-acdc-4d4c-894c-c92691e13a80', 'true', 'userinfo.token.claim');
INSERT INTO `PROTOCOL_MAPPER_CONFIG` (`PROTOCOL_MAPPER_ID`, `VALUE`, `NAME`) VALUES('e9943f62-7ad7-46fc-ada7-d548817ec63f', 'true', 'access.token.claim');
INSERT INTO `PROTOCOL_MAPPER_CONFIG` (`PROTOCOL_MAPPER_ID`, `VALUE`, `NAME`) VALUES('e9943f62-7ad7-46fc-ada7-d548817ec63f', 'given_name', 'claim.name');
INSERT INTO `PROTOCOL_MAPPER_CONFIG` (`PROTOCOL_MAPPER_ID`, `VALUE`, `NAME`) VALUES('e9943f62-7ad7-46fc-ada7-d548817ec63f', 'true', 'id.token.claim');
INSERT INTO `PROTOCOL_MAPPER_CONFIG` (`PROTOCOL_MAPPER_ID`, `VALUE`, `NAME`) VALUES('e9943f62-7ad7-46fc-ada7-d548817ec63f', 'String', 'jsonType.label');
INSERT INTO `PROTOCOL_MAPPER_CONFIG` (`PROTOCOL_MAPPER_ID`, `VALUE`, `NAME`) VALUES('e9943f62-7ad7-46fc-ada7-d548817ec63f', 'firstName', 'user.attribute');
INSERT INTO `PROTOCOL_MAPPER_CONFIG` (`PROTOCOL_MAPPER_ID`, `VALUE`, `NAME`) VALUES('e9943f62-7ad7-46fc-ada7-d548817ec63f', 'true', 'userinfo.token.claim');
INSERT INTO `PROTOCOL_MAPPER_CONFIG` (`PROTOCOL_MAPPER_ID`, `VALUE`, `NAME`) VALUES('ec376029-e1a7-4644-969f-1471aed9f606', 'true', 'access.token.claim');
INSERT INTO `PROTOCOL_MAPPER_CONFIG` (`PROTOCOL_MAPPER_ID`, `VALUE`, `NAME`) VALUES('ec376029-e1a7-4644-969f-1471aed9f606', 'locale', 'claim.name');
INSERT INTO `PROTOCOL_MAPPER_CONFIG` (`PROTOCOL_MAPPER_ID`, `VALUE`, `NAME`) VALUES('ec376029-e1a7-4644-969f-1471aed9f606', 'true', 'id.token.claim');
INSERT INTO `PROTOCOL_MAPPER_CONFIG` (`PROTOCOL_MAPPER_ID`, `VALUE`, `NAME`) VALUES('ec376029-e1a7-4644-969f-1471aed9f606', 'String', 'jsonType.label');
INSERT INTO `PROTOCOL_MAPPER_CONFIG` (`PROTOCOL_MAPPER_ID`, `VALUE`, `NAME`) VALUES('ec376029-e1a7-4644-969f-1471aed9f606', 'locale', 'user.attribute');
INSERT INTO `PROTOCOL_MAPPER_CONFIG` (`PROTOCOL_MAPPER_ID`, `VALUE`, `NAME`) VALUES('ec376029-e1a7-4644-969f-1471aed9f606', 'true', 'userinfo.token.claim');
INSERT INTO `PROTOCOL_MAPPER_CONFIG` (`PROTOCOL_MAPPER_ID`, `VALUE`, `NAME`) VALUES('ecba8be5-25f1-44ea-aa65-8b8a872ee24b', 'true', 'access.token.claim');
INSERT INTO `PROTOCOL_MAPPER_CONFIG` (`PROTOCOL_MAPPER_ID`, `VALUE`, `NAME`) VALUES('ecba8be5-25f1-44ea-aa65-8b8a872ee24b', 'nickname', 'claim.name');
INSERT INTO `PROTOCOL_MAPPER_CONFIG` (`PROTOCOL_MAPPER_ID`, `VALUE`, `NAME`) VALUES('ecba8be5-25f1-44ea-aa65-8b8a872ee24b', 'true', 'id.token.claim');
INSERT INTO `PROTOCOL_MAPPER_CONFIG` (`PROTOCOL_MAPPER_ID`, `VALUE`, `NAME`) VALUES('ecba8be5-25f1-44ea-aa65-8b8a872ee24b', 'String', 'jsonType.label');
INSERT INTO `PROTOCOL_MAPPER_CONFIG` (`PROTOCOL_MAPPER_ID`, `VALUE`, `NAME`) VALUES('ecba8be5-25f1-44ea-aa65-8b8a872ee24b', 'nickname', 'user.attribute');
INSERT INTO `PROTOCOL_MAPPER_CONFIG` (`PROTOCOL_MAPPER_ID`, `VALUE`, `NAME`) VALUES('ecba8be5-25f1-44ea-aa65-8b8a872ee24b', 'true', 'userinfo.token.claim');
INSERT INTO `PROTOCOL_MAPPER_CONFIG` (`PROTOCOL_MAPPER_ID`, `VALUE`, `NAME`) VALUES('ee721b06-aa12-4451-bdf0-c86ab8fe8203', 'true', 'access.token.claim');
INSERT INTO `PROTOCOL_MAPPER_CONFIG` (`PROTOCOL_MAPPER_ID`, `VALUE`, `NAME`) VALUES('ee721b06-aa12-4451-bdf0-c86ab8fe8203', 'picture', 'claim.name');
INSERT INTO `PROTOCOL_MAPPER_CONFIG` (`PROTOCOL_MAPPER_ID`, `VALUE`, `NAME`) VALUES('ee721b06-aa12-4451-bdf0-c86ab8fe8203', 'true', 'id.token.claim');
INSERT INTO `PROTOCOL_MAPPER_CONFIG` (`PROTOCOL_MAPPER_ID`, `VALUE`, `NAME`) VALUES('ee721b06-aa12-4451-bdf0-c86ab8fe8203', 'String', 'jsonType.label');
INSERT INTO `PROTOCOL_MAPPER_CONFIG` (`PROTOCOL_MAPPER_ID`, `VALUE`, `NAME`) VALUES('ee721b06-aa12-4451-bdf0-c86ab8fe8203', 'picture', 'user.attribute');
INSERT INTO `PROTOCOL_MAPPER_CONFIG` (`PROTOCOL_MAPPER_ID`, `VALUE`, `NAME`) VALUES('ee721b06-aa12-4451-bdf0-c86ab8fe8203', 'true', 'userinfo.token.claim');
INSERT INTO `PROTOCOL_MAPPER_CONFIG` (`PROTOCOL_MAPPER_ID`, `VALUE`, `NAME`) VALUES('f32fc819-84ee-4c09-90f9-7489b4e5257a', 'true', 'access.token.claim');
INSERT INTO `PROTOCOL_MAPPER_CONFIG` (`PROTOCOL_MAPPER_ID`, `VALUE`, `NAME`) VALUES('f32fc819-84ee-4c09-90f9-7489b4e5257a', 'true', 'id.token.claim');
INSERT INTO `PROTOCOL_MAPPER_CONFIG` (`PROTOCOL_MAPPER_ID`, `VALUE`, `NAME`) VALUES('f32fc819-84ee-4c09-90f9-7489b4e5257a', 'country', 'user.attribute.country');
INSERT INTO `PROTOCOL_MAPPER_CONFIG` (`PROTOCOL_MAPPER_ID`, `VALUE`, `NAME`) VALUES('f32fc819-84ee-4c09-90f9-7489b4e5257a', 'formatted', 'user.attribute.formatted');
INSERT INTO `PROTOCOL_MAPPER_CONFIG` (`PROTOCOL_MAPPER_ID`, `VALUE`, `NAME`) VALUES('f32fc819-84ee-4c09-90f9-7489b4e5257a', 'locality', 'user.attribute.locality');
INSERT INTO `PROTOCOL_MAPPER_CONFIG` (`PROTOCOL_MAPPER_ID`, `VALUE`, `NAME`) VALUES('f32fc819-84ee-4c09-90f9-7489b4e5257a', 'postal_code', 'user.attribute.postal_code');
INSERT INTO `PROTOCOL_MAPPER_CONFIG` (`PROTOCOL_MAPPER_ID`, `VALUE`, `NAME`) VALUES('f32fc819-84ee-4c09-90f9-7489b4e5257a', 'region', 'user.attribute.region');
INSERT INTO `PROTOCOL_MAPPER_CONFIG` (`PROTOCOL_MAPPER_ID`, `VALUE`, `NAME`) VALUES('f32fc819-84ee-4c09-90f9-7489b4e5257a', 'street', 'user.attribute.street');
INSERT INTO `PROTOCOL_MAPPER_CONFIG` (`PROTOCOL_MAPPER_ID`, `VALUE`, `NAME`) VALUES('f32fc819-84ee-4c09-90f9-7489b4e5257a', 'true', 'userinfo.token.claim');
INSERT INTO `PROTOCOL_MAPPER_CONFIG` (`PROTOCOL_MAPPER_ID`, `VALUE`, `NAME`) VALUES('f5296443-3150-4c92-92b1-133d9c9f72ea', 'true', 'access.token.claim');
INSERT INTO `PROTOCOL_MAPPER_CONFIG` (`PROTOCOL_MAPPER_ID`, `VALUE`, `NAME`) VALUES('f5296443-3150-4c92-92b1-133d9c9f72ea', 'profile', 'claim.name');
INSERT INTO `PROTOCOL_MAPPER_CONFIG` (`PROTOCOL_MAPPER_ID`, `VALUE`, `NAME`) VALUES('f5296443-3150-4c92-92b1-133d9c9f72ea', 'true', 'id.token.claim');
INSERT INTO `PROTOCOL_MAPPER_CONFIG` (`PROTOCOL_MAPPER_ID`, `VALUE`, `NAME`) VALUES('f5296443-3150-4c92-92b1-133d9c9f72ea', 'String', 'jsonType.label');
INSERT INTO `PROTOCOL_MAPPER_CONFIG` (`PROTOCOL_MAPPER_ID`, `VALUE`, `NAME`) VALUES('f5296443-3150-4c92-92b1-133d9c9f72ea', 'profile', 'user.attribute');
INSERT INTO `PROTOCOL_MAPPER_CONFIG` (`PROTOCOL_MAPPER_ID`, `VALUE`, `NAME`) VALUES('f5296443-3150-4c92-92b1-133d9c9f72ea', 'true', 'userinfo.token.claim');
INSERT INTO `PROTOCOL_MAPPER_CONFIG` (`PROTOCOL_MAPPER_ID`, `VALUE`, `NAME`) VALUES('f5c67b06-71d0-4f9d-bdb0-845d0c61bb3f', 'true', 'access.token.claim');
INSERT INTO `PROTOCOL_MAPPER_CONFIG` (`PROTOCOL_MAPPER_ID`, `VALUE`, `NAME`) VALUES('f5c67b06-71d0-4f9d-bdb0-845d0c61bb3f', 'email', 'claim.name');
INSERT INTO `PROTOCOL_MAPPER_CONFIG` (`PROTOCOL_MAPPER_ID`, `VALUE`, `NAME`) VALUES('f5c67b06-71d0-4f9d-bdb0-845d0c61bb3f', 'true', 'id.token.claim');
INSERT INTO `PROTOCOL_MAPPER_CONFIG` (`PROTOCOL_MAPPER_ID`, `VALUE`, `NAME`) VALUES('f5c67b06-71d0-4f9d-bdb0-845d0c61bb3f', 'String', 'jsonType.label');
INSERT INTO `PROTOCOL_MAPPER_CONFIG` (`PROTOCOL_MAPPER_ID`, `VALUE`, `NAME`) VALUES('f5c67b06-71d0-4f9d-bdb0-845d0c61bb3f', 'email', 'user.attribute');
INSERT INTO `PROTOCOL_MAPPER_CONFIG` (`PROTOCOL_MAPPER_ID`, `VALUE`, `NAME`) VALUES('f5c67b06-71d0-4f9d-bdb0-845d0c61bb3f', 'true', 'userinfo.token.claim');
INSERT INTO `PROTOCOL_MAPPER_CONFIG` (`PROTOCOL_MAPPER_ID`, `VALUE`, `NAME`) VALUES('f78a05a3-0231-4188-81d3-81e9f79bde8b', 'Role', 'attribute.name');
INSERT INTO `PROTOCOL_MAPPER_CONFIG` (`PROTOCOL_MAPPER_ID`, `VALUE`, `NAME`) VALUES('f78a05a3-0231-4188-81d3-81e9f79bde8b', 'Basic', 'attribute.nameformat');
INSERT INTO `PROTOCOL_MAPPER_CONFIG` (`PROTOCOL_MAPPER_ID`, `VALUE`, `NAME`) VALUES('f78a05a3-0231-4188-81d3-81e9f79bde8b', 'false', 'single');
INSERT INTO `PROTOCOL_MAPPER_CONFIG` (`PROTOCOL_MAPPER_ID`, `VALUE`, `NAME`) VALUES('fa292fa6-fdcb-4d24-b16e-9f3c16a3f4d2', 'true', 'access.token.claim');
INSERT INTO `PROTOCOL_MAPPER_CONFIG` (`PROTOCOL_MAPPER_ID`, `VALUE`, `NAME`) VALUES('fa292fa6-fdcb-4d24-b16e-9f3c16a3f4d2', 'gender', 'claim.name');
INSERT INTO `PROTOCOL_MAPPER_CONFIG` (`PROTOCOL_MAPPER_ID`, `VALUE`, `NAME`) VALUES('fa292fa6-fdcb-4d24-b16e-9f3c16a3f4d2', 'true', 'id.token.claim');
INSERT INTO `PROTOCOL_MAPPER_CONFIG` (`PROTOCOL_MAPPER_ID`, `VALUE`, `NAME`) VALUES('fa292fa6-fdcb-4d24-b16e-9f3c16a3f4d2', 'String', 'jsonType.label');
INSERT INTO `PROTOCOL_MAPPER_CONFIG` (`PROTOCOL_MAPPER_ID`, `VALUE`, `NAME`) VALUES('fa292fa6-fdcb-4d24-b16e-9f3c16a3f4d2', 'gender', 'user.attribute');
INSERT INTO `PROTOCOL_MAPPER_CONFIG` (`PROTOCOL_MAPPER_ID`, `VALUE`, `NAME`) VALUES('fa292fa6-fdcb-4d24-b16e-9f3c16a3f4d2', 'true', 'userinfo.token.claim');
INSERT INTO `PROTOCOL_MAPPER_CONFIG` (`PROTOCOL_MAPPER_ID`, `VALUE`, `NAME`) VALUES('fca15d66-f747-4a31-967b-a8497e9d6388', 'true', 'access.token.claim');
INSERT INTO `PROTOCOL_MAPPER_CONFIG` (`PROTOCOL_MAPPER_ID`, `VALUE`, `NAME`) VALUES('fca15d66-f747-4a31-967b-a8497e9d6388', 'nickname', 'claim.name');
INSERT INTO `PROTOCOL_MAPPER_CONFIG` (`PROTOCOL_MAPPER_ID`, `VALUE`, `NAME`) VALUES('fca15d66-f747-4a31-967b-a8497e9d6388', 'true', 'id.token.claim');
INSERT INTO `PROTOCOL_MAPPER_CONFIG` (`PROTOCOL_MAPPER_ID`, `VALUE`, `NAME`) VALUES('fca15d66-f747-4a31-967b-a8497e9d6388', 'String', 'jsonType.label');
INSERT INTO `PROTOCOL_MAPPER_CONFIG` (`PROTOCOL_MAPPER_ID`, `VALUE`, `NAME`) VALUES('fca15d66-f747-4a31-967b-a8497e9d6388', 'nickname', 'user.attribute');
INSERT INTO `PROTOCOL_MAPPER_CONFIG` (`PROTOCOL_MAPPER_ID`, `VALUE`, `NAME`) VALUES('fca15d66-f747-4a31-967b-a8497e9d6388', 'true', 'userinfo.token.claim');
INSERT INTO `PROTOCOL_MAPPER_CONFIG` (`PROTOCOL_MAPPER_ID`, `VALUE`, `NAME`) VALUES('fca863a7-1d44-47e6-9fc9-9d8c7665bdb1', 'true', 'access.token.claim');
INSERT INTO `PROTOCOL_MAPPER_CONFIG` (`PROTOCOL_MAPPER_ID`, `VALUE`, `NAME`) VALUES('fca863a7-1d44-47e6-9fc9-9d8c7665bdb1', 'updated_at', 'claim.name');
INSERT INTO `PROTOCOL_MAPPER_CONFIG` (`PROTOCOL_MAPPER_ID`, `VALUE`, `NAME`) VALUES('fca863a7-1d44-47e6-9fc9-9d8c7665bdb1', 'true', 'id.token.claim');
INSERT INTO `PROTOCOL_MAPPER_CONFIG` (`PROTOCOL_MAPPER_ID`, `VALUE`, `NAME`) VALUES('fca863a7-1d44-47e6-9fc9-9d8c7665bdb1', 'String', 'jsonType.label');
INSERT INTO `PROTOCOL_MAPPER_CONFIG` (`PROTOCOL_MAPPER_ID`, `VALUE`, `NAME`) VALUES('fca863a7-1d44-47e6-9fc9-9d8c7665bdb1', 'updatedAt', 'user.attribute');
INSERT INTO `PROTOCOL_MAPPER_CONFIG` (`PROTOCOL_MAPPER_ID`, `VALUE`, `NAME`) VALUES('fca863a7-1d44-47e6-9fc9-9d8c7665bdb1', 'true', 'userinfo.token.claim');
INSERT INTO `PROTOCOL_MAPPER_CONFIG` (`PROTOCOL_MAPPER_ID`, `VALUE`, `NAME`) VALUES('fcbf5a05-cf23-431c-98b3-c6f5a9e960fd', 'true', 'access.token.claim');
INSERT INTO `PROTOCOL_MAPPER_CONFIG` (`PROTOCOL_MAPPER_ID`, `VALUE`, `NAME`) VALUES('fcbf5a05-cf23-431c-98b3-c6f5a9e960fd', 'phone_number_verified', 'claim.name');
INSERT INTO `PROTOCOL_MAPPER_CONFIG` (`PROTOCOL_MAPPER_ID`, `VALUE`, `NAME`) VALUES('fcbf5a05-cf23-431c-98b3-c6f5a9e960fd', 'true', 'id.token.claim');
INSERT INTO `PROTOCOL_MAPPER_CONFIG` (`PROTOCOL_MAPPER_ID`, `VALUE`, `NAME`) VALUES('fcbf5a05-cf23-431c-98b3-c6f5a9e960fd', 'boolean', 'jsonType.label');
INSERT INTO `PROTOCOL_MAPPER_CONFIG` (`PROTOCOL_MAPPER_ID`, `VALUE`, `NAME`) VALUES('fcbf5a05-cf23-431c-98b3-c6f5a9e960fd', 'phoneNumberVerified', 'user.attribute');
INSERT INTO `PROTOCOL_MAPPER_CONFIG` (`PROTOCOL_MAPPER_ID`, `VALUE`, `NAME`) VALUES('fcbf5a05-cf23-431c-98b3-c6f5a9e960fd', 'true', 'userinfo.token.claim');
INSERT INTO `PROTOCOL_MAPPER_CONFIG` (`PROTOCOL_MAPPER_ID`, `VALUE`, `NAME`) VALUES('fed887b7-c62b-44d1-87d9-aaeef5834905', 'true', 'access.token.claim');
INSERT INTO `PROTOCOL_MAPPER_CONFIG` (`PROTOCOL_MAPPER_ID`, `VALUE`, `NAME`) VALUES('fed887b7-c62b-44d1-87d9-aaeef5834905', 'realm_access.roles', 'claim.name');
INSERT INTO `PROTOCOL_MAPPER_CONFIG` (`PROTOCOL_MAPPER_ID`, `VALUE`, `NAME`) VALUES('fed887b7-c62b-44d1-87d9-aaeef5834905', 'String', 'jsonType.label');
INSERT INTO `PROTOCOL_MAPPER_CONFIG` (`PROTOCOL_MAPPER_ID`, `VALUE`, `NAME`) VALUES('fed887b7-c62b-44d1-87d9-aaeef5834905', 'true', 'multivalued');
INSERT INTO `PROTOCOL_MAPPER_CONFIG` (`PROTOCOL_MAPPER_ID`, `VALUE`, `NAME`) VALUES('fed887b7-c62b-44d1-87d9-aaeef5834905', 'foo', 'user.attribute');
INSERT INTO `PROTOCOL_MAPPER_CONFIG` (`PROTOCOL_MAPPER_ID`, `VALUE`, `NAME`) VALUES('ff804138-5353-4aff-88d7-f038493b4900', 'true', 'access.token.claim');
INSERT INTO `PROTOCOL_MAPPER_CONFIG` (`PROTOCOL_MAPPER_ID`, `VALUE`, `NAME`) VALUES('ff804138-5353-4aff-88d7-f038493b4900', 'locale', 'claim.name');
INSERT INTO `PROTOCOL_MAPPER_CONFIG` (`PROTOCOL_MAPPER_ID`, `VALUE`, `NAME`) VALUES('ff804138-5353-4aff-88d7-f038493b4900', 'true', 'id.token.claim');
INSERT INTO `PROTOCOL_MAPPER_CONFIG` (`PROTOCOL_MAPPER_ID`, `VALUE`, `NAME`) VALUES('ff804138-5353-4aff-88d7-f038493b4900', 'String', 'jsonType.label');
INSERT INTO `PROTOCOL_MAPPER_CONFIG` (`PROTOCOL_MAPPER_ID`, `VALUE`, `NAME`) VALUES('ff804138-5353-4aff-88d7-f038493b4900', 'locale', 'user.attribute');
INSERT INTO `PROTOCOL_MAPPER_CONFIG` (`PROTOCOL_MAPPER_ID`, `VALUE`, `NAME`) VALUES('ff804138-5353-4aff-88d7-f038493b4900', 'true', 'userinfo.token.claim');

DROP TABLE IF EXISTS `REALM`;
CREATE TABLE `REALM` (
  `ID` varchar(36) NOT NULL,
  `ACCESS_CODE_LIFESPAN` int(11) DEFAULT NULL,
  `USER_ACTION_LIFESPAN` int(11) DEFAULT NULL,
  `ACCESS_TOKEN_LIFESPAN` int(11) DEFAULT NULL,
  `ACCOUNT_THEME` varchar(255) DEFAULT NULL,
  `ADMIN_THEME` varchar(255) DEFAULT NULL,
  `EMAIL_THEME` varchar(255) DEFAULT NULL,
  `ENABLED` bit(1) NOT NULL DEFAULT b'0',
  `EVENTS_ENABLED` bit(1) NOT NULL DEFAULT b'0',
  `EVENTS_EXPIRATION` bigint(20) DEFAULT NULL,
  `LOGIN_THEME` varchar(255) DEFAULT NULL,
  `NAME` varchar(255) DEFAULT NULL,
  `NOT_BEFORE` int(11) DEFAULT NULL,
  `PASSWORD_POLICY` text DEFAULT NULL,
  `REGISTRATION_ALLOWED` bit(1) NOT NULL DEFAULT b'0',
  `REMEMBER_ME` bit(1) NOT NULL DEFAULT b'0',
  `RESET_PASSWORD_ALLOWED` bit(1) NOT NULL DEFAULT b'0',
  `SOCIAL` bit(1) NOT NULL DEFAULT b'0',
  `SSL_REQUIRED` varchar(255) DEFAULT NULL,
  `SSO_IDLE_TIMEOUT` int(11) DEFAULT NULL,
  `SSO_MAX_LIFESPAN` int(11) DEFAULT NULL,
  `UPDATE_PROFILE_ON_SOC_LOGIN` bit(1) NOT NULL DEFAULT b'0',
  `VERIFY_EMAIL` bit(1) NOT NULL DEFAULT b'0',
  `MASTER_ADMIN_CLIENT` varchar(36) DEFAULT NULL,
  `LOGIN_LIFESPAN` int(11) DEFAULT NULL,
  `INTERNATIONALIZATION_ENABLED` bit(1) NOT NULL DEFAULT b'0',
  `DEFAULT_LOCALE` varchar(255) DEFAULT NULL,
  `REG_EMAIL_AS_USERNAME` bit(1) NOT NULL DEFAULT b'0',
  `ADMIN_EVENTS_ENABLED` bit(1) NOT NULL DEFAULT b'0',
  `ADMIN_EVENTS_DETAILS_ENABLED` bit(1) NOT NULL DEFAULT b'0',
  `EDIT_USERNAME_ALLOWED` bit(1) NOT NULL DEFAULT b'0',
  `OTP_POLICY_COUNTER` int(11) DEFAULT 0,
  `OTP_POLICY_WINDOW` int(11) DEFAULT 1,
  `OTP_POLICY_PERIOD` int(11) DEFAULT 30,
  `OTP_POLICY_DIGITS` int(11) DEFAULT 6,
  `OTP_POLICY_ALG` varchar(36) DEFAULT 'HmacSHA1',
  `OTP_POLICY_TYPE` varchar(36) DEFAULT 'totp',
  `BROWSER_FLOW` varchar(36) DEFAULT NULL,
  `REGISTRATION_FLOW` varchar(36) DEFAULT NULL,
  `DIRECT_GRANT_FLOW` varchar(36) DEFAULT NULL,
  `RESET_CREDENTIALS_FLOW` varchar(36) DEFAULT NULL,
  `CLIENT_AUTH_FLOW` varchar(36) DEFAULT NULL,
  `OFFLINE_SESSION_IDLE_TIMEOUT` int(11) DEFAULT 0,
  `REVOKE_REFRESH_TOKEN` bit(1) NOT NULL DEFAULT b'0',
  `ACCESS_TOKEN_LIFE_IMPLICIT` int(11) DEFAULT 0,
  `LOGIN_WITH_EMAIL_ALLOWED` bit(1) NOT NULL DEFAULT b'1',
  `DUPLICATE_EMAILS_ALLOWED` bit(1) NOT NULL DEFAULT b'0',
  `DOCKER_AUTH_FLOW` varchar(36) DEFAULT NULL,
  `REFRESH_TOKEN_MAX_REUSE` int(11) DEFAULT 0,
  `ALLOW_USER_MANAGED_ACCESS` bit(1) NOT NULL DEFAULT b'0',
  `SSO_MAX_LIFESPAN_REMEMBER_ME` int(11) NOT NULL,
  `SSO_IDLE_TIMEOUT_REMEMBER_ME` int(11) NOT NULL,
  `DEFAULT_ROLE` varchar(255) DEFAULT NULL
) ENGINE=InnoDB DEFAULT CHARSET=utf8;

INSERT INTO `REALM` (`ID`, `ACCESS_CODE_LIFESPAN`, `USER_ACTION_LIFESPAN`, `ACCESS_TOKEN_LIFESPAN`, `ACCOUNT_THEME`, `ADMIN_THEME`, `EMAIL_THEME`, `ENABLED`, `EVENTS_ENABLED`, `EVENTS_EXPIRATION`, `LOGIN_THEME`, `NAME`, `NOT_BEFORE`, `PASSWORD_POLICY`, `REGISTRATION_ALLOWED`, `REMEMBER_ME`, `RESET_PASSWORD_ALLOWED`, `SOCIAL`, `SSL_REQUIRED`, `SSO_IDLE_TIMEOUT`, `SSO_MAX_LIFESPAN`, `UPDATE_PROFILE_ON_SOC_LOGIN`, `VERIFY_EMAIL`, `MASTER_ADMIN_CLIENT`, `LOGIN_LIFESPAN`, `INTERNATIONALIZATION_ENABLED`, `DEFAULT_LOCALE`, `REG_EMAIL_AS_USERNAME`, `ADMIN_EVENTS_ENABLED`, `ADMIN_EVENTS_DETAILS_ENABLED`, `EDIT_USERNAME_ALLOWED`, `OTP_POLICY_COUNTER`, `OTP_POLICY_WINDOW`, `OTP_POLICY_PERIOD`, `OTP_POLICY_DIGITS`, `OTP_POLICY_ALG`, `OTP_POLICY_TYPE`, `BROWSER_FLOW`, `REGISTRATION_FLOW`, `DIRECT_GRANT_FLOW`, `RESET_CREDENTIALS_FLOW`, `CLIENT_AUTH_FLOW`, `OFFLINE_SESSION_IDLE_TIMEOUT`, `REVOKE_REFRESH_TOKEN`, `ACCESS_TOKEN_LIFE_IMPLICIT`, `LOGIN_WITH_EMAIL_ALLOWED`, `DUPLICATE_EMAILS_ALLOWED`, `DOCKER_AUTH_FLOW`, `REFRESH_TOKEN_MAX_REUSE`, `ALLOW_USER_MANAGED_ACCESS`, `SSO_MAX_LIFESPAN_REMEMBER_ME`, `SSO_IDLE_TIMEOUT_REMEMBER_ME`, `DEFAULT_ROLE`) VALUES('galaxy', 60, 300, 300, 'keycloak', 'keycloak', 'keycloak', b'1', b'0', 0, 'keycloak', 'galaxy', 0, NULL, b'1', b'1', b'1', b'0', 'EXTERNAL', 1800, 36000, b'0', b'1', 'ca4f5265-533f-4970-a7ef-3901071eb658', 1800, b'0', NULL, b'1', b'0', b'0', b'1', 0, 1, 30, 6, 'HmacSHA1', 'totp', '502b38b7-a1da-4f6f-b10b-89a50ed537d8', '9148b0fa-e5c3-41d1-a077-35094064baed', 'dd1f16b7-13da-44f4-a7d1-4d6839ff8b0e', 'b87bdd9d-2601-4eee-9a0d-3bf449cc4f31', 'f72b7a4f-3e33-44a8-bb0d-979b72e9dfd3', 2592000, b'0', 900, b'1', b'0', '0b180ac9-08bb-430d-ad58-bec6b6346a9c', 0, b'0', 0, 0, '18c4a692-4d24-426c-9255-e28235dee2f1');
INSERT INTO `REALM` (`ID`, `ACCESS_CODE_LIFESPAN`, `USER_ACTION_LIFESPAN`, `ACCESS_TOKEN_LIFESPAN`, `ACCOUNT_THEME`, `ADMIN_THEME`, `EMAIL_THEME`, `ENABLED`, `EVENTS_ENABLED`, `EVENTS_EXPIRATION`, `LOGIN_THEME`, `NAME`, `NOT_BEFORE`, `PASSWORD_POLICY`, `REGISTRATION_ALLOWED`, `REMEMBER_ME`, `RESET_PASSWORD_ALLOWED`, `SOCIAL`, `SSL_REQUIRED`, `SSO_IDLE_TIMEOUT`, `SSO_MAX_LIFESPAN`, `UPDATE_PROFILE_ON_SOC_LOGIN`, `VERIFY_EMAIL`, `MASTER_ADMIN_CLIENT`, `LOGIN_LIFESPAN`, `INTERNATIONALIZATION_ENABLED`, `DEFAULT_LOCALE`, `REG_EMAIL_AS_USERNAME`, `ADMIN_EVENTS_ENABLED`, `ADMIN_EVENTS_DETAILS_ENABLED`, `EDIT_USERNAME_ALLOWED`, `OTP_POLICY_COUNTER`, `OTP_POLICY_WINDOW`, `OTP_POLICY_PERIOD`, `OTP_POLICY_DIGITS`, `OTP_POLICY_ALG`, `OTP_POLICY_TYPE`, `BROWSER_FLOW`, `REGISTRATION_FLOW`, `DIRECT_GRANT_FLOW`, `RESET_CREDENTIALS_FLOW`, `CLIENT_AUTH_FLOW`, `OFFLINE_SESSION_IDLE_TIMEOUT`, `REVOKE_REFRESH_TOKEN`, `ACCESS_TOKEN_LIFE_IMPLICIT`, `LOGIN_WITH_EMAIL_ALLOWED`, `DUPLICATE_EMAILS_ALLOWED`, `DOCKER_AUTH_FLOW`, `REFRESH_TOKEN_MAX_REUSE`, `ALLOW_USER_MANAGED_ACCESS`, `SSO_MAX_LIFESPAN_REMEMBER_ME`, `SSO_IDLE_TIMEOUT_REMEMBER_ME`, `DEFAULT_ROLE`) VALUES('marvel', 60, 300, 300, 'keycloak', 'keycloak', 'keycloak', b'1', b'0', 0, 'keycloak', 'marvel', 0, NULL, b'1', b'1', b'1', b'0', 'EXTERNAL', 1800, 36000, b'0', b'1', '53d12d05-2b37-4194-9008-277e7f7607c1', 1800, b'0', NULL, b'1', b'0', b'0', b'1', 0, 1, 30, 6, 'HmacSHA1', 'totp', '702ffc13-9889-429f-8d42-803980ce3ff7', '6367bea6-1afd-45fe-bef4-0246198b9179', '9b8de67e-2ce3-4279-bd04-d942e503f6cb', '296f6aff-e0f6-4496-9a62-2af029f55486', '80361bd8-c351-4936-a10f-75bc49461b57', 2592000, b'0', 900, b'1', b'0', '9330f734-e2c5-4baf-8b4e-85a51e9130b1', 0, b'0', 0, 0, '93f50c2e-d92e-44fc-8a16-a10d2b87f511');
INSERT INTO `REALM` (`ID`, `ACCESS_CODE_LIFESPAN`, `USER_ACTION_LIFESPAN`, `ACCESS_TOKEN_LIFESPAN`, `ACCOUNT_THEME`, `ADMIN_THEME`, `EMAIL_THEME`, `ENABLED`, `EVENTS_ENABLED`, `EVENTS_EXPIRATION`, `LOGIN_THEME`, `NAME`, `NOT_BEFORE`, `PASSWORD_POLICY`, `REGISTRATION_ALLOWED`, `REMEMBER_ME`, `RESET_PASSWORD_ALLOWED`, `SOCIAL`, `SSL_REQUIRED`, `SSO_IDLE_TIMEOUT`, `SSO_MAX_LIFESPAN`, `UPDATE_PROFILE_ON_SOC_LOGIN`, `VERIFY_EMAIL`, `MASTER_ADMIN_CLIENT`, `LOGIN_LIFESPAN`, `INTERNATIONALIZATION_ENABLED`, `DEFAULT_LOCALE`, `REG_EMAIL_AS_USERNAME`, `ADMIN_EVENTS_ENABLED`, `ADMIN_EVENTS_DETAILS_ENABLED`, `EDIT_USERNAME_ALLOWED`, `OTP_POLICY_COUNTER`, `OTP_POLICY_WINDOW`, `OTP_POLICY_PERIOD`, `OTP_POLICY_DIGITS`, `OTP_POLICY_ALG`, `OTP_POLICY_TYPE`, `BROWSER_FLOW`, `REGISTRATION_FLOW`, `DIRECT_GRANT_FLOW`, `RESET_CREDENTIALS_FLOW`, `CLIENT_AUTH_FLOW`, `OFFLINE_SESSION_IDLE_TIMEOUT`, `REVOKE_REFRESH_TOKEN`, `ACCESS_TOKEN_LIFE_IMPLICIT`, `LOGIN_WITH_EMAIL_ALLOWED`, `DUPLICATE_EMAILS_ALLOWED`, `DOCKER_AUTH_FLOW`, `REFRESH_TOKEN_MAX_REUSE`, `ALLOW_USER_MANAGED_ACCESS`, `SSO_MAX_LIFESPAN_REMEMBER_ME`, `SSO_IDLE_TIMEOUT_REMEMBER_ME`, `DEFAULT_ROLE`) VALUES('master', 60, 300, 60, 'keycloak', 'keycloak', 'keycloak', b'1', b'0', 0, 'keycloak', 'master', 0, NULL, b'0', b'0', b'0', b'0', 'EXTERNAL', 1800, 36000, b'0', b'0', 'f1f6538d-9e40-48b7-b6d6-0bf28778a482', 1800, b'0', 'en', b'0', b'0', b'0', b'0', 0, 1, 30, 6, 'HmacSHA1', 'totp', '6347cdba-e8d5-4a30-a9eb-9fabcb13f9ed', 'b9338517-9d0b-4007-85a1-0cff46e0156c', '951a62bc-0afb-42a1-805c-d55cd66955db', '1af5d60e-3a6d-40d2-94ab-f3a94ea52557', '8749feb7-c5b3-4c13-92ed-aaba493a815a', 2592000, b'0', 900, b'1', b'0', '21ee8049-1005-43f3-820a-515af7fbc41b', 0, b'0', 0, 0, '74374a15-5e0c-4ec2-802f-d917c7be4a8e');
INSERT INTO `REALM` (`ID`, `ACCESS_CODE_LIFESPAN`, `USER_ACTION_LIFESPAN`, `ACCESS_TOKEN_LIFESPAN`, `ACCOUNT_THEME`, `ADMIN_THEME`, `EMAIL_THEME`, `ENABLED`, `EVENTS_ENABLED`, `EVENTS_EXPIRATION`, `LOGIN_THEME`, `NAME`, `NOT_BEFORE`, `PASSWORD_POLICY`, `REGISTRATION_ALLOWED`, `REMEMBER_ME`, `RESET_PASSWORD_ALLOWED`, `SOCIAL`, `SSL_REQUIRED`, `SSO_IDLE_TIMEOUT`, `SSO_MAX_LIFESPAN`, `UPDATE_PROFILE_ON_SOC_LOGIN`, `VERIFY_EMAIL`, `MASTER_ADMIN_CLIENT`, `LOGIN_LIFESPAN`, `INTERNATIONALIZATION_ENABLED`, `DEFAULT_LOCALE`, `REG_EMAIL_AS_USERNAME`, `ADMIN_EVENTS_ENABLED`, `ADMIN_EVENTS_DETAILS_ENABLED`, `EDIT_USERNAME_ALLOWED`, `OTP_POLICY_COUNTER`, `OTP_POLICY_WINDOW`, `OTP_POLICY_PERIOD`, `OTP_POLICY_DIGITS`, `OTP_POLICY_ALG`, `OTP_POLICY_TYPE`, `BROWSER_FLOW`, `REGISTRATION_FLOW`, `DIRECT_GRANT_FLOW`, `RESET_CREDENTIALS_FLOW`, `CLIENT_AUTH_FLOW`, `OFFLINE_SESSION_IDLE_TIMEOUT`, `REVOKE_REFRESH_TOKEN`, `ACCESS_TOKEN_LIFE_IMPLICIT`, `LOGIN_WITH_EMAIL_ALLOWED`, `DUPLICATE_EMAILS_ALLOWED`, `DOCKER_AUTH_FLOW`, `REFRESH_TOKEN_MAX_REUSE`, `ALLOW_USER_MANAGED_ACCESS`, `SSO_MAX_LIFESPAN_REMEMBER_ME`, `SSO_IDLE_TIMEOUT_REMEMBER_ME`, `DEFAULT_ROLE`) VALUES('shire', 60, 300, 300, 'keycloak', 'keycloak', 'keycloak', b'1', b'0', 0, 'keycloak', 'shire', 0, NULL, b'1', b'1', b'1', b'0', 'EXTERNAL', 1800, 36000, b'0', b'1', '2a6550f4-4bc1-4d18-bda9-019c9ac2479b', 1800, b'0', NULL, b'1', b'0', b'0', b'1', 0, 1, 30, 6, 'HmacSHA1', 'totp', '6129685f-9417-4bc6-b792-547d45cb0def', '3cd2c7cf-193c-4801-952d-92c911ba39ff', 'f052a34a-6887-4244-927f-42ebd3dac3d1', 'a78925f3-c5c4-4126-9f51-e8e34439499f', '952fa2c5-c850-48a0-b301-a778c56257e9', 2592000, b'0', 900, b'1', b'0', '62face61-97d9-4506-8c61-28702ea6f23f', 0, b'0', 0, 0, '4b49d573-78e6-4b13-a6d4-518f3e64803f');

DROP TABLE IF EXISTS `REALM_ATTRIBUTE`;
CREATE TABLE `REALM_ATTRIBUTE` (
  `NAME` varchar(255) NOT NULL,
  `REALM_ID` varchar(36) NOT NULL,
  `VALUE` longtext DEFAULT NULL
) ENGINE=InnoDB DEFAULT CHARSET=utf8;

INSERT INTO `REALM_ATTRIBUTE` (`NAME`, `REALM_ID`, `VALUE`) VALUES('actionTokenGeneratedByAdminLifespan', 'galaxy', '43200');
INSERT INTO `REALM_ATTRIBUTE` (`NAME`, `REALM_ID`, `VALUE`) VALUES('actionTokenGeneratedByAdminLifespan', 'marvel', '43200');
INSERT INTO `REALM_ATTRIBUTE` (`NAME`, `REALM_ID`, `VALUE`) VALUES('actionTokenGeneratedByAdminLifespan', 'master', '43200');
INSERT INTO `REALM_ATTRIBUTE` (`NAME`, `REALM_ID`, `VALUE`) VALUES('actionTokenGeneratedByAdminLifespan', 'shire', '43200');
INSERT INTO `REALM_ATTRIBUTE` (`NAME`, `REALM_ID`, `VALUE`) VALUES('actionTokenGeneratedByUserLifespan', 'galaxy', '300');
INSERT INTO `REALM_ATTRIBUTE` (`NAME`, `REALM_ID`, `VALUE`) VALUES('actionTokenGeneratedByUserLifespan', 'marvel', '300');
INSERT INTO `REALM_ATTRIBUTE` (`NAME`, `REALM_ID`, `VALUE`) VALUES('actionTokenGeneratedByUserLifespan', 'master', '300');
INSERT INTO `REALM_ATTRIBUTE` (`NAME`, `REALM_ID`, `VALUE`) VALUES('actionTokenGeneratedByUserLifespan', 'shire', '300');
INSERT INTO `REALM_ATTRIBUTE` (`NAME`, `REALM_ID`, `VALUE`) VALUES('bruteForceProtected', 'galaxy', 'false');
INSERT INTO `REALM_ATTRIBUTE` (`NAME`, `REALM_ID`, `VALUE`) VALUES('bruteForceProtected', 'marvel', 'false');
INSERT INTO `REALM_ATTRIBUTE` (`NAME`, `REALM_ID`, `VALUE`) VALUES('bruteForceProtected', 'master', 'false');
INSERT INTO `REALM_ATTRIBUTE` (`NAME`, `REALM_ID`, `VALUE`) VALUES('bruteForceProtected', 'shire', 'false');
INSERT INTO `REALM_ATTRIBUTE` (`NAME`, `REALM_ID`, `VALUE`) VALUES('cibaAuthRequestedUserHint', 'galaxy', 'login_hint');
INSERT INTO `REALM_ATTRIBUTE` (`NAME`, `REALM_ID`, `VALUE`) VALUES('cibaAuthRequestedUserHint', 'marvel', 'login_hint');
INSERT INTO `REALM_ATTRIBUTE` (`NAME`, `REALM_ID`, `VALUE`) VALUES('cibaAuthRequestedUserHint', 'master', 'login_hint');
INSERT INTO `REALM_ATTRIBUTE` (`NAME`, `REALM_ID`, `VALUE`) VALUES('cibaAuthRequestedUserHint', 'shire', 'login_hint');
INSERT INTO `REALM_ATTRIBUTE` (`NAME`, `REALM_ID`, `VALUE`) VALUES('cibaBackchannelTokenDeliveryMode', 'galaxy', 'poll');
INSERT INTO `REALM_ATTRIBUTE` (`NAME`, `REALM_ID`, `VALUE`) VALUES('cibaBackchannelTokenDeliveryMode', 'marvel', 'poll');
INSERT INTO `REALM_ATTRIBUTE` (`NAME`, `REALM_ID`, `VALUE`) VALUES('cibaBackchannelTokenDeliveryMode', 'master', 'poll');
INSERT INTO `REALM_ATTRIBUTE` (`NAME`, `REALM_ID`, `VALUE`) VALUES('cibaBackchannelTokenDeliveryMode', 'shire', 'poll');
INSERT INTO `REALM_ATTRIBUTE` (`NAME`, `REALM_ID`, `VALUE`) VALUES('cibaExpiresIn', 'galaxy', '120');
INSERT INTO `REALM_ATTRIBUTE` (`NAME`, `REALM_ID`, `VALUE`) VALUES('cibaExpiresIn', 'marvel', '120');
INSERT INTO `REALM_ATTRIBUTE` (`NAME`, `REALM_ID`, `VALUE`) VALUES('cibaExpiresIn', 'master', '120');
INSERT INTO `REALM_ATTRIBUTE` (`NAME`, `REALM_ID`, `VALUE`) VALUES('cibaExpiresIn', 'shire', '120');
INSERT INTO `REALM_ATTRIBUTE` (`NAME`, `REALM_ID`, `VALUE`) VALUES('cibaInterval', 'galaxy', '5');
INSERT INTO `REALM_ATTRIBUTE` (`NAME`, `REALM_ID`, `VALUE`) VALUES('cibaInterval', 'marvel', '5');
INSERT INTO `REALM_ATTRIBUTE` (`NAME`, `REALM_ID`, `VALUE`) VALUES('cibaInterval', 'master', '5');
INSERT INTO `REALM_ATTRIBUTE` (`NAME`, `REALM_ID`, `VALUE`) VALUES('cibaInterval', 'shire', '5');
INSERT INTO `REALM_ATTRIBUTE` (`NAME`, `REALM_ID`, `VALUE`) VALUES('client-policies.policies', 'galaxy', '{\"policies\":[]}');
INSERT INTO `REALM_ATTRIBUTE` (`NAME`, `REALM_ID`, `VALUE`) VALUES('client-policies.policies', 'marvel', '{\"policies\":[]}');
INSERT INTO `REALM_ATTRIBUTE` (`NAME`, `REALM_ID`, `VALUE`) VALUES('client-policies.policies', 'master', '{\"policies\":[]}');
INSERT INTO `REALM_ATTRIBUTE` (`NAME`, `REALM_ID`, `VALUE`) VALUES('client-policies.policies', 'shire', '{\"policies\":[]}');
INSERT INTO `REALM_ATTRIBUTE` (`NAME`, `REALM_ID`, `VALUE`) VALUES('client-policies.profiles', 'galaxy', '{\"profiles\":[]}');
INSERT INTO `REALM_ATTRIBUTE` (`NAME`, `REALM_ID`, `VALUE`) VALUES('client-policies.profiles', 'marvel', '{\"profiles\":[]}');
INSERT INTO `REALM_ATTRIBUTE` (`NAME`, `REALM_ID`, `VALUE`) VALUES('client-policies.profiles', 'master', '{\"profiles\":[]}');
INSERT INTO `REALM_ATTRIBUTE` (`NAME`, `REALM_ID`, `VALUE`) VALUES('client-policies.profiles', 'shire', '{\"profiles\":[]}');
INSERT INTO `REALM_ATTRIBUTE` (`NAME`, `REALM_ID`, `VALUE`) VALUES('clientOfflineSessionIdleTimeout', 'galaxy', '0');
INSERT INTO `REALM_ATTRIBUTE` (`NAME`, `REALM_ID`, `VALUE`) VALUES('clientOfflineSessionIdleTimeout', 'marvel', '0');
INSERT INTO `REALM_ATTRIBUTE` (`NAME`, `REALM_ID`, `VALUE`) VALUES('clientOfflineSessionIdleTimeout', 'master', '0');
INSERT INTO `REALM_ATTRIBUTE` (`NAME`, `REALM_ID`, `VALUE`) VALUES('clientOfflineSessionIdleTimeout', 'shire', '0');
INSERT INTO `REALM_ATTRIBUTE` (`NAME`, `REALM_ID`, `VALUE`) VALUES('clientOfflineSessionMaxLifespan', 'galaxy', '0');
INSERT INTO `REALM_ATTRIBUTE` (`NAME`, `REALM_ID`, `VALUE`) VALUES('clientOfflineSessionMaxLifespan', 'marvel', '0');
INSERT INTO `REALM_ATTRIBUTE` (`NAME`, `REALM_ID`, `VALUE`) VALUES('clientOfflineSessionMaxLifespan', 'master', '0');
INSERT INTO `REALM_ATTRIBUTE` (`NAME`, `REALM_ID`, `VALUE`) VALUES('clientOfflineSessionMaxLifespan', 'shire', '0');
INSERT INTO `REALM_ATTRIBUTE` (`NAME`, `REALM_ID`, `VALUE`) VALUES('clientSessionIdleTimeout', 'galaxy', '0');
INSERT INTO `REALM_ATTRIBUTE` (`NAME`, `REALM_ID`, `VALUE`) VALUES('clientSessionIdleTimeout', 'marvel', '0');
INSERT INTO `REALM_ATTRIBUTE` (`NAME`, `REALM_ID`, `VALUE`) VALUES('clientSessionIdleTimeout', 'master', '0');
INSERT INTO `REALM_ATTRIBUTE` (`NAME`, `REALM_ID`, `VALUE`) VALUES('clientSessionIdleTimeout', 'shire', '0');
INSERT INTO `REALM_ATTRIBUTE` (`NAME`, `REALM_ID`, `VALUE`) VALUES('clientSessionMaxLifespan', 'galaxy', '0');
INSERT INTO `REALM_ATTRIBUTE` (`NAME`, `REALM_ID`, `VALUE`) VALUES('clientSessionMaxLifespan', 'marvel', '0');
INSERT INTO `REALM_ATTRIBUTE` (`NAME`, `REALM_ID`, `VALUE`) VALUES('clientSessionMaxLifespan', 'master', '0');
INSERT INTO `REALM_ATTRIBUTE` (`NAME`, `REALM_ID`, `VALUE`) VALUES('clientSessionMaxLifespan', 'shire', '0');
INSERT INTO `REALM_ATTRIBUTE` (`NAME`, `REALM_ID`, `VALUE`) VALUES('defaultSignatureAlgorithm', 'galaxy', 'RS256');
INSERT INTO `REALM_ATTRIBUTE` (`NAME`, `REALM_ID`, `VALUE`) VALUES('defaultSignatureAlgorithm', 'marvel', 'RS256');
INSERT INTO `REALM_ATTRIBUTE` (`NAME`, `REALM_ID`, `VALUE`) VALUES('defaultSignatureAlgorithm', 'master', 'RS256');
INSERT INTO `REALM_ATTRIBUTE` (`NAME`, `REALM_ID`, `VALUE`) VALUES('defaultSignatureAlgorithm', 'shire', 'RS256');
INSERT INTO `REALM_ATTRIBUTE` (`NAME`, `REALM_ID`, `VALUE`) VALUES('displayName', 'galaxy', 'Galaxy SSO');
INSERT INTO `REALM_ATTRIBUTE` (`NAME`, `REALM_ID`, `VALUE`) VALUES('displayName', 'marvel', 'Marvel SSO');
INSERT INTO `REALM_ATTRIBUTE` (`NAME`, `REALM_ID`, `VALUE`) VALUES('displayName', 'master', 'Keycloak Administration Console');
INSERT INTO `REALM_ATTRIBUTE` (`NAME`, `REALM_ID`, `VALUE`) VALUES('displayName', 'shire', 'Shire SSO');
INSERT INTO `REALM_ATTRIBUTE` (`NAME`, `REALM_ID`, `VALUE`) VALUES('displayNameHtml', 'master', '<div class=\"kc-logo-text\"><span>Keycloak Administration Console</span></div>');
INSERT INTO `REALM_ATTRIBUTE` (`NAME`, `REALM_ID`, `VALUE`) VALUES('failureFactor', 'galaxy', '30');
INSERT INTO `REALM_ATTRIBUTE` (`NAME`, `REALM_ID`, `VALUE`) VALUES('failureFactor', 'marvel', '30');
INSERT INTO `REALM_ATTRIBUTE` (`NAME`, `REALM_ID`, `VALUE`) VALUES('failureFactor', 'master', '30');
INSERT INTO `REALM_ATTRIBUTE` (`NAME`, `REALM_ID`, `VALUE`) VALUES('failureFactor', 'shire', '30');
INSERT INTO `REALM_ATTRIBUTE` (`NAME`, `REALM_ID`, `VALUE`) VALUES('maxDeltaTimeSeconds', 'galaxy', '43200');
INSERT INTO `REALM_ATTRIBUTE` (`NAME`, `REALM_ID`, `VALUE`) VALUES('maxDeltaTimeSeconds', 'marvel', '43200');
INSERT INTO `REALM_ATTRIBUTE` (`NAME`, `REALM_ID`, `VALUE`) VALUES('maxDeltaTimeSeconds', 'master', '43200');
INSERT INTO `REALM_ATTRIBUTE` (`NAME`, `REALM_ID`, `VALUE`) VALUES('maxDeltaTimeSeconds', 'shire', '43200');
INSERT INTO `REALM_ATTRIBUTE` (`NAME`, `REALM_ID`, `VALUE`) VALUES('maxFailureWaitSeconds', 'galaxy', '900');
INSERT INTO `REALM_ATTRIBUTE` (`NAME`, `REALM_ID`, `VALUE`) VALUES('maxFailureWaitSeconds', 'marvel', '900');
INSERT INTO `REALM_ATTRIBUTE` (`NAME`, `REALM_ID`, `VALUE`) VALUES('maxFailureWaitSeconds', 'master', '900');
INSERT INTO `REALM_ATTRIBUTE` (`NAME`, `REALM_ID`, `VALUE`) VALUES('maxFailureWaitSeconds', 'shire', '900');
INSERT INTO `REALM_ATTRIBUTE` (`NAME`, `REALM_ID`, `VALUE`) VALUES('minimumQuickLoginWaitSeconds', 'galaxy', '60');
INSERT INTO `REALM_ATTRIBUTE` (`NAME`, `REALM_ID`, `VALUE`) VALUES('minimumQuickLoginWaitSeconds', 'marvel', '60');
INSERT INTO `REALM_ATTRIBUTE` (`NAME`, `REALM_ID`, `VALUE`) VALUES('minimumQuickLoginWaitSeconds', 'master', '60');
INSERT INTO `REALM_ATTRIBUTE` (`NAME`, `REALM_ID`, `VALUE`) VALUES('minimumQuickLoginWaitSeconds', 'shire', '60');
INSERT INTO `REALM_ATTRIBUTE` (`NAME`, `REALM_ID`, `VALUE`) VALUES('oauth2DeviceCodeLifespan', 'galaxy', '600');
INSERT INTO `REALM_ATTRIBUTE` (`NAME`, `REALM_ID`, `VALUE`) VALUES('oauth2DeviceCodeLifespan', 'marvel', '600');
INSERT INTO `REALM_ATTRIBUTE` (`NAME`, `REALM_ID`, `VALUE`) VALUES('oauth2DeviceCodeLifespan', 'master', '600');
INSERT INTO `REALM_ATTRIBUTE` (`NAME`, `REALM_ID`, `VALUE`) VALUES('oauth2DeviceCodeLifespan', 'shire', '600');
INSERT INTO `REALM_ATTRIBUTE` (`NAME`, `REALM_ID`, `VALUE`) VALUES('oauth2DevicePollingInterval', 'galaxy', '5');
INSERT INTO `REALM_ATTRIBUTE` (`NAME`, `REALM_ID`, `VALUE`) VALUES('oauth2DevicePollingInterval', 'marvel', '5');
INSERT INTO `REALM_ATTRIBUTE` (`NAME`, `REALM_ID`, `VALUE`) VALUES('oauth2DevicePollingInterval', 'master', '600');
INSERT INTO `REALM_ATTRIBUTE` (`NAME`, `REALM_ID`, `VALUE`) VALUES('oauth2DevicePollingInterval', 'shire', '5');
INSERT INTO `REALM_ATTRIBUTE` (`NAME`, `REALM_ID`, `VALUE`) VALUES('offlineSessionMaxLifespan', 'galaxy', '5184000');
INSERT INTO `REALM_ATTRIBUTE` (`NAME`, `REALM_ID`, `VALUE`) VALUES('offlineSessionMaxLifespan', 'marvel', '5184000');
INSERT INTO `REALM_ATTRIBUTE` (`NAME`, `REALM_ID`, `VALUE`) VALUES('offlineSessionMaxLifespan', 'master', '5184000');
INSERT INTO `REALM_ATTRIBUTE` (`NAME`, `REALM_ID`, `VALUE`) VALUES('offlineSessionMaxLifespan', 'shire', '5184000');
INSERT INTO `REALM_ATTRIBUTE` (`NAME`, `REALM_ID`, `VALUE`) VALUES('offlineSessionMaxLifespanEnabled', 'galaxy', 'false');
INSERT INTO `REALM_ATTRIBUTE` (`NAME`, `REALM_ID`, `VALUE`) VALUES('offlineSessionMaxLifespanEnabled', 'marvel', 'false');
INSERT INTO `REALM_ATTRIBUTE` (`NAME`, `REALM_ID`, `VALUE`) VALUES('offlineSessionMaxLifespanEnabled', 'master', 'false');
INSERT INTO `REALM_ATTRIBUTE` (`NAME`, `REALM_ID`, `VALUE`) VALUES('offlineSessionMaxLifespanEnabled', 'shire', 'false');
INSERT INTO `REALM_ATTRIBUTE` (`NAME`, `REALM_ID`, `VALUE`) VALUES('parRequestUriLifespan', 'galaxy', '60');
INSERT INTO `REALM_ATTRIBUTE` (`NAME`, `REALM_ID`, `VALUE`) VALUES('parRequestUriLifespan', 'marvel', '60');
INSERT INTO `REALM_ATTRIBUTE` (`NAME`, `REALM_ID`, `VALUE`) VALUES('parRequestUriLifespan', 'master', '60');
INSERT INTO `REALM_ATTRIBUTE` (`NAME`, `REALM_ID`, `VALUE`) VALUES('parRequestUriLifespan', 'shire', '60');
INSERT INTO `REALM_ATTRIBUTE` (`NAME`, `REALM_ID`, `VALUE`) VALUES('permanentLockout', 'galaxy', 'false');
INSERT INTO `REALM_ATTRIBUTE` (`NAME`, `REALM_ID`, `VALUE`) VALUES('permanentLockout', 'marvel', 'false');
INSERT INTO `REALM_ATTRIBUTE` (`NAME`, `REALM_ID`, `VALUE`) VALUES('permanentLockout', 'master', 'false');
INSERT INTO `REALM_ATTRIBUTE` (`NAME`, `REALM_ID`, `VALUE`) VALUES('permanentLockout', 'shire', 'false');
INSERT INTO `REALM_ATTRIBUTE` (`NAME`, `REALM_ID`, `VALUE`) VALUES('quickLoginCheckMilliSeconds', 'galaxy', '1000');
INSERT INTO `REALM_ATTRIBUTE` (`NAME`, `REALM_ID`, `VALUE`) VALUES('quickLoginCheckMilliSeconds', 'marvel', '1000');
INSERT INTO `REALM_ATTRIBUTE` (`NAME`, `REALM_ID`, `VALUE`) VALUES('quickLoginCheckMilliSeconds', 'master', '1000');
INSERT INTO `REALM_ATTRIBUTE` (`NAME`, `REALM_ID`, `VALUE`) VALUES('quickLoginCheckMilliSeconds', 'shire', '1000');
INSERT INTO `REALM_ATTRIBUTE` (`NAME`, `REALM_ID`, `VALUE`) VALUES('userProfileEnabled', 'galaxy', 'false');
INSERT INTO `REALM_ATTRIBUTE` (`NAME`, `REALM_ID`, `VALUE`) VALUES('userProfileEnabled', 'marvel', 'false');
INSERT INTO `REALM_ATTRIBUTE` (`NAME`, `REALM_ID`, `VALUE`) VALUES('userProfileEnabled', 'master', 'false');
INSERT INTO `REALM_ATTRIBUTE` (`NAME`, `REALM_ID`, `VALUE`) VALUES('userProfileEnabled', 'shire', 'false');
INSERT INTO `REALM_ATTRIBUTE` (`NAME`, `REALM_ID`, `VALUE`) VALUES('waitIncrementSeconds', 'galaxy', '60');
INSERT INTO `REALM_ATTRIBUTE` (`NAME`, `REALM_ID`, `VALUE`) VALUES('waitIncrementSeconds', 'marvel', '60');
INSERT INTO `REALM_ATTRIBUTE` (`NAME`, `REALM_ID`, `VALUE`) VALUES('waitIncrementSeconds', 'master', '60');
INSERT INTO `REALM_ATTRIBUTE` (`NAME`, `REALM_ID`, `VALUE`) VALUES('waitIncrementSeconds', 'shire', '60');
INSERT INTO `REALM_ATTRIBUTE` (`NAME`, `REALM_ID`, `VALUE`) VALUES('webAuthnPolicyAttestationConveyancePreference', 'galaxy', 'not specified');
INSERT INTO `REALM_ATTRIBUTE` (`NAME`, `REALM_ID`, `VALUE`) VALUES('webAuthnPolicyAttestationConveyancePreference', 'marvel', 'not specified');
INSERT INTO `REALM_ATTRIBUTE` (`NAME`, `REALM_ID`, `VALUE`) VALUES('webAuthnPolicyAttestationConveyancePreference', 'master', 'not specified');
INSERT INTO `REALM_ATTRIBUTE` (`NAME`, `REALM_ID`, `VALUE`) VALUES('webAuthnPolicyAttestationConveyancePreference', 'shire', 'not specified');
INSERT INTO `REALM_ATTRIBUTE` (`NAME`, `REALM_ID`, `VALUE`) VALUES('webAuthnPolicyAttestationConveyancePreferencePasswordless', 'galaxy', 'not specified');
INSERT INTO `REALM_ATTRIBUTE` (`NAME`, `REALM_ID`, `VALUE`) VALUES('webAuthnPolicyAttestationConveyancePreferencePasswordless', 'marvel', 'not specified');
INSERT INTO `REALM_ATTRIBUTE` (`NAME`, `REALM_ID`, `VALUE`) VALUES('webAuthnPolicyAttestationConveyancePreferencePasswordless', 'master', 'not specified');
INSERT INTO `REALM_ATTRIBUTE` (`NAME`, `REALM_ID`, `VALUE`) VALUES('webAuthnPolicyAttestationConveyancePreferencePasswordless', 'shire', 'not specified');
INSERT INTO `REALM_ATTRIBUTE` (`NAME`, `REALM_ID`, `VALUE`) VALUES('webAuthnPolicyAuthenticatorAttachment', 'galaxy', 'not specified');
INSERT INTO `REALM_ATTRIBUTE` (`NAME`, `REALM_ID`, `VALUE`) VALUES('webAuthnPolicyAuthenticatorAttachment', 'marvel', 'not specified');
INSERT INTO `REALM_ATTRIBUTE` (`NAME`, `REALM_ID`, `VALUE`) VALUES('webAuthnPolicyAuthenticatorAttachment', 'master', 'not specified');
INSERT INTO `REALM_ATTRIBUTE` (`NAME`, `REALM_ID`, `VALUE`) VALUES('webAuthnPolicyAuthenticatorAttachment', 'shire', 'not specified');
INSERT INTO `REALM_ATTRIBUTE` (`NAME`, `REALM_ID`, `VALUE`) VALUES('webAuthnPolicyAuthenticatorAttachmentPasswordless', 'galaxy', 'not specified');
INSERT INTO `REALM_ATTRIBUTE` (`NAME`, `REALM_ID`, `VALUE`) VALUES('webAuthnPolicyAuthenticatorAttachmentPasswordless', 'marvel', 'not specified');
INSERT INTO `REALM_ATTRIBUTE` (`NAME`, `REALM_ID`, `VALUE`) VALUES('webAuthnPolicyAuthenticatorAttachmentPasswordless', 'master', 'not specified');
INSERT INTO `REALM_ATTRIBUTE` (`NAME`, `REALM_ID`, `VALUE`) VALUES('webAuthnPolicyAuthenticatorAttachmentPasswordless', 'shire', 'not specified');
INSERT INTO `REALM_ATTRIBUTE` (`NAME`, `REALM_ID`, `VALUE`) VALUES('webAuthnPolicyAvoidSameAuthenticatorRegister', 'galaxy', 'false');
INSERT INTO `REALM_ATTRIBUTE` (`NAME`, `REALM_ID`, `VALUE`) VALUES('webAuthnPolicyAvoidSameAuthenticatorRegister', 'marvel', 'false');
INSERT INTO `REALM_ATTRIBUTE` (`NAME`, `REALM_ID`, `VALUE`) VALUES('webAuthnPolicyAvoidSameAuthenticatorRegister', 'master', 'false');
INSERT INTO `REALM_ATTRIBUTE` (`NAME`, `REALM_ID`, `VALUE`) VALUES('webAuthnPolicyAvoidSameAuthenticatorRegister', 'shire', 'false');
INSERT INTO `REALM_ATTRIBUTE` (`NAME`, `REALM_ID`, `VALUE`) VALUES('webAuthnPolicyAvoidSameAuthenticatorRegisterPasswordless', 'galaxy', 'false');
INSERT INTO `REALM_ATTRIBUTE` (`NAME`, `REALM_ID`, `VALUE`) VALUES('webAuthnPolicyAvoidSameAuthenticatorRegisterPasswordless', 'marvel', 'false');
INSERT INTO `REALM_ATTRIBUTE` (`NAME`, `REALM_ID`, `VALUE`) VALUES('webAuthnPolicyAvoidSameAuthenticatorRegisterPasswordless', 'master', 'false');
INSERT INTO `REALM_ATTRIBUTE` (`NAME`, `REALM_ID`, `VALUE`) VALUES('webAuthnPolicyAvoidSameAuthenticatorRegisterPasswordless', 'shire', 'false');
INSERT INTO `REALM_ATTRIBUTE` (`NAME`, `REALM_ID`, `VALUE`) VALUES('webAuthnPolicyCreateTimeout', 'galaxy', '0');
INSERT INTO `REALM_ATTRIBUTE` (`NAME`, `REALM_ID`, `VALUE`) VALUES('webAuthnPolicyCreateTimeout', 'marvel', '0');
INSERT INTO `REALM_ATTRIBUTE` (`NAME`, `REALM_ID`, `VALUE`) VALUES('webAuthnPolicyCreateTimeout', 'master', '0');
INSERT INTO `REALM_ATTRIBUTE` (`NAME`, `REALM_ID`, `VALUE`) VALUES('webAuthnPolicyCreateTimeout', 'shire', '0');
INSERT INTO `REALM_ATTRIBUTE` (`NAME`, `REALM_ID`, `VALUE`) VALUES('webAuthnPolicyCreateTimeoutPasswordless', 'galaxy', '0');
INSERT INTO `REALM_ATTRIBUTE` (`NAME`, `REALM_ID`, `VALUE`) VALUES('webAuthnPolicyCreateTimeoutPasswordless', 'marvel', '0');
INSERT INTO `REALM_ATTRIBUTE` (`NAME`, `REALM_ID`, `VALUE`) VALUES('webAuthnPolicyCreateTimeoutPasswordless', 'master', '0');
INSERT INTO `REALM_ATTRIBUTE` (`NAME`, `REALM_ID`, `VALUE`) VALUES('webAuthnPolicyCreateTimeoutPasswordless', 'shire', '0');
INSERT INTO `REALM_ATTRIBUTE` (`NAME`, `REALM_ID`, `VALUE`) VALUES('webAuthnPolicyRequireResidentKey', 'galaxy', 'not specified');
INSERT INTO `REALM_ATTRIBUTE` (`NAME`, `REALM_ID`, `VALUE`) VALUES('webAuthnPolicyRequireResidentKey', 'marvel', 'not specified');
INSERT INTO `REALM_ATTRIBUTE` (`NAME`, `REALM_ID`, `VALUE`) VALUES('webAuthnPolicyRequireResidentKey', 'master', 'not specified');
INSERT INTO `REALM_ATTRIBUTE` (`NAME`, `REALM_ID`, `VALUE`) VALUES('webAuthnPolicyRequireResidentKey', 'shire', 'not specified');
INSERT INTO `REALM_ATTRIBUTE` (`NAME`, `REALM_ID`, `VALUE`) VALUES('webAuthnPolicyRequireResidentKeyPasswordless', 'galaxy', 'not specified');
INSERT INTO `REALM_ATTRIBUTE` (`NAME`, `REALM_ID`, `VALUE`) VALUES('webAuthnPolicyRequireResidentKeyPasswordless', 'marvel', 'not specified');
INSERT INTO `REALM_ATTRIBUTE` (`NAME`, `REALM_ID`, `VALUE`) VALUES('webAuthnPolicyRequireResidentKeyPasswordless', 'master', 'not specified');
INSERT INTO `REALM_ATTRIBUTE` (`NAME`, `REALM_ID`, `VALUE`) VALUES('webAuthnPolicyRequireResidentKeyPasswordless', 'shire', 'not specified');
INSERT INTO `REALM_ATTRIBUTE` (`NAME`, `REALM_ID`, `VALUE`) VALUES('webAuthnPolicyRpEntityName', 'galaxy', 'keycloak');
INSERT INTO `REALM_ATTRIBUTE` (`NAME`, `REALM_ID`, `VALUE`) VALUES('webAuthnPolicyRpEntityName', 'marvel', 'keycloak');
INSERT INTO `REALM_ATTRIBUTE` (`NAME`, `REALM_ID`, `VALUE`) VALUES('webAuthnPolicyRpEntityName', 'master', 'keycloak');
INSERT INTO `REALM_ATTRIBUTE` (`NAME`, `REALM_ID`, `VALUE`) VALUES('webAuthnPolicyRpEntityName', 'shire', 'keycloak');
INSERT INTO `REALM_ATTRIBUTE` (`NAME`, `REALM_ID`, `VALUE`) VALUES('webAuthnPolicyRpEntityNamePasswordless', 'galaxy', 'keycloak');
INSERT INTO `REALM_ATTRIBUTE` (`NAME`, `REALM_ID`, `VALUE`) VALUES('webAuthnPolicyRpEntityNamePasswordless', 'marvel', 'keycloak');
INSERT INTO `REALM_ATTRIBUTE` (`NAME`, `REALM_ID`, `VALUE`) VALUES('webAuthnPolicyRpEntityNamePasswordless', 'master', 'keycloak');
INSERT INTO `REALM_ATTRIBUTE` (`NAME`, `REALM_ID`, `VALUE`) VALUES('webAuthnPolicyRpEntityNamePasswordless', 'shire', 'keycloak');
INSERT INTO `REALM_ATTRIBUTE` (`NAME`, `REALM_ID`, `VALUE`) VALUES('webAuthnPolicyRpId', 'galaxy', '');
INSERT INTO `REALM_ATTRIBUTE` (`NAME`, `REALM_ID`, `VALUE`) VALUES('webAuthnPolicyRpId', 'marvel', '');
INSERT INTO `REALM_ATTRIBUTE` (`NAME`, `REALM_ID`, `VALUE`) VALUES('webAuthnPolicyRpId', 'master', '');
INSERT INTO `REALM_ATTRIBUTE` (`NAME`, `REALM_ID`, `VALUE`) VALUES('webAuthnPolicyRpId', 'shire', '');
INSERT INTO `REALM_ATTRIBUTE` (`NAME`, `REALM_ID`, `VALUE`) VALUES('webAuthnPolicyRpIdPasswordless', 'galaxy', '');
INSERT INTO `REALM_ATTRIBUTE` (`NAME`, `REALM_ID`, `VALUE`) VALUES('webAuthnPolicyRpIdPasswordless', 'marvel', '');
INSERT INTO `REALM_ATTRIBUTE` (`NAME`, `REALM_ID`, `VALUE`) VALUES('webAuthnPolicyRpIdPasswordless', 'master', '');
INSERT INTO `REALM_ATTRIBUTE` (`NAME`, `REALM_ID`, `VALUE`) VALUES('webAuthnPolicyRpIdPasswordless', 'shire', '');
INSERT INTO `REALM_ATTRIBUTE` (`NAME`, `REALM_ID`, `VALUE`) VALUES('webAuthnPolicySignatureAlgorithms', 'galaxy', 'ES256');
INSERT INTO `REALM_ATTRIBUTE` (`NAME`, `REALM_ID`, `VALUE`) VALUES('webAuthnPolicySignatureAlgorithms', 'marvel', 'ES256');
INSERT INTO `REALM_ATTRIBUTE` (`NAME`, `REALM_ID`, `VALUE`) VALUES('webAuthnPolicySignatureAlgorithms', 'master', 'ES256');
INSERT INTO `REALM_ATTRIBUTE` (`NAME`, `REALM_ID`, `VALUE`) VALUES('webAuthnPolicySignatureAlgorithms', 'shire', 'ES256');
INSERT INTO `REALM_ATTRIBUTE` (`NAME`, `REALM_ID`, `VALUE`) VALUES('webAuthnPolicySignatureAlgorithmsPasswordless', 'galaxy', 'ES256');
INSERT INTO `REALM_ATTRIBUTE` (`NAME`, `REALM_ID`, `VALUE`) VALUES('webAuthnPolicySignatureAlgorithmsPasswordless', 'marvel', 'ES256');
INSERT INTO `REALM_ATTRIBUTE` (`NAME`, `REALM_ID`, `VALUE`) VALUES('webAuthnPolicySignatureAlgorithmsPasswordless', 'master', 'ES256');
INSERT INTO `REALM_ATTRIBUTE` (`NAME`, `REALM_ID`, `VALUE`) VALUES('webAuthnPolicySignatureAlgorithmsPasswordless', 'shire', 'ES256');
INSERT INTO `REALM_ATTRIBUTE` (`NAME`, `REALM_ID`, `VALUE`) VALUES('webAuthnPolicyUserVerificationRequirement', 'galaxy', 'not specified');
INSERT INTO `REALM_ATTRIBUTE` (`NAME`, `REALM_ID`, `VALUE`) VALUES('webAuthnPolicyUserVerificationRequirement', 'marvel', 'not specified');
INSERT INTO `REALM_ATTRIBUTE` (`NAME`, `REALM_ID`, `VALUE`) VALUES('webAuthnPolicyUserVerificationRequirement', 'master', 'not specified');
INSERT INTO `REALM_ATTRIBUTE` (`NAME`, `REALM_ID`, `VALUE`) VALUES('webAuthnPolicyUserVerificationRequirement', 'shire', 'not specified');
INSERT INTO `REALM_ATTRIBUTE` (`NAME`, `REALM_ID`, `VALUE`) VALUES('webAuthnPolicyUserVerificationRequirementPasswordless', 'galaxy', 'not specified');
INSERT INTO `REALM_ATTRIBUTE` (`NAME`, `REALM_ID`, `VALUE`) VALUES('webAuthnPolicyUserVerificationRequirementPasswordless', 'marvel', 'not specified');
INSERT INTO `REALM_ATTRIBUTE` (`NAME`, `REALM_ID`, `VALUE`) VALUES('webAuthnPolicyUserVerificationRequirementPasswordless', 'master', 'not specified');
INSERT INTO `REALM_ATTRIBUTE` (`NAME`, `REALM_ID`, `VALUE`) VALUES('webAuthnPolicyUserVerificationRequirementPasswordless', 'shire', 'not specified');
INSERT INTO `REALM_ATTRIBUTE` (`NAME`, `REALM_ID`, `VALUE`) VALUES('_browser_header.contentSecurityPolicy', 'galaxy', 'frame-src \'self\'; frame-ancestors \'self\'; object-src \'none\';');
INSERT INTO `REALM_ATTRIBUTE` (`NAME`, `REALM_ID`, `VALUE`) VALUES('_browser_header.contentSecurityPolicy', 'marvel', 'frame-src \'self\'; frame-ancestors \'self\'; object-src \'none\';');
INSERT INTO `REALM_ATTRIBUTE` (`NAME`, `REALM_ID`, `VALUE`) VALUES('_browser_header.contentSecurityPolicy', 'master', 'frame-src \'self\'; frame-ancestors \'self\'; object-src \'none\';');
INSERT INTO `REALM_ATTRIBUTE` (`NAME`, `REALM_ID`, `VALUE`) VALUES('_browser_header.contentSecurityPolicy', 'shire', 'frame-src \'self\'; frame-ancestors \'self\'; object-src \'none\';');
INSERT INTO `REALM_ATTRIBUTE` (`NAME`, `REALM_ID`, `VALUE`) VALUES('_browser_header.contentSecurityPolicyReportOnly', 'galaxy', '');
INSERT INTO `REALM_ATTRIBUTE` (`NAME`, `REALM_ID`, `VALUE`) VALUES('_browser_header.contentSecurityPolicyReportOnly', 'marvel', '');
INSERT INTO `REALM_ATTRIBUTE` (`NAME`, `REALM_ID`, `VALUE`) VALUES('_browser_header.contentSecurityPolicyReportOnly', 'master', '');
INSERT INTO `REALM_ATTRIBUTE` (`NAME`, `REALM_ID`, `VALUE`) VALUES('_browser_header.contentSecurityPolicyReportOnly', 'shire', '');
INSERT INTO `REALM_ATTRIBUTE` (`NAME`, `REALM_ID`, `VALUE`) VALUES('_browser_header.strictTransportSecurity', 'galaxy', 'max-age=31536000; includeSubDomains');
INSERT INTO `REALM_ATTRIBUTE` (`NAME`, `REALM_ID`, `VALUE`) VALUES('_browser_header.strictTransportSecurity', 'marvel', 'max-age=31536000; includeSubDomains');
INSERT INTO `REALM_ATTRIBUTE` (`NAME`, `REALM_ID`, `VALUE`) VALUES('_browser_header.strictTransportSecurity', 'master', 'max-age=31536000; includeSubDomains');
INSERT INTO `REALM_ATTRIBUTE` (`NAME`, `REALM_ID`, `VALUE`) VALUES('_browser_header.strictTransportSecurity', 'shire', 'max-age=31536000; includeSubDomains');
INSERT INTO `REALM_ATTRIBUTE` (`NAME`, `REALM_ID`, `VALUE`) VALUES('_browser_header.xContentTypeOptions', 'galaxy', 'nosniff');
INSERT INTO `REALM_ATTRIBUTE` (`NAME`, `REALM_ID`, `VALUE`) VALUES('_browser_header.xContentTypeOptions', 'marvel', 'nosniff');
INSERT INTO `REALM_ATTRIBUTE` (`NAME`, `REALM_ID`, `VALUE`) VALUES('_browser_header.xContentTypeOptions', 'master', 'nosniff');
INSERT INTO `REALM_ATTRIBUTE` (`NAME`, `REALM_ID`, `VALUE`) VALUES('_browser_header.xContentTypeOptions', 'shire', 'nosniff');
INSERT INTO `REALM_ATTRIBUTE` (`NAME`, `REALM_ID`, `VALUE`) VALUES('_browser_header.xFrameOptions', 'galaxy', 'SAMEORIGIN');
INSERT INTO `REALM_ATTRIBUTE` (`NAME`, `REALM_ID`, `VALUE`) VALUES('_browser_header.xFrameOptions', 'marvel', 'SAMEORIGIN');
INSERT INTO `REALM_ATTRIBUTE` (`NAME`, `REALM_ID`, `VALUE`) VALUES('_browser_header.xFrameOptions', 'master', 'SAMEORIGIN');
INSERT INTO `REALM_ATTRIBUTE` (`NAME`, `REALM_ID`, `VALUE`) VALUES('_browser_header.xFrameOptions', 'shire', 'SAMEORIGIN');
INSERT INTO `REALM_ATTRIBUTE` (`NAME`, `REALM_ID`, `VALUE`) VALUES('_browser_header.xRobotsTag', 'galaxy', 'none');
INSERT INTO `REALM_ATTRIBUTE` (`NAME`, `REALM_ID`, `VALUE`) VALUES('_browser_header.xRobotsTag', 'marvel', 'none');
INSERT INTO `REALM_ATTRIBUTE` (`NAME`, `REALM_ID`, `VALUE`) VALUES('_browser_header.xRobotsTag', 'master', 'none');
INSERT INTO `REALM_ATTRIBUTE` (`NAME`, `REALM_ID`, `VALUE`) VALUES('_browser_header.xRobotsTag', 'shire', 'none');
INSERT INTO `REALM_ATTRIBUTE` (`NAME`, `REALM_ID`, `VALUE`) VALUES('_browser_header.xXSSProtection', 'galaxy', '1; mode=block');
INSERT INTO `REALM_ATTRIBUTE` (`NAME`, `REALM_ID`, `VALUE`) VALUES('_browser_header.xXSSProtection', 'marvel', '1; mode=block');
INSERT INTO `REALM_ATTRIBUTE` (`NAME`, `REALM_ID`, `VALUE`) VALUES('_browser_header.xXSSProtection', 'master', '1; mode=block');
INSERT INTO `REALM_ATTRIBUTE` (`NAME`, `REALM_ID`, `VALUE`) VALUES('_browser_header.xXSSProtection', 'shire', '1; mode=block');

DROP TABLE IF EXISTS `REALM_DEFAULT_GROUPS`;
CREATE TABLE `REALM_DEFAULT_GROUPS` (
  `REALM_ID` varchar(36) NOT NULL,
  `GROUP_ID` varchar(36) NOT NULL
) ENGINE=InnoDB DEFAULT CHARSET=utf8;

DROP TABLE IF EXISTS `REALM_ENABLED_EVENT_TYPES`;
CREATE TABLE `REALM_ENABLED_EVENT_TYPES` (
  `REALM_ID` varchar(36) NOT NULL,
  `VALUE` varchar(255) NOT NULL
) ENGINE=InnoDB DEFAULT CHARSET=utf8;

DROP TABLE IF EXISTS `REALM_EVENTS_LISTENERS`;
CREATE TABLE `REALM_EVENTS_LISTENERS` (
  `REALM_ID` varchar(36) NOT NULL,
  `VALUE` varchar(255) NOT NULL
) ENGINE=InnoDB DEFAULT CHARSET=utf8;

INSERT INTO `REALM_EVENTS_LISTENERS` (`REALM_ID`, `VALUE`) VALUES('galaxy', 'jboss-logging');
INSERT INTO `REALM_EVENTS_LISTENERS` (`REALM_ID`, `VALUE`) VALUES('marvel', 'jboss-logging');
INSERT INTO `REALM_EVENTS_LISTENERS` (`REALM_ID`, `VALUE`) VALUES('master', 'jboss-logging');
INSERT INTO `REALM_EVENTS_LISTENERS` (`REALM_ID`, `VALUE`) VALUES('shire', 'jboss-logging');

DROP TABLE IF EXISTS `REALM_LOCALIZATIONS`;
CREATE TABLE `REALM_LOCALIZATIONS` (
  `REALM_ID` varchar(255) NOT NULL,
  `LOCALE` varchar(255) NOT NULL,
  `TEXTS` longtext NOT NULL
) ENGINE=InnoDB DEFAULT CHARSET=utf8;

DROP TABLE IF EXISTS `REALM_REQUIRED_CREDENTIAL`;
CREATE TABLE `REALM_REQUIRED_CREDENTIAL` (
  `TYPE` varchar(255) NOT NULL,
  `FORM_LABEL` varchar(255) DEFAULT NULL,
  `INPUT` bit(1) NOT NULL DEFAULT b'0',
  `SECRET` bit(1) NOT NULL DEFAULT b'0',
  `REALM_ID` varchar(36) NOT NULL
) ENGINE=InnoDB DEFAULT CHARSET=utf8;

INSERT INTO `REALM_REQUIRED_CREDENTIAL` (`TYPE`, `FORM_LABEL`, `INPUT`, `SECRET`, `REALM_ID`) VALUES('password', 'password', b'1', b'1', 'galaxy');
INSERT INTO `REALM_REQUIRED_CREDENTIAL` (`TYPE`, `FORM_LABEL`, `INPUT`, `SECRET`, `REALM_ID`) VALUES('password', 'password', b'1', b'1', 'marvel');
INSERT INTO `REALM_REQUIRED_CREDENTIAL` (`TYPE`, `FORM_LABEL`, `INPUT`, `SECRET`, `REALM_ID`) VALUES('password', 'password', b'1', b'1', 'master');
INSERT INTO `REALM_REQUIRED_CREDENTIAL` (`TYPE`, `FORM_LABEL`, `INPUT`, `SECRET`, `REALM_ID`) VALUES('password', 'password', b'1', b'1', 'shire');

DROP TABLE IF EXISTS `REALM_SMTP_CONFIG`;
CREATE TABLE `REALM_SMTP_CONFIG` (
  `REALM_ID` varchar(36) NOT NULL,
  `VALUE` varchar(255) DEFAULT NULL,
  `NAME` varchar(255) NOT NULL
) ENGINE=InnoDB DEFAULT CHARSET=utf8;

INSERT INTO `REALM_SMTP_CONFIG` (`REALM_ID`, `VALUE`, `NAME`) VALUES('galaxy', '', 'auth');
INSERT INTO `REALM_SMTP_CONFIG` (`REALM_ID`, `VALUE`, `NAME`) VALUES('galaxy', 'sso@galaxy.example.com', 'from');
INSERT INTO `REALM_SMTP_CONFIG` (`REALM_ID`, `VALUE`, `NAME`) VALUES('galaxy', 'Galaxy SSO', 'fromDisplayName');
INSERT INTO `REALM_SMTP_CONFIG` (`REALM_ID`, `VALUE`, `NAME`) VALUES('galaxy', 'mailbox.example.com', 'host');
INSERT INTO `REALM_SMTP_CONFIG` (`REALM_ID`, `VALUE`, `NAME`) VALUES('galaxy', '1025', 'port');
INSERT INTO `REALM_SMTP_CONFIG` (`REALM_ID`, `VALUE`, `NAME`) VALUES('galaxy', 'sso@galaxy.example.com', 'replyTo');
INSERT INTO `REALM_SMTP_CONFIG` (`REALM_ID`, `VALUE`, `NAME`) VALUES('galaxy', 'Galaxy SSO', 'replyToDisplayName');
INSERT INTO `REALM_SMTP_CONFIG` (`REALM_ID`, `VALUE`, `NAME`) VALUES('galaxy', '', 'ssl');
INSERT INTO `REALM_SMTP_CONFIG` (`REALM_ID`, `VALUE`, `NAME`) VALUES('galaxy', '', 'starttls');
INSERT INTO `REALM_SMTP_CONFIG` (`REALM_ID`, `VALUE`, `NAME`) VALUES('marvel', '', 'auth');
INSERT INTO `REALM_SMTP_CONFIG` (`REALM_ID`, `VALUE`, `NAME`) VALUES('marvel', 'sso@marvel.example.com', 'from');
INSERT INTO `REALM_SMTP_CONFIG` (`REALM_ID`, `VALUE`, `NAME`) VALUES('marvel', 'Marvel SSO', 'fromDisplayName');
INSERT INTO `REALM_SMTP_CONFIG` (`REALM_ID`, `VALUE`, `NAME`) VALUES('marvel', 'mailbox.example.com', 'host');
INSERT INTO `REALM_SMTP_CONFIG` (`REALM_ID`, `VALUE`, `NAME`) VALUES('marvel', '1025', 'port');
INSERT INTO `REALM_SMTP_CONFIG` (`REALM_ID`, `VALUE`, `NAME`) VALUES('marvel', 'sso@marvel.example.com', 'replyTo');
INSERT INTO `REALM_SMTP_CONFIG` (`REALM_ID`, `VALUE`, `NAME`) VALUES('marvel', 'Marvel SSO', 'replyToDisplayName');
INSERT INTO `REALM_SMTP_CONFIG` (`REALM_ID`, `VALUE`, `NAME`) VALUES('marvel', '', 'ssl');
INSERT INTO `REALM_SMTP_CONFIG` (`REALM_ID`, `VALUE`, `NAME`) VALUES('marvel', '', 'starttls');
INSERT INTO `REALM_SMTP_CONFIG` (`REALM_ID`, `VALUE`, `NAME`) VALUES('master', '', 'auth');
INSERT INTO `REALM_SMTP_CONFIG` (`REALM_ID`, `VALUE`, `NAME`) VALUES('master', 'sso@master.example.com', 'from');
INSERT INTO `REALM_SMTP_CONFIG` (`REALM_ID`, `VALUE`, `NAME`) VALUES('master', 'Keycloak Administration Console', 'fromDisplayName');
INSERT INTO `REALM_SMTP_CONFIG` (`REALM_ID`, `VALUE`, `NAME`) VALUES('master', 'mailbox.example.com', 'host');
INSERT INTO `REALM_SMTP_CONFIG` (`REALM_ID`, `VALUE`, `NAME`) VALUES('master', '1025', 'port');
INSERT INTO `REALM_SMTP_CONFIG` (`REALM_ID`, `VALUE`, `NAME`) VALUES('master', 'sso@master.example.com', 'replyTo');
INSERT INTO `REALM_SMTP_CONFIG` (`REALM_ID`, `VALUE`, `NAME`) VALUES('master', 'Keycloak Administration Console', 'replyToDisplayName');
INSERT INTO `REALM_SMTP_CONFIG` (`REALM_ID`, `VALUE`, `NAME`) VALUES('master', '', 'ssl');
INSERT INTO `REALM_SMTP_CONFIG` (`REALM_ID`, `VALUE`, `NAME`) VALUES('master', '', 'starttls');
INSERT INTO `REALM_SMTP_CONFIG` (`REALM_ID`, `VALUE`, `NAME`) VALUES('shire', 'false', 'auth');
INSERT INTO `REALM_SMTP_CONFIG` (`REALM_ID`, `VALUE`, `NAME`) VALUES('shire', 'sso@shire.example.com', 'from');
INSERT INTO `REALM_SMTP_CONFIG` (`REALM_ID`, `VALUE`, `NAME`) VALUES('shire', 'Shire SSO', 'fromDisplayName');
INSERT INTO `REALM_SMTP_CONFIG` (`REALM_ID`, `VALUE`, `NAME`) VALUES('shire', 'mailbox.example.com', 'host');
INSERT INTO `REALM_SMTP_CONFIG` (`REALM_ID`, `VALUE`, `NAME`) VALUES('shire', '1025', 'port');
INSERT INTO `REALM_SMTP_CONFIG` (`REALM_ID`, `VALUE`, `NAME`) VALUES('shire', 'sso@shire.example.com', 'replyTo');
INSERT INTO `REALM_SMTP_CONFIG` (`REALM_ID`, `VALUE`, `NAME`) VALUES('shire', 'Shire SSO', 'replyToDisplayName');
INSERT INTO `REALM_SMTP_CONFIG` (`REALM_ID`, `VALUE`, `NAME`) VALUES('shire', 'false', 'ssl');
INSERT INTO `REALM_SMTP_CONFIG` (`REALM_ID`, `VALUE`, `NAME`) VALUES('shire', '', 'starttls');

DROP TABLE IF EXISTS `REALM_SUPPORTED_LOCALES`;
CREATE TABLE `REALM_SUPPORTED_LOCALES` (
  `REALM_ID` varchar(36) NOT NULL,
  `VALUE` varchar(255) NOT NULL
) ENGINE=InnoDB DEFAULT CHARSET=utf8;

INSERT INTO `REALM_SUPPORTED_LOCALES` (`REALM_ID`, `VALUE`) VALUES('galaxy', '');
INSERT INTO `REALM_SUPPORTED_LOCALES` (`REALM_ID`, `VALUE`) VALUES('marvel', '');
INSERT INTO `REALM_SUPPORTED_LOCALES` (`REALM_ID`, `VALUE`) VALUES('master', 'ca');
INSERT INTO `REALM_SUPPORTED_LOCALES` (`REALM_ID`, `VALUE`) VALUES('master', 'cs');
INSERT INTO `REALM_SUPPORTED_LOCALES` (`REALM_ID`, `VALUE`) VALUES('master', 'da');
INSERT INTO `REALM_SUPPORTED_LOCALES` (`REALM_ID`, `VALUE`) VALUES('master', 'de');
INSERT INTO `REALM_SUPPORTED_LOCALES` (`REALM_ID`, `VALUE`) VALUES('master', 'en');
INSERT INTO `REALM_SUPPORTED_LOCALES` (`REALM_ID`, `VALUE`) VALUES('master', 'es');
INSERT INTO `REALM_SUPPORTED_LOCALES` (`REALM_ID`, `VALUE`) VALUES('master', 'fr');
INSERT INTO `REALM_SUPPORTED_LOCALES` (`REALM_ID`, `VALUE`) VALUES('master', 'hu');
INSERT INTO `REALM_SUPPORTED_LOCALES` (`REALM_ID`, `VALUE`) VALUES('master', 'it');
INSERT INTO `REALM_SUPPORTED_LOCALES` (`REALM_ID`, `VALUE`) VALUES('master', 'ja');
INSERT INTO `REALM_SUPPORTED_LOCALES` (`REALM_ID`, `VALUE`) VALUES('master', 'lt');
INSERT INTO `REALM_SUPPORTED_LOCALES` (`REALM_ID`, `VALUE`) VALUES('master', 'nl');
INSERT INTO `REALM_SUPPORTED_LOCALES` (`REALM_ID`, `VALUE`) VALUES('master', 'no');
INSERT INTO `REALM_SUPPORTED_LOCALES` (`REALM_ID`, `VALUE`) VALUES('master', 'pl');
INSERT INTO `REALM_SUPPORTED_LOCALES` (`REALM_ID`, `VALUE`) VALUES('master', 'pt-BR');
INSERT INTO `REALM_SUPPORTED_LOCALES` (`REALM_ID`, `VALUE`) VALUES('master', 'ru');
INSERT INTO `REALM_SUPPORTED_LOCALES` (`REALM_ID`, `VALUE`) VALUES('master', 'sk');
INSERT INTO `REALM_SUPPORTED_LOCALES` (`REALM_ID`, `VALUE`) VALUES('master', 'sv');
INSERT INTO `REALM_SUPPORTED_LOCALES` (`REALM_ID`, `VALUE`) VALUES('master', 'tr');
INSERT INTO `REALM_SUPPORTED_LOCALES` (`REALM_ID`, `VALUE`) VALUES('master', 'zh-CN');
INSERT INTO `REALM_SUPPORTED_LOCALES` (`REALM_ID`, `VALUE`) VALUES('shire', '');

DROP TABLE IF EXISTS `REDIRECT_URIS`;
CREATE TABLE `REDIRECT_URIS` (
  `CLIENT_ID` varchar(36) NOT NULL,
  `VALUE` varchar(255) NOT NULL
) ENGINE=InnoDB DEFAULT CHARSET=utf8;

INSERT INTO `REDIRECT_URIS` (`CLIENT_ID`, `VALUE`) VALUES('076ea7ad-877b-4966-8425-aa913dd2ded3', '/admin/shire/console/*');
INSERT INTO `REDIRECT_URIS` (`CLIENT_ID`, `VALUE`) VALUES('1431f78b-7304-4502-ab74-ad58e9e7f851', '/realms/master/account/*');
INSERT INTO `REDIRECT_URIS` (`CLIENT_ID`, `VALUE`) VALUES('2459a934-6cc0-4051-9db0-e92d0f1f06aa', '/realms/master/account/*');
INSERT INTO `REDIRECT_URIS` (`CLIENT_ID`, `VALUE`) VALUES('3ce87c07-43f7-4fd1-98dc-98d0bef89416', '/admin/master/console/*');
INSERT INTO `REDIRECT_URIS` (`CLIENT_ID`, `VALUE`) VALUES('421f8f27-9b2c-4c8e-a84c-0fdee96ca882', 'http://marvel.articles.example.com/*');
INSERT INTO `REDIRECT_URIS` (`CLIENT_ID`, `VALUE`) VALUES('5ba321eb-19dc-4fb5-acee-127e931e3686', '/realms/shire/account/*');
INSERT INTO `REDIRECT_URIS` (`CLIENT_ID`, `VALUE`) VALUES('8366d8af-a665-4f19-95d5-558f8d178519', '/admin/marvel/console/*');
INSERT INTO `REDIRECT_URIS` (`CLIENT_ID`, `VALUE`) VALUES('8eb73012-440c-4d87-9a13-6e2c69617d75', '/admin/galaxy/console/*');
INSERT INTO `REDIRECT_URIS` (`CLIENT_ID`, `VALUE`) VALUES('a17811e5-8ed8-4152-972c-8148cbc40894', '/realms/galaxy/account/*');
INSERT INTO `REDIRECT_URIS` (`CLIENT_ID`, `VALUE`) VALUES('b6e3d4d5-d802-439f-9be9-760232c3ec6a', '/realms/marvel/account/*');
INSERT INTO `REDIRECT_URIS` (`CLIENT_ID`, `VALUE`) VALUES('b9044e4f-9888-4b65-814c-c7dc91a8fa35', '/realms/shire/account/*');
INSERT INTO `REDIRECT_URIS` (`CLIENT_ID`, `VALUE`) VALUES('b9ba5583-6313-4b30-a6f0-61e137f55a66', '/realms/galaxy/account/*');
INSERT INTO `REDIRECT_URIS` (`CLIENT_ID`, `VALUE`) VALUES('e5e864b0-8e37-4183-8411-c8188d18e903', 'http://galaxy.articles.example.com/*');
INSERT INTO `REDIRECT_URIS` (`CLIENT_ID`, `VALUE`) VALUES('f67208be-79d2-46a2-8dc3-733a546bd1e7', '/realms/marvel/account/*');
INSERT INTO `REDIRECT_URIS` (`CLIENT_ID`, `VALUE`) VALUES('fbae2ee7-7a42-49a0-924f-6e42d687e2e5', 'http://shire.articles.example.com/*');

DROP TABLE IF EXISTS `REQUIRED_ACTION_CONFIG`;
CREATE TABLE `REQUIRED_ACTION_CONFIG` (
  `REQUIRED_ACTION_ID` varchar(36) NOT NULL,
  `VALUE` longtext DEFAULT NULL,
  `NAME` varchar(255) NOT NULL
) ENGINE=InnoDB DEFAULT CHARSET=utf8;

DROP TABLE IF EXISTS `REQUIRED_ACTION_PROVIDER`;
CREATE TABLE `REQUIRED_ACTION_PROVIDER` (
  `ID` varchar(36) NOT NULL,
  `ALIAS` varchar(255) DEFAULT NULL,
  `NAME` varchar(255) DEFAULT NULL,
  `REALM_ID` varchar(36) DEFAULT NULL,
  `ENABLED` bit(1) NOT NULL DEFAULT b'0',
  `DEFAULT_ACTION` bit(1) NOT NULL DEFAULT b'0',
  `PROVIDER_ID` varchar(255) DEFAULT NULL,
  `PRIORITY` int(11) DEFAULT NULL
) ENGINE=InnoDB DEFAULT CHARSET=utf8;

INSERT INTO `REQUIRED_ACTION_PROVIDER` (`ID`, `ALIAS`, `NAME`, `REALM_ID`, `ENABLED`, `DEFAULT_ACTION`, `PROVIDER_ID`, `PRIORITY`) VALUES('0fb21412-55d7-472d-91c2-4020ef90da0b', 'VERIFY_EMAIL', 'Verify Email', 'galaxy', b'1', b'0', 'VERIFY_EMAIL', 50);
INSERT INTO `REQUIRED_ACTION_PROVIDER` (`ID`, `ALIAS`, `NAME`, `REALM_ID`, `ENABLED`, `DEFAULT_ACTION`, `PROVIDER_ID`, `PRIORITY`) VALUES('135bd424-5894-4054-8005-36e27f240665', 'update_user_locale', 'Update User Locale', 'marvel', b'1', b'0', 'update_user_locale', 1000);
INSERT INTO `REQUIRED_ACTION_PROVIDER` (`ID`, `ALIAS`, `NAME`, `REALM_ID`, `ENABLED`, `DEFAULT_ACTION`, `PROVIDER_ID`, `PRIORITY`) VALUES('159c6411-7e82-4422-8b41-51aebe44b528', 'UPDATE_PASSWORD', 'Update Password', 'marvel', b'1', b'0', 'UPDATE_PASSWORD', 30);
INSERT INTO `REQUIRED_ACTION_PROVIDER` (`ID`, `ALIAS`, `NAME`, `REALM_ID`, `ENABLED`, `DEFAULT_ACTION`, `PROVIDER_ID`, `PRIORITY`) VALUES('16dd144a-7441-4093-a946-af8722a998fb', 'VERIFY_EMAIL', 'Verify Email', 'shire', b'1', b'0', 'VERIFY_EMAIL', 50);
INSERT INTO `REQUIRED_ACTION_PROVIDER` (`ID`, `ALIAS`, `NAME`, `REALM_ID`, `ENABLED`, `DEFAULT_ACTION`, `PROVIDER_ID`, `PRIORITY`) VALUES('3163f8ed-b646-464c-ade2-71c42e0ab41f', 'CONFIGURE_TOTP', 'Configure OTP', 'galaxy', b'1', b'0', 'CONFIGURE_TOTP', 10);
INSERT INTO `REQUIRED_ACTION_PROVIDER` (`ID`, `ALIAS`, `NAME`, `REALM_ID`, `ENABLED`, `DEFAULT_ACTION`, `PROVIDER_ID`, `PRIORITY`) VALUES('340e0ceb-36dd-43ca-bb6f-1e6cf06f9106', 'VERIFY_EMAIL', 'Verify Email', 'marvel', b'1', b'0', 'VERIFY_EMAIL', 50);
INSERT INTO `REQUIRED_ACTION_PROVIDER` (`ID`, `ALIAS`, `NAME`, `REALM_ID`, `ENABLED`, `DEFAULT_ACTION`, `PROVIDER_ID`, `PRIORITY`) VALUES('35ad95fa-83e5-44c8-a81d-f6f234a9291f', 'UPDATE_PROFILE', 'Update Profile', 'galaxy', b'1', b'0', 'UPDATE_PROFILE', 40);
INSERT INTO `REQUIRED_ACTION_PROVIDER` (`ID`, `ALIAS`, `NAME`, `REALM_ID`, `ENABLED`, `DEFAULT_ACTION`, `PROVIDER_ID`, `PRIORITY`) VALUES('391d57b9-db6b-41d9-863d-31c530f22d1d', 'UPDATE_PROFILE', 'Update Profile', 'shire', b'1', b'0', 'UPDATE_PROFILE', 40);
INSERT INTO `REQUIRED_ACTION_PROVIDER` (`ID`, `ALIAS`, `NAME`, `REALM_ID`, `ENABLED`, `DEFAULT_ACTION`, `PROVIDER_ID`, `PRIORITY`) VALUES('3e4369d8-1604-4420-8a03-5ff1b29cb2a6', 'update_user_locale', 'Update User Locale', 'master', b'1', b'0', 'update_user_locale', 1000);
INSERT INTO `REQUIRED_ACTION_PROVIDER` (`ID`, `ALIAS`, `NAME`, `REALM_ID`, `ENABLED`, `DEFAULT_ACTION`, `PROVIDER_ID`, `PRIORITY`) VALUES('4d031727-f1ee-4660-9e4d-ff67ff86e176', 'delete_account', 'Delete Account', 'master', b'0', b'0', 'delete_account', 60);
INSERT INTO `REQUIRED_ACTION_PROVIDER` (`ID`, `ALIAS`, `NAME`, `REALM_ID`, `ENABLED`, `DEFAULT_ACTION`, `PROVIDER_ID`, `PRIORITY`) VALUES('61191310-c996-417d-b771-bcaad9e536dd', 'UPDATE_PASSWORD', 'Update Password', 'master', b'1', b'0', 'UPDATE_PASSWORD', 30);
INSERT INTO `REQUIRED_ACTION_PROVIDER` (`ID`, `ALIAS`, `NAME`, `REALM_ID`, `ENABLED`, `DEFAULT_ACTION`, `PROVIDER_ID`, `PRIORITY`) VALUES('6c1045f9-e60f-462c-afe3-dbf67718d774', 'update_user_locale', 'Update User Locale', 'galaxy', b'1', b'0', 'update_user_locale', 1000);
INSERT INTO `REQUIRED_ACTION_PROVIDER` (`ID`, `ALIAS`, `NAME`, `REALM_ID`, `ENABLED`, `DEFAULT_ACTION`, `PROVIDER_ID`, `PRIORITY`) VALUES('7d887d60-16d5-40de-86bf-b53a6f1bad71', 'terms_and_conditions', 'Terms and Conditions', 'galaxy', b'0', b'0', 'terms_and_conditions', 20);
INSERT INTO `REQUIRED_ACTION_PROVIDER` (`ID`, `ALIAS`, `NAME`, `REALM_ID`, `ENABLED`, `DEFAULT_ACTION`, `PROVIDER_ID`, `PRIORITY`) VALUES('821343b7-5bba-4c13-9bfa-0c5628b5f83a', 'CONFIGURE_TOTP', 'Configure OTP', 'marvel', b'1', b'0', 'CONFIGURE_TOTP', 10);
INSERT INTO `REQUIRED_ACTION_PROVIDER` (`ID`, `ALIAS`, `NAME`, `REALM_ID`, `ENABLED`, `DEFAULT_ACTION`, `PROVIDER_ID`, `PRIORITY`) VALUES('86664aae-6600-4ae0-beb9-4d003977b68e', 'UPDATE_PASSWORD', 'Update Password', 'shire', b'1', b'0', 'UPDATE_PASSWORD', 30);
INSERT INTO `REQUIRED_ACTION_PROVIDER` (`ID`, `ALIAS`, `NAME`, `REALM_ID`, `ENABLED`, `DEFAULT_ACTION`, `PROVIDER_ID`, `PRIORITY`) VALUES('883a71cb-d557-4674-a6b7-f597bc93b30f', 'UPDATE_PROFILE', 'Update Profile', 'marvel', b'1', b'0', 'UPDATE_PROFILE', 40);
INSERT INTO `REQUIRED_ACTION_PROVIDER` (`ID`, `ALIAS`, `NAME`, `REALM_ID`, `ENABLED`, `DEFAULT_ACTION`, `PROVIDER_ID`, `PRIORITY`) VALUES('8a61c162-fb5b-4366-b6c3-0970c39fe80f', 'CONFIGURE_TOTP', 'Configure OTP', 'shire', b'1', b'0', 'CONFIGURE_TOTP', 10);
INSERT INTO `REQUIRED_ACTION_PROVIDER` (`ID`, `ALIAS`, `NAME`, `REALM_ID`, `ENABLED`, `DEFAULT_ACTION`, `PROVIDER_ID`, `PRIORITY`) VALUES('950138f6-4e57-4de4-b2dd-bd0be5c9288b', 'CONFIGURE_TOTP', 'Configure OTP', 'master', b'1', b'0', 'CONFIGURE_TOTP', 10);
INSERT INTO `REQUIRED_ACTION_PROVIDER` (`ID`, `ALIAS`, `NAME`, `REALM_ID`, `ENABLED`, `DEFAULT_ACTION`, `PROVIDER_ID`, `PRIORITY`) VALUES('aabd3188-78c8-4f50-a7a1-d1e7101e0ad2', 'UPDATE_PROFILE', 'Update Profile', 'master', b'1', b'0', 'UPDATE_PROFILE', 40);
INSERT INTO `REQUIRED_ACTION_PROVIDER` (`ID`, `ALIAS`, `NAME`, `REALM_ID`, `ENABLED`, `DEFAULT_ACTION`, `PROVIDER_ID`, `PRIORITY`) VALUES('ac588447-b9b3-4571-8182-e099cb4a7e62', 'delete_account', 'Delete Account', 'shire', b'0', b'0', 'delete_account', 60);
INSERT INTO `REQUIRED_ACTION_PROVIDER` (`ID`, `ALIAS`, `NAME`, `REALM_ID`, `ENABLED`, `DEFAULT_ACTION`, `PROVIDER_ID`, `PRIORITY`) VALUES('ad63d44d-8408-40c9-85c9-97f5680deef1', 'delete_account', 'Delete Account', 'galaxy', b'0', b'0', 'delete_account', 60);
INSERT INTO `REQUIRED_ACTION_PROVIDER` (`ID`, `ALIAS`, `NAME`, `REALM_ID`, `ENABLED`, `DEFAULT_ACTION`, `PROVIDER_ID`, `PRIORITY`) VALUES('b657c0b1-011a-46ff-9e11-843f2282ab96', 'delete_account', 'Delete Account', 'marvel', b'0', b'0', 'delete_account', 60);
INSERT INTO `REQUIRED_ACTION_PROVIDER` (`ID`, `ALIAS`, `NAME`, `REALM_ID`, `ENABLED`, `DEFAULT_ACTION`, `PROVIDER_ID`, `PRIORITY`) VALUES('bc33972a-a845-489f-83f3-5c28a7efe340', 'VERIFY_EMAIL', 'Verify Email', 'master', b'1', b'0', 'VERIFY_EMAIL', 50);
INSERT INTO `REQUIRED_ACTION_PROVIDER` (`ID`, `ALIAS`, `NAME`, `REALM_ID`, `ENABLED`, `DEFAULT_ACTION`, `PROVIDER_ID`, `PRIORITY`) VALUES('c04ea1fa-1efb-4f61-afdf-f53826c91e60', 'update_user_locale', 'Update User Locale', 'shire', b'1', b'0', 'update_user_locale', 1000);
INSERT INTO `REQUIRED_ACTION_PROVIDER` (`ID`, `ALIAS`, `NAME`, `REALM_ID`, `ENABLED`, `DEFAULT_ACTION`, `PROVIDER_ID`, `PRIORITY`) VALUES('ccf8a420-ce58-44d8-bfcf-0efa50950687', 'terms_and_conditions', 'Terms and Conditions', 'shire', b'0', b'0', 'terms_and_conditions', 20);
INSERT INTO `REQUIRED_ACTION_PROVIDER` (`ID`, `ALIAS`, `NAME`, `REALM_ID`, `ENABLED`, `DEFAULT_ACTION`, `PROVIDER_ID`, `PRIORITY`) VALUES('d365791f-96db-445c-8b67-8638c9b397a2', 'terms_and_conditions', 'Terms and Conditions', 'marvel', b'0', b'0', 'terms_and_conditions', 20);
INSERT INTO `REQUIRED_ACTION_PROVIDER` (`ID`, `ALIAS`, `NAME`, `REALM_ID`, `ENABLED`, `DEFAULT_ACTION`, `PROVIDER_ID`, `PRIORITY`) VALUES('e09b1793-7564-4320-854c-9d1256e52246', 'UPDATE_PASSWORD', 'Update Password', 'galaxy', b'1', b'0', 'UPDATE_PASSWORD', 30);
INSERT INTO `REQUIRED_ACTION_PROVIDER` (`ID`, `ALIAS`, `NAME`, `REALM_ID`, `ENABLED`, `DEFAULT_ACTION`, `PROVIDER_ID`, `PRIORITY`) VALUES('f5fa55dd-86cd-4a36-a2ee-25010b9d05e1', 'terms_and_conditions', 'Terms and Conditions', 'master', b'0', b'0', 'terms_and_conditions', 20);

DROP TABLE IF EXISTS `RESOURCE_ATTRIBUTE`;
CREATE TABLE `RESOURCE_ATTRIBUTE` (
  `ID` varchar(36) NOT NULL DEFAULT 'sybase-needs-something-here',
  `NAME` varchar(255) NOT NULL,
  `VALUE` varchar(255) DEFAULT NULL,
  `RESOURCE_ID` varchar(36) NOT NULL
) ENGINE=InnoDB DEFAULT CHARSET=utf8;

DROP TABLE IF EXISTS `RESOURCE_POLICY`;
CREATE TABLE `RESOURCE_POLICY` (
  `RESOURCE_ID` varchar(36) NOT NULL,
  `POLICY_ID` varchar(36) NOT NULL
) ENGINE=InnoDB DEFAULT CHARSET=utf8;

DROP TABLE IF EXISTS `RESOURCE_SCOPE`;
CREATE TABLE `RESOURCE_SCOPE` (
  `RESOURCE_ID` varchar(36) NOT NULL,
  `SCOPE_ID` varchar(36) NOT NULL
) ENGINE=InnoDB DEFAULT CHARSET=utf8;

DROP TABLE IF EXISTS `RESOURCE_SERVER`;
CREATE TABLE `RESOURCE_SERVER` (
  `ID` varchar(36) NOT NULL,
  `ALLOW_RS_REMOTE_MGMT` bit(1) NOT NULL DEFAULT b'0',
  `POLICY_ENFORCE_MODE` varchar(15) NOT NULL,
  `DECISION_STRATEGY` tinyint(4) NOT NULL DEFAULT 1
) ENGINE=InnoDB DEFAULT CHARSET=utf8;

DROP TABLE IF EXISTS `RESOURCE_SERVER_PERM_TICKET`;
CREATE TABLE `RESOURCE_SERVER_PERM_TICKET` (
  `ID` varchar(36) NOT NULL,
  `OWNER` varchar(255) DEFAULT NULL,
  `REQUESTER` varchar(255) DEFAULT NULL,
  `CREATED_TIMESTAMP` bigint(20) NOT NULL,
  `GRANTED_TIMESTAMP` bigint(20) DEFAULT NULL,
  `RESOURCE_ID` varchar(36) NOT NULL,
  `SCOPE_ID` varchar(36) DEFAULT NULL,
  `RESOURCE_SERVER_ID` varchar(36) NOT NULL,
  `POLICY_ID` varchar(36) DEFAULT NULL
) ENGINE=InnoDB DEFAULT CHARSET=utf8;

DROP TABLE IF EXISTS `RESOURCE_SERVER_POLICY`;
CREATE TABLE `RESOURCE_SERVER_POLICY` (
  `ID` varchar(36) NOT NULL,
  `NAME` varchar(255) NOT NULL,
  `DESCRIPTION` varchar(255) DEFAULT NULL,
  `TYPE` varchar(255) NOT NULL,
  `DECISION_STRATEGY` varchar(20) DEFAULT NULL,
  `LOGIC` varchar(20) DEFAULT NULL,
  `RESOURCE_SERVER_ID` varchar(36) DEFAULT NULL,
  `OWNER` varchar(255) DEFAULT NULL
) ENGINE=InnoDB DEFAULT CHARSET=utf8;

DROP TABLE IF EXISTS `RESOURCE_SERVER_RESOURCE`;
CREATE TABLE `RESOURCE_SERVER_RESOURCE` (
  `ID` varchar(36) NOT NULL,
  `NAME` varchar(255) NOT NULL,
  `TYPE` varchar(255) DEFAULT NULL,
  `ICON_URI` varchar(255) DEFAULT NULL,
  `OWNER` varchar(255) DEFAULT NULL,
  `RESOURCE_SERVER_ID` varchar(36) DEFAULT NULL,
  `OWNER_MANAGED_ACCESS` bit(1) NOT NULL DEFAULT b'0',
  `DISPLAY_NAME` varchar(255) DEFAULT NULL
) ENGINE=InnoDB DEFAULT CHARSET=utf8;

DROP TABLE IF EXISTS `RESOURCE_SERVER_SCOPE`;
CREATE TABLE `RESOURCE_SERVER_SCOPE` (
  `ID` varchar(36) NOT NULL,
  `NAME` varchar(255) NOT NULL,
  `ICON_URI` varchar(255) DEFAULT NULL,
  `RESOURCE_SERVER_ID` varchar(36) DEFAULT NULL,
  `DISPLAY_NAME` varchar(255) DEFAULT NULL
) ENGINE=InnoDB DEFAULT CHARSET=utf8;

DROP TABLE IF EXISTS `RESOURCE_URIS`;
CREATE TABLE `RESOURCE_URIS` (
  `RESOURCE_ID` varchar(36) NOT NULL,
  `VALUE` varchar(255) NOT NULL
) ENGINE=InnoDB DEFAULT CHARSET=utf8;

DROP TABLE IF EXISTS `ROLE_ATTRIBUTE`;
CREATE TABLE `ROLE_ATTRIBUTE` (
  `ID` varchar(36) NOT NULL,
  `ROLE_ID` varchar(36) NOT NULL,
  `NAME` varchar(255) NOT NULL,
  `VALUE` varchar(255) DEFAULT NULL
) ENGINE=InnoDB DEFAULT CHARSET=utf8;

DROP TABLE IF EXISTS `SCOPE_MAPPING`;
CREATE TABLE `SCOPE_MAPPING` (
  `CLIENT_ID` varchar(36) NOT NULL,
  `ROLE_ID` varchar(36) NOT NULL
) ENGINE=InnoDB DEFAULT CHARSET=utf8;

INSERT INTO `SCOPE_MAPPING` (`CLIENT_ID`, `ROLE_ID`) VALUES('2459a934-6cc0-4051-9db0-e92d0f1f06aa', '72e25792-273d-417a-817a-24b868fc6acf');
INSERT INTO `SCOPE_MAPPING` (`CLIENT_ID`, `ROLE_ID`) VALUES('b9044e4f-9888-4b65-814c-c7dc91a8fa35', '032a226e-b447-45da-9908-a6f537d955f2');
INSERT INTO `SCOPE_MAPPING` (`CLIENT_ID`, `ROLE_ID`) VALUES('b9ba5583-6313-4b30-a6f0-61e137f55a66', 'e3ec6188-edb0-4ee0-900a-db8d73935a21');
INSERT INTO `SCOPE_MAPPING` (`CLIENT_ID`, `ROLE_ID`) VALUES('f67208be-79d2-46a2-8dc3-733a546bd1e7', '9194f28a-a2c2-4ee8-b70a-de4a60861485');

DROP TABLE IF EXISTS `SCOPE_POLICY`;
CREATE TABLE `SCOPE_POLICY` (
  `SCOPE_ID` varchar(36) NOT NULL,
  `POLICY_ID` varchar(36) NOT NULL
) ENGINE=InnoDB DEFAULT CHARSET=utf8;

DROP TABLE IF EXISTS `USERNAME_LOGIN_FAILURE`;
CREATE TABLE `USERNAME_LOGIN_FAILURE` (
  `REALM_ID` varchar(36) NOT NULL,
  `USERNAME` varchar(255) NOT NULL,
  `FAILED_LOGIN_NOT_BEFORE` int(11) DEFAULT NULL,
  `LAST_FAILURE` bigint(20) DEFAULT NULL,
  `LAST_IP_FAILURE` varchar(255) DEFAULT NULL,
  `NUM_FAILURES` int(11) DEFAULT NULL
) ENGINE=InnoDB DEFAULT CHARSET=utf8;

DROP TABLE IF EXISTS `USER_ATTRIBUTE`;
CREATE TABLE `USER_ATTRIBUTE` (
  `NAME` varchar(255) NOT NULL,
  `VALUE` varchar(255) DEFAULT NULL,
  `USER_ID` varchar(36) NOT NULL,
  `ID` varchar(36) NOT NULL DEFAULT 'sybase-needs-something-here'
) ENGINE=InnoDB DEFAULT CHARSET=utf8;

DROP TABLE IF EXISTS `USER_CONSENT`;
CREATE TABLE `USER_CONSENT` (
  `ID` varchar(36) NOT NULL,
  `CLIENT_ID` varchar(255) DEFAULT NULL,
  `USER_ID` varchar(36) NOT NULL,
  `CREATED_DATE` bigint(20) DEFAULT NULL,
  `LAST_UPDATED_DATE` bigint(20) DEFAULT NULL,
  `CLIENT_STORAGE_PROVIDER` varchar(36) DEFAULT NULL,
  `EXTERNAL_CLIENT_ID` varchar(255) DEFAULT NULL
) ENGINE=InnoDB DEFAULT CHARSET=utf8;

DROP TABLE IF EXISTS `USER_CONSENT_CLIENT_SCOPE`;
CREATE TABLE `USER_CONSENT_CLIENT_SCOPE` (
  `USER_CONSENT_ID` varchar(36) NOT NULL,
  `SCOPE_ID` varchar(36) NOT NULL
) ENGINE=InnoDB DEFAULT CHARSET=utf8;

DROP TABLE IF EXISTS `USER_ENTITY`;
CREATE TABLE `USER_ENTITY` (
  `ID` varchar(36) NOT NULL,
  `EMAIL` varchar(255) DEFAULT NULL,
  `EMAIL_CONSTRAINT` varchar(255) DEFAULT NULL,
  `EMAIL_VERIFIED` bit(1) NOT NULL DEFAULT b'0',
  `ENABLED` bit(1) NOT NULL DEFAULT b'0',
  `FEDERATION_LINK` varchar(255) DEFAULT NULL,
  `FIRST_NAME` varchar(255) DEFAULT NULL,
  `LAST_NAME` varchar(255) DEFAULT NULL,
  `REALM_ID` varchar(255) DEFAULT NULL,
  `USERNAME` varchar(255) DEFAULT NULL,
  `CREATED_TIMESTAMP` bigint(20) DEFAULT NULL,
  `SERVICE_ACCOUNT_CLIENT_LINK` varchar(255) DEFAULT NULL,
  `NOT_BEFORE` int(11) NOT NULL DEFAULT 0
) ENGINE=InnoDB DEFAULT CHARSET=utf8;

INSERT INTO `USER_ENTITY` (`ID`, `EMAIL`, `EMAIL_CONSTRAINT`, `EMAIL_VERIFIED`, `ENABLED`, `FEDERATION_LINK`, `FIRST_NAME`, `LAST_NAME`, `REALM_ID`, `USERNAME`, `CREATED_TIMESTAMP`, `SERVICE_ACCOUNT_CLIENT_LINK`, `NOT_BEFORE`) VALUES('0020b355-ed6a-4126-a6fb-dd167b72da27', 'truth@example.com', 'truth@example.com', b'1', b'1', NULL, 'Truth', '', 'master', 'truth', 1631263472353, NULL, 0);
INSERT INTO `USER_ENTITY` (`ID`, `EMAIL`, `EMAIL_CONSTRAINT`, `EMAIL_VERIFIED`, `ENABLED`, `FEDERATION_LINK`, `FIRST_NAME`, `LAST_NAME`, `REALM_ID`, `USERNAME`, `CREATED_TIMESTAMP`, `SERVICE_ACCOUNT_CLIENT_LINK`, `NOT_BEFORE`) VALUES('099cd5c7-f9ae-40b9-a691-915525fe44af', 'obiwan.kenobi@example.com', 'obiwan.kenobi@example.com', b'1', b'1', NULL, 'Obi-Wan', 'Kenobi', 'galaxy', 'obiwan.kenobi@example.com', 1631265313434, NULL, 0);
INSERT INTO `USER_ENTITY` (`ID`, `EMAIL`, `EMAIL_CONSTRAINT`, `EMAIL_VERIFIED`, `ENABLED`, `FEDERATION_LINK`, `FIRST_NAME`, `LAST_NAME`, `REALM_ID`, `USERNAME`, `CREATED_TIMESTAMP`, `SERVICE_ACCOUNT_CLIENT_LINK`, `NOT_BEFORE`) VALUES('2a581489-c1ad-4a0d-998a-7507b88c01f1', 'pipin@example.com', 'pipin@example.com', b'1', b'1', NULL, 'Peregrin', 'Tuk', 'shire', 'pipin@example.com', 1631264486297, NULL, 0);
INSERT INTO `USER_ENTITY` (`ID`, `EMAIL`, `EMAIL_CONSTRAINT`, `EMAIL_VERIFIED`, `ENABLED`, `FEDERATION_LINK`, `FIRST_NAME`, `LAST_NAME`, `REALM_ID`, `USERNAME`, `CREATED_TIMESTAMP`, `SERVICE_ACCOUNT_CLIENT_LINK`, `NOT_BEFORE`) VALUES('3d1c5cb3-a51a-431e-9780-0c806f2311e1', 'thor@example.com', 'thor@example.com', b'1', b'1', NULL, 'Thor', 'Odinson', 'marvel', 'thor@example.com', 1631265020424, NULL, 0);
INSERT INTO `USER_ENTITY` (`ID`, `EMAIL`, `EMAIL_CONSTRAINT`, `EMAIL_VERIFIED`, `ENABLED`, `FEDERATION_LINK`, `FIRST_NAME`, `LAST_NAME`, `REALM_ID`, `USERNAME`, `CREATED_TIMESTAMP`, `SERVICE_ACCOUNT_CLIENT_LINK`, `NOT_BEFORE`) VALUES('460bc5fa-7ee6-498a-bce6-61686f002655', 'frodo@example.com', 'frodo@example.com', b'1', b'1', NULL, 'Frodo', 'Baggins', 'shire', 'frodo@example.com', 1631264160762, NULL, 0);
INSERT INTO `USER_ENTITY` (`ID`, `EMAIL`, `EMAIL_CONSTRAINT`, `EMAIL_VERIFIED`, `ENABLED`, `FEDERATION_LINK`, `FIRST_NAME`, `LAST_NAME`, `REALM_ID`, `USERNAME`, `CREATED_TIMESTAMP`, `SERVICE_ACCOUNT_CLIENT_LINK`, `NOT_BEFORE`) VALUES('557ae867-4c3f-473d-bbcb-3a62d928fe00', 'rogers@example.com', 'rogers@example.com', b'1', b'1', NULL, 'Steven', 'Rogers', 'marvel', 'rogers@example.com', 1631264979136, NULL, 0);
INSERT INTO `USER_ENTITY` (`ID`, `EMAIL`, `EMAIL_CONSTRAINT`, `EMAIL_VERIFIED`, `ENABLED`, `FEDERATION_LINK`, `FIRST_NAME`, `LAST_NAME`, `REALM_ID`, `USERNAME`, `CREATED_TIMESTAMP`, `SERVICE_ACCOUNT_CLIENT_LINK`, `NOT_BEFORE`) VALUES('79d1ab30-eeb9-46a8-8db5-ef6fbbafc21d', 'spiderman@example.com', 'spiderman@example.com', b'1', b'1', NULL, 'Peter', 'Parker', 'marvel', 'spiderman@example.com', 1631264999268, NULL, 0);
INSERT INTO `USER_ENTITY` (`ID`, `EMAIL`, `EMAIL_CONSTRAINT`, `EMAIL_VERIFIED`, `ENABLED`, `FEDERATION_LINK`, `FIRST_NAME`, `LAST_NAME`, `REALM_ID`, `USERNAME`, `CREATED_TIMESTAMP`, `SERVICE_ACCOUNT_CLIENT_LINK`, `NOT_BEFORE`) VALUES('7f3200dd-d4e8-4cea-b038-bdaf0a265691', 'luke.skywalker@example.com', 'luke.skywalker@example.com', b'1', b'1', NULL, 'Luke', 'Skywalker', 'galaxy', 'luke.skywalker@example.com', 1631265278625, NULL, 0);
INSERT INTO `USER_ENTITY` (`ID`, `EMAIL`, `EMAIL_CONSTRAINT`, `EMAIL_VERIFIED`, `ENABLED`, `FEDERATION_LINK`, `FIRST_NAME`, `LAST_NAME`, `REALM_ID`, `USERNAME`, `CREATED_TIMESTAMP`, `SERVICE_ACCOUNT_CLIENT_LINK`, `NOT_BEFORE`) VALUES('8ea706c1-093d-4808-b0c0-77d5e628f8d4', 'skywalker@example.com', 'skywalker@example.com', b'1', b'1', NULL, 'Anakin', 'Skywalker', 'galaxy', 'skywalker@example.com', 1631265260198, NULL, 0);
INSERT INTO `USER_ENTITY` (`ID`, `EMAIL`, `EMAIL_CONSTRAINT`, `EMAIL_VERIFIED`, `ENABLED`, `FEDERATION_LINK`, `FIRST_NAME`, `LAST_NAME`, `REALM_ID`, `USERNAME`, `CREATED_TIMESTAMP`, `SERVICE_ACCOUNT_CLIENT_LINK`, `NOT_BEFORE`) VALUES('93217469-d07e-4ed7-ab8c-33dbe4fae2cc', 'samwise@example.com', 'samwise@example.com', b'1', b'1', NULL, 'Samwise', 'Gamgee', 'shire', 'samwise@example.com', 1631264268338, NULL, 0);
INSERT INTO `USER_ENTITY` (`ID`, `EMAIL`, `EMAIL_CONSTRAINT`, `EMAIL_VERIFIED`, `ENABLED`, `FEDERATION_LINK`, `FIRST_NAME`, `LAST_NAME`, `REALM_ID`, `USERNAME`, `CREATED_TIMESTAMP`, `SERVICE_ACCOUNT_CLIENT_LINK`, `NOT_BEFORE`) VALUES('ac6df0c7-e4ce-450d-be79-8f25091f9c37', 'palpatine@example.com', 'palpatine@example.com', b'1', b'1', NULL, 'Sheev', 'Palpatine', 'galaxy', 'palpatine@example.com', 1631265228085, NULL, 0);
INSERT INTO `USER_ENTITY` (`ID`, `EMAIL`, `EMAIL_CONSTRAINT`, `EMAIL_VERIFIED`, `ENABLED`, `FEDERATION_LINK`, `FIRST_NAME`, `LAST_NAME`, `REALM_ID`, `USERNAME`, `CREATED_TIMESTAMP`, `SERVICE_ACCOUNT_CLIENT_LINK`, `NOT_BEFORE`) VALUES('c32cda59-b3b5-4079-83c4-29faba48e5fc', 'stark@example.com', 'stark@example.com', b'1', b'1', NULL, 'Anthony', 'Stark', 'marvel', 'stark@example.com', 1631264952196, NULL, 0);
INSERT INTO `USER_ENTITY` (`ID`, `EMAIL`, `EMAIL_CONSTRAINT`, `EMAIL_VERIFIED`, `ENABLED`, `FEDERATION_LINK`, `FIRST_NAME`, `LAST_NAME`, `REALM_ID`, `USERNAME`, `CREATED_TIMESTAMP`, `SERVICE_ACCOUNT_CLIENT_LINK`, `NOT_BEFORE`) VALUES('ce5d54ef-88c8-4877-b86d-9d36c84c5568', 'banner@example.com', 'banner@example.com', b'1', b'1', NULL, 'Bruce', 'Bannder', 'marvel', 'banner@example.com', 1631265065304, NULL, 0);
INSERT INTO `USER_ENTITY` (`ID`, `EMAIL`, `EMAIL_CONSTRAINT`, `EMAIL_VERIFIED`, `ENABLED`, `FEDERATION_LINK`, `FIRST_NAME`, `LAST_NAME`, `REALM_ID`, `USERNAME`, `CREATED_TIMESTAMP`, `SERVICE_ACCOUNT_CLIENT_LINK`, `NOT_BEFORE`) VALUES('d9292d04-c772-45f1-86db-4e4129e8ac00', 'merry@example.com', 'merry@example.com', b'1', b'1', NULL, 'Meriadoc', 'Brandybuck', 'shire', 'merry@example.com', 1631264522453, NULL, 0);
INSERT INTO `USER_ENTITY` (`ID`, `EMAIL`, `EMAIL_CONSTRAINT`, `EMAIL_VERIFIED`, `ENABLED`, `FEDERATION_LINK`, `FIRST_NAME`, `LAST_NAME`, `REALM_ID`, `USERNAME`, `CREATED_TIMESTAMP`, `SERVICE_ACCOUNT_CLIENT_LINK`, `NOT_BEFORE`) VALUES('e21f2194-7376-4603-a568-a033839c518a', 'yoda@example.com', 'yoda@example.com', b'1', b'1', NULL, 'Yoda', NULL, 'galaxy', 'yoda@example.com', 1631265329325, NULL, 0);

DROP TABLE IF EXISTS `USER_FEDERATION_CONFIG`;
CREATE TABLE `USER_FEDERATION_CONFIG` (
  `USER_FEDERATION_PROVIDER_ID` varchar(36) NOT NULL,
  `VALUE` varchar(255) DEFAULT NULL,
  `NAME` varchar(255) NOT NULL
) ENGINE=InnoDB DEFAULT CHARSET=utf8;

DROP TABLE IF EXISTS `USER_FEDERATION_MAPPER`;
CREATE TABLE `USER_FEDERATION_MAPPER` (
  `ID` varchar(36) NOT NULL,
  `NAME` varchar(255) NOT NULL,
  `FEDERATION_PROVIDER_ID` varchar(36) NOT NULL,
  `FEDERATION_MAPPER_TYPE` varchar(255) NOT NULL,
  `REALM_ID` varchar(36) NOT NULL
) ENGINE=InnoDB DEFAULT CHARSET=utf8;

DROP TABLE IF EXISTS `USER_FEDERATION_MAPPER_CONFIG`;
CREATE TABLE `USER_FEDERATION_MAPPER_CONFIG` (
  `USER_FEDERATION_MAPPER_ID` varchar(36) NOT NULL,
  `VALUE` varchar(255) DEFAULT NULL,
  `NAME` varchar(255) NOT NULL
) ENGINE=InnoDB DEFAULT CHARSET=utf8;

DROP TABLE IF EXISTS `USER_FEDERATION_PROVIDER`;
CREATE TABLE `USER_FEDERATION_PROVIDER` (
  `ID` varchar(36) NOT NULL,
  `CHANGED_SYNC_PERIOD` int(11) DEFAULT NULL,
  `DISPLAY_NAME` varchar(255) DEFAULT NULL,
  `FULL_SYNC_PERIOD` int(11) DEFAULT NULL,
  `LAST_SYNC` int(11) DEFAULT NULL,
  `PRIORITY` int(11) DEFAULT NULL,
  `PROVIDER_NAME` varchar(255) DEFAULT NULL,
  `REALM_ID` varchar(36) DEFAULT NULL
) ENGINE=InnoDB DEFAULT CHARSET=utf8;

DROP TABLE IF EXISTS `USER_GROUP_MEMBERSHIP`;
CREATE TABLE `USER_GROUP_MEMBERSHIP` (
  `GROUP_ID` varchar(36) NOT NULL,
  `USER_ID` varchar(36) NOT NULL
) ENGINE=InnoDB DEFAULT CHARSET=utf8;

DROP TABLE IF EXISTS `USER_REQUIRED_ACTION`;
CREATE TABLE `USER_REQUIRED_ACTION` (
  `USER_ID` varchar(36) NOT NULL,
  `REQUIRED_ACTION` varchar(255) NOT NULL DEFAULT ' '
) ENGINE=InnoDB DEFAULT CHARSET=utf8;

DROP TABLE IF EXISTS `USER_ROLE_MAPPING`;
CREATE TABLE `USER_ROLE_MAPPING` (
  `ROLE_ID` varchar(255) NOT NULL,
  `USER_ID` varchar(36) NOT NULL
) ENGINE=InnoDB DEFAULT CHARSET=utf8;

INSERT INTO `USER_ROLE_MAPPING` (`ROLE_ID`, `USER_ID`) VALUES('0713f2ae-36ea-477a-bd1b-bb3654bc778e', 'ac6df0c7-e4ce-450d-be79-8f25091f9c37');
INSERT INTO `USER_ROLE_MAPPING` (`ROLE_ID`, `USER_ID`) VALUES('18c4a692-4d24-426c-9255-e28235dee2f1', '099cd5c7-f9ae-40b9-a691-915525fe44af');
INSERT INTO `USER_ROLE_MAPPING` (`ROLE_ID`, `USER_ID`) VALUES('18c4a692-4d24-426c-9255-e28235dee2f1', '7f3200dd-d4e8-4cea-b038-bdaf0a265691');
INSERT INTO `USER_ROLE_MAPPING` (`ROLE_ID`, `USER_ID`) VALUES('18c4a692-4d24-426c-9255-e28235dee2f1', '8ea706c1-093d-4808-b0c0-77d5e628f8d4');
INSERT INTO `USER_ROLE_MAPPING` (`ROLE_ID`, `USER_ID`) VALUES('18c4a692-4d24-426c-9255-e28235dee2f1', 'ac6df0c7-e4ce-450d-be79-8f25091f9c37');
INSERT INTO `USER_ROLE_MAPPING` (`ROLE_ID`, `USER_ID`) VALUES('18c4a692-4d24-426c-9255-e28235dee2f1', 'e21f2194-7376-4603-a568-a033839c518a');
INSERT INTO `USER_ROLE_MAPPING` (`ROLE_ID`, `USER_ID`) VALUES('1b166b38-ec56-4728-8773-89393aa61619', 'c32cda59-b3b5-4079-83c4-29faba48e5fc');
INSERT INTO `USER_ROLE_MAPPING` (`ROLE_ID`, `USER_ID`) VALUES('22359aa1-5eb6-49b5-949a-89412523bfcf', '0020b355-ed6a-4126-a6fb-dd167b72da27');
INSERT INTO `USER_ROLE_MAPPING` (`ROLE_ID`, `USER_ID`) VALUES('2c8fc734-f5f4-404b-965b-afc18306512c', '557ae867-4c3f-473d-bbcb-3a62d928fe00');
INSERT INTO `USER_ROLE_MAPPING` (`ROLE_ID`, `USER_ID`) VALUES('4b49d573-78e6-4b13-a6d4-518f3e64803f', '2a581489-c1ad-4a0d-998a-7507b88c01f1');
INSERT INTO `USER_ROLE_MAPPING` (`ROLE_ID`, `USER_ID`) VALUES('4b49d573-78e6-4b13-a6d4-518f3e64803f', '460bc5fa-7ee6-498a-bce6-61686f002655');
INSERT INTO `USER_ROLE_MAPPING` (`ROLE_ID`, `USER_ID`) VALUES('4b49d573-78e6-4b13-a6d4-518f3e64803f', '93217469-d07e-4ed7-ab8c-33dbe4fae2cc');
INSERT INTO `USER_ROLE_MAPPING` (`ROLE_ID`, `USER_ID`) VALUES('4b49d573-78e6-4b13-a6d4-518f3e64803f', 'd9292d04-c772-45f1-86db-4e4129e8ac00');
INSERT INTO `USER_ROLE_MAPPING` (`ROLE_ID`, `USER_ID`) VALUES('74374a15-5e0c-4ec2-802f-d917c7be4a8e', '0020b355-ed6a-4126-a6fb-dd167b72da27');
INSERT INTO `USER_ROLE_MAPPING` (`ROLE_ID`, `USER_ID`) VALUES('93f50c2e-d92e-44fc-8a16-a10d2b87f511', '3d1c5cb3-a51a-431e-9780-0c806f2311e1');
INSERT INTO `USER_ROLE_MAPPING` (`ROLE_ID`, `USER_ID`) VALUES('93f50c2e-d92e-44fc-8a16-a10d2b87f511', '557ae867-4c3f-473d-bbcb-3a62d928fe00');
INSERT INTO `USER_ROLE_MAPPING` (`ROLE_ID`, `USER_ID`) VALUES('93f50c2e-d92e-44fc-8a16-a10d2b87f511', '79d1ab30-eeb9-46a8-8db5-ef6fbbafc21d');
INSERT INTO `USER_ROLE_MAPPING` (`ROLE_ID`, `USER_ID`) VALUES('93f50c2e-d92e-44fc-8a16-a10d2b87f511', 'c32cda59-b3b5-4079-83c4-29faba48e5fc');
INSERT INTO `USER_ROLE_MAPPING` (`ROLE_ID`, `USER_ID`) VALUES('93f50c2e-d92e-44fc-8a16-a10d2b87f511', 'ce5d54ef-88c8-4877-b86d-9d36c84c5568');
INSERT INTO `USER_ROLE_MAPPING` (`ROLE_ID`, `USER_ID`) VALUES('97d5cd49-183b-4844-ba7d-50fe677ede67', '557ae867-4c3f-473d-bbcb-3a62d928fe00');
INSERT INTO `USER_ROLE_MAPPING` (`ROLE_ID`, `USER_ID`) VALUES('b2180960-9c90-4d8c-98a6-ebb77ca89c52', '557ae867-4c3f-473d-bbcb-3a62d928fe00');
INSERT INTO `USER_ROLE_MAPPING` (`ROLE_ID`, `USER_ID`) VALUES('f5bb349d-4b3c-4e04-a1f0-b3a75edae90b', '460bc5fa-7ee6-498a-bce6-61686f002655');

DROP TABLE IF EXISTS `USER_SESSION`;
CREATE TABLE `USER_SESSION` (
  `ID` varchar(36) NOT NULL,
  `AUTH_METHOD` varchar(255) DEFAULT NULL,
  `IP_ADDRESS` varchar(255) DEFAULT NULL,
  `LAST_SESSION_REFRESH` int(11) DEFAULT NULL,
  `LOGIN_USERNAME` varchar(255) DEFAULT NULL,
  `REALM_ID` varchar(255) DEFAULT NULL,
  `REMEMBER_ME` bit(1) NOT NULL DEFAULT b'0',
  `STARTED` int(11) DEFAULT NULL,
  `USER_ID` varchar(255) DEFAULT NULL,
  `USER_SESSION_STATE` int(11) DEFAULT NULL,
  `BROKER_SESSION_ID` varchar(255) DEFAULT NULL,
  `BROKER_USER_ID` varchar(255) DEFAULT NULL
) ENGINE=InnoDB DEFAULT CHARSET=utf8;

DROP TABLE IF EXISTS `USER_SESSION_NOTE`;
CREATE TABLE `USER_SESSION_NOTE` (
  `USER_SESSION` varchar(36) NOT NULL,
  `NAME` varchar(255) NOT NULL,
  `VALUE` text DEFAULT NULL
) ENGINE=InnoDB DEFAULT CHARSET=utf8;

DROP TABLE IF EXISTS `WEB_ORIGINS`;
CREATE TABLE `WEB_ORIGINS` (
  `CLIENT_ID` varchar(36) NOT NULL,
  `VALUE` varchar(255) NOT NULL
) ENGINE=InnoDB DEFAULT CHARSET=utf8;

INSERT INTO `WEB_ORIGINS` (`CLIENT_ID`, `VALUE`) VALUES('076ea7ad-877b-4966-8425-aa913dd2ded3', '+');
INSERT INTO `WEB_ORIGINS` (`CLIENT_ID`, `VALUE`) VALUES('3ce87c07-43f7-4fd1-98dc-98d0bef89416', '+');
INSERT INTO `WEB_ORIGINS` (`CLIENT_ID`, `VALUE`) VALUES('421f8f27-9b2c-4c8e-a84c-0fdee96ca882', 'http://marvel.articles.example.com');
INSERT INTO `WEB_ORIGINS` (`CLIENT_ID`, `VALUE`) VALUES('8366d8af-a665-4f19-95d5-558f8d178519', '+');
INSERT INTO `WEB_ORIGINS` (`CLIENT_ID`, `VALUE`) VALUES('8eb73012-440c-4d87-9a13-6e2c69617d75', '+');
INSERT INTO `WEB_ORIGINS` (`CLIENT_ID`, `VALUE`) VALUES('e5e864b0-8e37-4183-8411-c8188d18e903', 'http://galaxy.articles.example.com');
INSERT INTO `WEB_ORIGINS` (`CLIENT_ID`, `VALUE`) VALUES('fbae2ee7-7a42-49a0-924f-6e42d687e2e5', 'http://shire.articles.example.com');


ALTER TABLE `ADMIN_EVENT_ENTITY`
    ADD PRIMARY KEY (`ID`);

ALTER TABLE `ASSOCIATED_POLICY`
    ADD PRIMARY KEY (`POLICY_ID`,`ASSOCIATED_POLICY_ID`),
    ADD KEY `IDX_ASSOC_POL_ASSOC_POL_ID` (`ASSOCIATED_POLICY_ID`);

ALTER TABLE `AUTHENTICATION_EXECUTION`
    ADD PRIMARY KEY (`ID`),
    ADD KEY `IDX_AUTH_EXEC_REALM_FLOW` (`REALM_ID`,`FLOW_ID`),
    ADD KEY `IDX_AUTH_EXEC_FLOW` (`FLOW_ID`);

ALTER TABLE `AUTHENTICATION_FLOW`
    ADD PRIMARY KEY (`ID`),
    ADD KEY `IDX_AUTH_FLOW_REALM` (`REALM_ID`);

ALTER TABLE `AUTHENTICATOR_CONFIG`
    ADD PRIMARY KEY (`ID`),
    ADD KEY `IDX_AUTH_CONFIG_REALM` (`REALM_ID`);

ALTER TABLE `AUTHENTICATOR_CONFIG_ENTRY`
    ADD PRIMARY KEY (`AUTHENTICATOR_ID`,`NAME`);

ALTER TABLE `BROKER_LINK`
    ADD PRIMARY KEY (`IDENTITY_PROVIDER`,`USER_ID`);

ALTER TABLE `CLIENT`
    ADD PRIMARY KEY (`ID`),
    ADD UNIQUE KEY `UK_B71CJLBENV945RB6GCON438AT` (`REALM_ID`,`CLIENT_ID`),
    ADD KEY `IDX_CLIENT_ID` (`CLIENT_ID`);

ALTER TABLE `CLIENT_ATTRIBUTES`
    ADD PRIMARY KEY (`CLIENT_ID`,`NAME`),
    ADD KEY `IDX_CLIENT_ATT_BY_NAME_VALUE` (`NAME`,`VALUE`(255));

ALTER TABLE `CLIENT_AUTH_FLOW_BINDINGS`
    ADD PRIMARY KEY (`CLIENT_ID`,`BINDING_NAME`);

ALTER TABLE `CLIENT_INITIAL_ACCESS`
    ADD PRIMARY KEY (`ID`),
    ADD KEY `IDX_CLIENT_INIT_ACC_REALM` (`REALM_ID`);

ALTER TABLE `CLIENT_NODE_REGISTRATIONS`
    ADD PRIMARY KEY (`CLIENT_ID`,`NAME`);

ALTER TABLE `CLIENT_SCOPE`
    ADD PRIMARY KEY (`ID`),
    ADD UNIQUE KEY `UK_CLI_SCOPE` (`REALM_ID`,`NAME`),
    ADD KEY `IDX_REALM_CLSCOPE` (`REALM_ID`);

ALTER TABLE `CLIENT_SCOPE_ATTRIBUTES`
    ADD PRIMARY KEY (`SCOPE_ID`,`NAME`),
    ADD KEY `IDX_CLSCOPE_ATTRS` (`SCOPE_ID`);

ALTER TABLE `CLIENT_SCOPE_CLIENT`
    ADD PRIMARY KEY (`CLIENT_ID`,`SCOPE_ID`),
    ADD KEY `IDX_CLSCOPE_CL` (`CLIENT_ID`),
    ADD KEY `IDX_CL_CLSCOPE` (`SCOPE_ID`);

ALTER TABLE `CLIENT_SCOPE_ROLE_MAPPING`
    ADD PRIMARY KEY (`SCOPE_ID`,`ROLE_ID`),
    ADD KEY `IDX_CLSCOPE_ROLE` (`SCOPE_ID`),
    ADD KEY `IDX_ROLE_CLSCOPE` (`ROLE_ID`);

ALTER TABLE `CLIENT_SESSION`
    ADD PRIMARY KEY (`ID`),
    ADD KEY `IDX_CLIENT_SESSION_SESSION` (`SESSION_ID`);

ALTER TABLE `CLIENT_SESSION_AUTH_STATUS`
    ADD PRIMARY KEY (`CLIENT_SESSION`,`AUTHENTICATOR`);

ALTER TABLE `CLIENT_SESSION_NOTE`
    ADD PRIMARY KEY (`CLIENT_SESSION`,`NAME`);

ALTER TABLE `CLIENT_SESSION_PROT_MAPPER`
    ADD PRIMARY KEY (`CLIENT_SESSION`,`PROTOCOL_MAPPER_ID`);

ALTER TABLE `CLIENT_SESSION_ROLE`
    ADD PRIMARY KEY (`CLIENT_SESSION`,`ROLE_ID`);

ALTER TABLE `CLIENT_USER_SESSION_NOTE`
    ADD PRIMARY KEY (`CLIENT_SESSION`,`NAME`);

ALTER TABLE `COMPONENT`
    ADD PRIMARY KEY (`ID`),
    ADD KEY `IDX_COMPONENT_REALM` (`REALM_ID`),
    ADD KEY `IDX_COMPONENT_PROVIDER_TYPE` (`PROVIDER_TYPE`);

ALTER TABLE `COMPONENT_CONFIG`
    ADD PRIMARY KEY (`ID`),
    ADD KEY `IDX_COMPO_CONFIG_COMPO` (`COMPONENT_ID`);

ALTER TABLE `COMPOSITE_ROLE`
    ADD PRIMARY KEY (`COMPOSITE`,`CHILD_ROLE`),
    ADD KEY `IDX_COMPOSITE` (`COMPOSITE`),
    ADD KEY `IDX_COMPOSITE_CHILD` (`CHILD_ROLE`);

ALTER TABLE `CREDENTIAL`
    ADD PRIMARY KEY (`ID`),
    ADD KEY `IDX_USER_CREDENTIAL` (`USER_ID`);

ALTER TABLE `DATABASECHANGELOGLOCK`
    ADD PRIMARY KEY (`ID`);

ALTER TABLE `DEFAULT_CLIENT_SCOPE`
    ADD PRIMARY KEY (`REALM_ID`,`SCOPE_ID`),
    ADD KEY `IDX_DEFCLS_REALM` (`REALM_ID`),
    ADD KEY `IDX_DEFCLS_SCOPE` (`SCOPE_ID`);

ALTER TABLE `EVENT_ENTITY`
    ADD PRIMARY KEY (`ID`),
    ADD KEY `IDX_EVENT_TIME` (`REALM_ID`,`EVENT_TIME`);

ALTER TABLE `FEDERATED_IDENTITY`
    ADD PRIMARY KEY (`IDENTITY_PROVIDER`,`USER_ID`),
    ADD KEY `IDX_FEDIDENTITY_USER` (`USER_ID`),
    ADD KEY `IDX_FEDIDENTITY_FEDUSER` (`FEDERATED_USER_ID`);

ALTER TABLE `FEDERATED_USER`
    ADD PRIMARY KEY (`ID`);

ALTER TABLE `FED_USER_ATTRIBUTE`
    ADD PRIMARY KEY (`ID`),
    ADD KEY `IDX_FU_ATTRIBUTE` (`USER_ID`,`REALM_ID`,`NAME`);

ALTER TABLE `FED_USER_CONSENT`
    ADD PRIMARY KEY (`ID`),
    ADD KEY `IDX_FU_CONSENT` (`USER_ID`,`CLIENT_ID`),
    ADD KEY `IDX_FU_CONSENT_RU` (`REALM_ID`,`USER_ID`),
    ADD KEY `IDX_FU_CNSNT_EXT` (`USER_ID`,`CLIENT_STORAGE_PROVIDER`,`EXTERNAL_CLIENT_ID`);

ALTER TABLE `FED_USER_CONSENT_CL_SCOPE`
    ADD PRIMARY KEY (`USER_CONSENT_ID`,`SCOPE_ID`);

ALTER TABLE `FED_USER_CREDENTIAL`
    ADD PRIMARY KEY (`ID`),
    ADD KEY `IDX_FU_CREDENTIAL` (`USER_ID`,`TYPE`),
    ADD KEY `IDX_FU_CREDENTIAL_RU` (`REALM_ID`,`USER_ID`);

ALTER TABLE `FED_USER_GROUP_MEMBERSHIP`
    ADD PRIMARY KEY (`GROUP_ID`,`USER_ID`),
    ADD KEY `IDX_FU_GROUP_MEMBERSHIP` (`USER_ID`,`GROUP_ID`),
    ADD KEY `IDX_FU_GROUP_MEMBERSHIP_RU` (`REALM_ID`,`USER_ID`);

ALTER TABLE `FED_USER_REQUIRED_ACTION`
    ADD PRIMARY KEY (`REQUIRED_ACTION`,`USER_ID`),
    ADD KEY `IDX_FU_REQUIRED_ACTION` (`USER_ID`,`REQUIRED_ACTION`),
    ADD KEY `IDX_FU_REQUIRED_ACTION_RU` (`REALM_ID`,`USER_ID`);

ALTER TABLE `FED_USER_ROLE_MAPPING`
    ADD PRIMARY KEY (`ROLE_ID`,`USER_ID`),
    ADD KEY `IDX_FU_ROLE_MAPPING` (`USER_ID`,`ROLE_ID`),
    ADD KEY `IDX_FU_ROLE_MAPPING_RU` (`REALM_ID`,`USER_ID`);

ALTER TABLE `GROUP_ATTRIBUTE`
    ADD PRIMARY KEY (`ID`),
    ADD KEY `IDX_GROUP_ATTR_GROUP` (`GROUP_ID`);

ALTER TABLE `GROUP_ROLE_MAPPING`
    ADD PRIMARY KEY (`ROLE_ID`,`GROUP_ID`),
    ADD KEY `IDX_GROUP_ROLE_MAPP_GROUP` (`GROUP_ID`);

ALTER TABLE `IDENTITY_PROVIDER`
    ADD PRIMARY KEY (`INTERNAL_ID`),
    ADD UNIQUE KEY `UK_2DAELWNIBJI49AVXSRTUF6XJ33` (`PROVIDER_ALIAS`,`REALM_ID`),
    ADD KEY `IDX_IDENT_PROV_REALM` (`REALM_ID`);

ALTER TABLE `IDENTITY_PROVIDER_CONFIG`
    ADD PRIMARY KEY (`IDENTITY_PROVIDER_ID`,`NAME`);

ALTER TABLE `IDENTITY_PROVIDER_MAPPER`
    ADD PRIMARY KEY (`ID`),
    ADD KEY `IDX_ID_PROV_MAPP_REALM` (`REALM_ID`);

ALTER TABLE `IDP_MAPPER_CONFIG`
    ADD PRIMARY KEY (`IDP_MAPPER_ID`,`NAME`);

ALTER TABLE `KEYCLOAK_GROUP`
    ADD PRIMARY KEY (`ID`),
    ADD UNIQUE KEY `SIBLING_NAMES` (`REALM_ID`,`PARENT_GROUP`,`NAME`);

ALTER TABLE `KEYCLOAK_ROLE`
    ADD PRIMARY KEY (`ID`),
    ADD UNIQUE KEY `UK_J3RWUVD56ONTGSUHOGM184WW2-2` (`NAME`,`CLIENT_REALM_CONSTRAINT`),
    ADD KEY `IDX_KEYCLOAK_ROLE_CLIENT` (`CLIENT`),
    ADD KEY `IDX_KEYCLOAK_ROLE_REALM` (`REALM`);

ALTER TABLE `MIGRATION_MODEL`
    ADD PRIMARY KEY (`ID`),
    ADD KEY `IDX_UPDATE_TIME` (`UPDATE_TIME`);

ALTER TABLE `OFFLINE_CLIENT_SESSION`
    ADD PRIMARY KEY (`USER_SESSION_ID`,`CLIENT_ID`,`CLIENT_STORAGE_PROVIDER`,`EXTERNAL_CLIENT_ID`,`OFFLINE_FLAG`),
    ADD KEY `IDX_US_SESS_ID_ON_CL_SESS` (`USER_SESSION_ID`),
    ADD KEY `IDX_OFFLINE_CSS_PRELOAD` (`CLIENT_ID`,`OFFLINE_FLAG`);

ALTER TABLE `OFFLINE_USER_SESSION`
    ADD PRIMARY KEY (`USER_SESSION_ID`,`OFFLINE_FLAG`),
    ADD KEY `IDX_OFFLINE_USS_CREATEDON` (`CREATED_ON`),
    ADD KEY `IDX_OFFLINE_USS_PRELOAD` (`OFFLINE_FLAG`,`CREATED_ON`,`USER_SESSION_ID`),
    ADD KEY `IDX_OFFLINE_USS_BY_USER` (`USER_ID`,`REALM_ID`,`OFFLINE_FLAG`),
    ADD KEY `IDX_OFFLINE_USS_BY_USERSESS` (`REALM_ID`,`OFFLINE_FLAG`,`USER_SESSION_ID`);

ALTER TABLE `POLICY_CONFIG`
    ADD PRIMARY KEY (`POLICY_ID`,`NAME`);

ALTER TABLE `PROTOCOL_MAPPER`
    ADD PRIMARY KEY (`ID`),
    ADD KEY `IDX_PROTOCOL_MAPPER_CLIENT` (`CLIENT_ID`),
    ADD KEY `IDX_CLSCOPE_PROTMAP` (`CLIENT_SCOPE_ID`);

ALTER TABLE `PROTOCOL_MAPPER_CONFIG`
    ADD PRIMARY KEY (`PROTOCOL_MAPPER_ID`,`NAME`);

ALTER TABLE `REALM`
    ADD PRIMARY KEY (`ID`),
    ADD UNIQUE KEY `UK_ORVSDMLA56612EAEFIQ6WL5OI` (`NAME`),
    ADD KEY `IDX_REALM_MASTER_ADM_CLI` (`MASTER_ADMIN_CLIENT`);

ALTER TABLE `REALM_ATTRIBUTE`
    ADD PRIMARY KEY (`NAME`,`REALM_ID`),
    ADD KEY `IDX_REALM_ATTR_REALM` (`REALM_ID`);

ALTER TABLE `REALM_DEFAULT_GROUPS`
    ADD PRIMARY KEY (`REALM_ID`,`GROUP_ID`),
    ADD UNIQUE KEY `CON_GROUP_ID_DEF_GROUPS` (`GROUP_ID`),
    ADD KEY `IDX_REALM_DEF_GRP_REALM` (`REALM_ID`);

ALTER TABLE `REALM_ENABLED_EVENT_TYPES`
    ADD PRIMARY KEY (`REALM_ID`,`VALUE`),
    ADD KEY `IDX_REALM_EVT_TYPES_REALM` (`REALM_ID`);

ALTER TABLE `REALM_EVENTS_LISTENERS`
    ADD PRIMARY KEY (`REALM_ID`,`VALUE`),
    ADD KEY `IDX_REALM_EVT_LIST_REALM` (`REALM_ID`);

ALTER TABLE `REALM_LOCALIZATIONS`
    ADD PRIMARY KEY (`REALM_ID`,`LOCALE`);

ALTER TABLE `REALM_REQUIRED_CREDENTIAL`
    ADD PRIMARY KEY (`REALM_ID`,`TYPE`);

ALTER TABLE `REALM_SMTP_CONFIG`
    ADD PRIMARY KEY (`REALM_ID`,`NAME`);

ALTER TABLE `REALM_SUPPORTED_LOCALES`
    ADD PRIMARY KEY (`REALM_ID`,`VALUE`),
    ADD KEY `IDX_REALM_SUPP_LOCAL_REALM` (`REALM_ID`);

ALTER TABLE `REDIRECT_URIS`
    ADD PRIMARY KEY (`CLIENT_ID`,`VALUE`),
    ADD KEY `IDX_REDIR_URI_CLIENT` (`CLIENT_ID`);

ALTER TABLE `REQUIRED_ACTION_CONFIG`
    ADD PRIMARY KEY (`REQUIRED_ACTION_ID`,`NAME`);

ALTER TABLE `REQUIRED_ACTION_PROVIDER`
    ADD PRIMARY KEY (`ID`),
    ADD KEY `IDX_REQ_ACT_PROV_REALM` (`REALM_ID`);

ALTER TABLE `RESOURCE_ATTRIBUTE`
    ADD PRIMARY KEY (`ID`),
    ADD KEY `FK_5HRM2VLF9QL5FU022KQEPOVBR` (`RESOURCE_ID`);

ALTER TABLE `RESOURCE_POLICY`
    ADD PRIMARY KEY (`RESOURCE_ID`,`POLICY_ID`),
    ADD KEY `IDX_RES_POLICY_POLICY` (`POLICY_ID`);

ALTER TABLE `RESOURCE_SCOPE`
    ADD PRIMARY KEY (`RESOURCE_ID`,`SCOPE_ID`),
    ADD KEY `IDX_RES_SCOPE_SCOPE` (`SCOPE_ID`);

ALTER TABLE `RESOURCE_SERVER`
    ADD PRIMARY KEY (`ID`);

ALTER TABLE `RESOURCE_SERVER_PERM_TICKET`
    ADD PRIMARY KEY (`ID`),
    ADD UNIQUE KEY `UK_FRSR6T700S9V50BU18WS5PMT` (`OWNER`,`REQUESTER`,`RESOURCE_SERVER_ID`,`RESOURCE_ID`,`SCOPE_ID`),
    ADD KEY `FK_FRSRHO213XCX4WNKOG82SSPMT` (`RESOURCE_SERVER_ID`),
    ADD KEY `FK_FRSRHO213XCX4WNKOG83SSPMT` (`RESOURCE_ID`),
    ADD KEY `FK_FRSRHO213XCX4WNKOG84SSPMT` (`SCOPE_ID`),
    ADD KEY `FK_FRSRPO2128CX4WNKOG82SSRFY` (`POLICY_ID`);

ALTER TABLE `RESOURCE_SERVER_POLICY`
    ADD PRIMARY KEY (`ID`),
    ADD UNIQUE KEY `UK_FRSRPT700S9V50BU18WS5HA6` (`NAME`,`RESOURCE_SERVER_ID`),
    ADD KEY `IDX_RES_SERV_POL_RES_SERV` (`RESOURCE_SERVER_ID`);

ALTER TABLE `RESOURCE_SERVER_RESOURCE`
    ADD PRIMARY KEY (`ID`),
    ADD UNIQUE KEY `UK_FRSR6T700S9V50BU18WS5HA6` (`NAME`,`OWNER`,`RESOURCE_SERVER_ID`),
    ADD KEY `IDX_RES_SRV_RES_RES_SRV` (`RESOURCE_SERVER_ID`);

ALTER TABLE `RESOURCE_SERVER_SCOPE`
    ADD PRIMARY KEY (`ID`),
    ADD UNIQUE KEY `UK_FRSRST700S9V50BU18WS5HA6` (`NAME`,`RESOURCE_SERVER_ID`),
    ADD KEY `IDX_RES_SRV_SCOPE_RES_SRV` (`RESOURCE_SERVER_ID`);

ALTER TABLE `RESOURCE_URIS`
    ADD PRIMARY KEY (`RESOURCE_ID`,`VALUE`);

ALTER TABLE `ROLE_ATTRIBUTE`
    ADD PRIMARY KEY (`ID`),
    ADD KEY `IDX_ROLE_ATTRIBUTE` (`ROLE_ID`);

ALTER TABLE `SCOPE_MAPPING`
    ADD PRIMARY KEY (`CLIENT_ID`,`ROLE_ID`),
    ADD KEY `IDX_SCOPE_MAPPING_ROLE` (`ROLE_ID`);

ALTER TABLE `SCOPE_POLICY`
    ADD PRIMARY KEY (`SCOPE_ID`,`POLICY_ID`),
    ADD KEY `IDX_SCOPE_POLICY_POLICY` (`POLICY_ID`);

ALTER TABLE `USERNAME_LOGIN_FAILURE`
    ADD PRIMARY KEY (`REALM_ID`,`USERNAME`);

ALTER TABLE `USER_ATTRIBUTE`
    ADD PRIMARY KEY (`ID`),
    ADD KEY `IDX_USER_ATTRIBUTE` (`USER_ID`),
    ADD KEY `IDX_USER_ATTRIBUTE_NAME` (`NAME`,`VALUE`);

ALTER TABLE `USER_CONSENT`
    ADD PRIMARY KEY (`ID`),
    ADD UNIQUE KEY `UK_JKUWUVD56ONTGSUHOGM8UEWRT` (`CLIENT_ID`,`CLIENT_STORAGE_PROVIDER`,`EXTERNAL_CLIENT_ID`,`USER_ID`),
    ADD KEY `IDX_USER_CONSENT` (`USER_ID`);

ALTER TABLE `USER_CONSENT_CLIENT_SCOPE`
    ADD PRIMARY KEY (`USER_CONSENT_ID`,`SCOPE_ID`),
    ADD KEY `IDX_USCONSENT_CLSCOPE` (`USER_CONSENT_ID`);

ALTER TABLE `USER_ENTITY`
    ADD PRIMARY KEY (`ID`),
    ADD UNIQUE KEY `UK_DYKN684SL8UP1CRFEI6ECKHD7` (`REALM_ID`,`EMAIL_CONSTRAINT`),
    ADD UNIQUE KEY `UK_RU8TT6T700S9V50BU18WS5HA6` (`REALM_ID`,`USERNAME`),
    ADD KEY `IDX_USER_EMAIL` (`EMAIL`);

ALTER TABLE `USER_FEDERATION_CONFIG`
    ADD PRIMARY KEY (`USER_FEDERATION_PROVIDER_ID`,`NAME`);

ALTER TABLE `USER_FEDERATION_MAPPER`
    ADD PRIMARY KEY (`ID`),
    ADD KEY `IDX_USR_FED_MAP_FED_PRV` (`FEDERATION_PROVIDER_ID`),
    ADD KEY `IDX_USR_FED_MAP_REALM` (`REALM_ID`);

ALTER TABLE `USER_FEDERATION_MAPPER_CONFIG`
    ADD PRIMARY KEY (`USER_FEDERATION_MAPPER_ID`,`NAME`);

ALTER TABLE `USER_FEDERATION_PROVIDER`
    ADD PRIMARY KEY (`ID`),
    ADD KEY `IDX_USR_FED_PRV_REALM` (`REALM_ID`);

ALTER TABLE `USER_GROUP_MEMBERSHIP`
    ADD PRIMARY KEY (`GROUP_ID`,`USER_ID`),
    ADD KEY `IDX_USER_GROUP_MAPPING` (`USER_ID`);

ALTER TABLE `USER_REQUIRED_ACTION`
    ADD PRIMARY KEY (`REQUIRED_ACTION`,`USER_ID`),
    ADD KEY `IDX_USER_REQACTIONS` (`USER_ID`);

ALTER TABLE `USER_ROLE_MAPPING`
    ADD PRIMARY KEY (`ROLE_ID`,`USER_ID`),
    ADD KEY `IDX_USER_ROLE_MAPPING` (`USER_ID`);

ALTER TABLE `USER_SESSION`
    ADD PRIMARY KEY (`ID`);

ALTER TABLE `USER_SESSION_NOTE`
    ADD PRIMARY KEY (`USER_SESSION`,`NAME`);

ALTER TABLE `WEB_ORIGINS`
    ADD PRIMARY KEY (`CLIENT_ID`,`VALUE`),
    ADD KEY `IDX_WEB_ORIG_CLIENT` (`CLIENT_ID`);


ALTER TABLE `ASSOCIATED_POLICY`
    ADD CONSTRAINT `FK_FRSR5S213XCX4WNKOG82SSRFY` FOREIGN KEY (`ASSOCIATED_POLICY_ID`) REFERENCES `RESOURCE_SERVER_POLICY` (`ID`),
    ADD CONSTRAINT `FK_FRSRPAS14XCX4WNKOG82SSRFY` FOREIGN KEY (`POLICY_ID`) REFERENCES `RESOURCE_SERVER_POLICY` (`ID`);

ALTER TABLE `AUTHENTICATION_EXECUTION`
    ADD CONSTRAINT `FK_AUTH_EXEC_FLOW` FOREIGN KEY (`FLOW_ID`) REFERENCES `AUTHENTICATION_FLOW` (`ID`),
    ADD CONSTRAINT `FK_AUTH_EXEC_REALM` FOREIGN KEY (`REALM_ID`) REFERENCES `REALM` (`ID`);

ALTER TABLE `AUTHENTICATION_FLOW`
    ADD CONSTRAINT `FK_AUTH_FLOW_REALM` FOREIGN KEY (`REALM_ID`) REFERENCES `REALM` (`ID`);

ALTER TABLE `AUTHENTICATOR_CONFIG`
    ADD CONSTRAINT `FK_AUTH_REALM` FOREIGN KEY (`REALM_ID`) REFERENCES `REALM` (`ID`);

ALTER TABLE `CLIENT_ATTRIBUTES`
    ADD CONSTRAINT `FK3C47C64BEACCA966` FOREIGN KEY (`CLIENT_ID`) REFERENCES `CLIENT` (`ID`);

ALTER TABLE `CLIENT_INITIAL_ACCESS`
    ADD CONSTRAINT `FK_CLIENT_INIT_ACC_REALM` FOREIGN KEY (`REALM_ID`) REFERENCES `REALM` (`ID`);

ALTER TABLE `CLIENT_NODE_REGISTRATIONS`
    ADD CONSTRAINT `FK4129723BA992F594` FOREIGN KEY (`CLIENT_ID`) REFERENCES `CLIENT` (`ID`);

ALTER TABLE `CLIENT_SCOPE_ATTRIBUTES`
    ADD CONSTRAINT `FK_CL_SCOPE_ATTR_SCOPE` FOREIGN KEY (`SCOPE_ID`) REFERENCES `CLIENT_SCOPE` (`ID`);

ALTER TABLE `CLIENT_SCOPE_ROLE_MAPPING`
    ADD CONSTRAINT `FK_CL_SCOPE_RM_SCOPE` FOREIGN KEY (`SCOPE_ID`) REFERENCES `CLIENT_SCOPE` (`ID`);

ALTER TABLE `CLIENT_SESSION`
    ADD CONSTRAINT `FK_B4AO2VCVAT6UKAU74WBWTFQO1` FOREIGN KEY (`SESSION_ID`) REFERENCES `USER_SESSION` (`ID`);

ALTER TABLE `CLIENT_SESSION_AUTH_STATUS`
    ADD CONSTRAINT `AUTH_STATUS_CONSTRAINT` FOREIGN KEY (`CLIENT_SESSION`) REFERENCES `CLIENT_SESSION` (`ID`);

ALTER TABLE `CLIENT_SESSION_NOTE`
    ADD CONSTRAINT `FK5EDFB00FF51C2736` FOREIGN KEY (`CLIENT_SESSION`) REFERENCES `CLIENT_SESSION` (`ID`);

ALTER TABLE `CLIENT_SESSION_PROT_MAPPER`
    ADD CONSTRAINT `FK_33A8SGQW18I532811V7O2DK89` FOREIGN KEY (`CLIENT_SESSION`) REFERENCES `CLIENT_SESSION` (`ID`);

ALTER TABLE `CLIENT_SESSION_ROLE`
    ADD CONSTRAINT `FK_11B7SGQW18I532811V7O2DV76` FOREIGN KEY (`CLIENT_SESSION`) REFERENCES `CLIENT_SESSION` (`ID`);

ALTER TABLE `CLIENT_USER_SESSION_NOTE`
    ADD CONSTRAINT `FK_CL_USR_SES_NOTE` FOREIGN KEY (`CLIENT_SESSION`) REFERENCES `CLIENT_SESSION` (`ID`);

ALTER TABLE `COMPONENT`
    ADD CONSTRAINT `FK_COMPONENT_REALM` FOREIGN KEY (`REALM_ID`) REFERENCES `REALM` (`ID`);

ALTER TABLE `COMPONENT_CONFIG`
    ADD CONSTRAINT `FK_COMPONENT_CONFIG` FOREIGN KEY (`COMPONENT_ID`) REFERENCES `COMPONENT` (`ID`);

ALTER TABLE `COMPOSITE_ROLE`
    ADD CONSTRAINT `FK_A63WVEKFTU8JO1PNJ81E7MCE2` FOREIGN KEY (`COMPOSITE`) REFERENCES `KEYCLOAK_ROLE` (`ID`),
    ADD CONSTRAINT `FK_GR7THLLB9LU8Q4VQA4524JJY8` FOREIGN KEY (`CHILD_ROLE`) REFERENCES `KEYCLOAK_ROLE` (`ID`);

ALTER TABLE `CREDENTIAL`
    ADD CONSTRAINT `FK_PFYR0GLASQYL0DEI3KL69R6V0` FOREIGN KEY (`USER_ID`) REFERENCES `USER_ENTITY` (`ID`);

ALTER TABLE `DEFAULT_CLIENT_SCOPE`
    ADD CONSTRAINT `FK_R_DEF_CLI_SCOPE_REALM` FOREIGN KEY (`REALM_ID`) REFERENCES `REALM` (`ID`);

ALTER TABLE `FEDERATED_IDENTITY`
    ADD CONSTRAINT `FK404288B92EF007A6` FOREIGN KEY (`USER_ID`) REFERENCES `USER_ENTITY` (`ID`);

ALTER TABLE `GROUP_ATTRIBUTE`
    ADD CONSTRAINT `FK_GROUP_ATTRIBUTE_GROUP` FOREIGN KEY (`GROUP_ID`) REFERENCES `KEYCLOAK_GROUP` (`ID`);

ALTER TABLE `GROUP_ROLE_MAPPING`
    ADD CONSTRAINT `FK_GROUP_ROLE_GROUP` FOREIGN KEY (`GROUP_ID`) REFERENCES `KEYCLOAK_GROUP` (`ID`);

ALTER TABLE `IDENTITY_PROVIDER`
    ADD CONSTRAINT `FK2B4EBC52AE5C3B34` FOREIGN KEY (`REALM_ID`) REFERENCES `REALM` (`ID`);

ALTER TABLE `IDENTITY_PROVIDER_CONFIG`
    ADD CONSTRAINT `FKDC4897CF864C4E43` FOREIGN KEY (`IDENTITY_PROVIDER_ID`) REFERENCES `IDENTITY_PROVIDER` (`INTERNAL_ID`);

ALTER TABLE `IDENTITY_PROVIDER_MAPPER`
    ADD CONSTRAINT `FK_IDPM_REALM` FOREIGN KEY (`REALM_ID`) REFERENCES `REALM` (`ID`);

ALTER TABLE `IDP_MAPPER_CONFIG`
    ADD CONSTRAINT `FK_IDPMCONFIG` FOREIGN KEY (`IDP_MAPPER_ID`) REFERENCES `IDENTITY_PROVIDER_MAPPER` (`ID`);

ALTER TABLE `KEYCLOAK_ROLE`
    ADD CONSTRAINT `FK_6VYQFE4CN4WLQ8R6KT5VDSJ5C` FOREIGN KEY (`REALM`) REFERENCES `REALM` (`ID`);

ALTER TABLE `POLICY_CONFIG`
    ADD CONSTRAINT `FKDC34197CF864C4E43` FOREIGN KEY (`POLICY_ID`) REFERENCES `RESOURCE_SERVER_POLICY` (`ID`);

ALTER TABLE `PROTOCOL_MAPPER`
    ADD CONSTRAINT `FK_CLI_SCOPE_MAPPER` FOREIGN KEY (`CLIENT_SCOPE_ID`) REFERENCES `CLIENT_SCOPE` (`ID`),
    ADD CONSTRAINT `FK_PCM_REALM` FOREIGN KEY (`CLIENT_ID`) REFERENCES `CLIENT` (`ID`);

ALTER TABLE `PROTOCOL_MAPPER_CONFIG`
    ADD CONSTRAINT `FK_PMCONFIG` FOREIGN KEY (`PROTOCOL_MAPPER_ID`) REFERENCES `PROTOCOL_MAPPER` (`ID`);

ALTER TABLE `REALM_ATTRIBUTE`
    ADD CONSTRAINT `FK_8SHXD6L3E9ATQUKACXGPFFPTW` FOREIGN KEY (`REALM_ID`) REFERENCES `REALM` (`ID`);

ALTER TABLE `REALM_DEFAULT_GROUPS`
    ADD CONSTRAINT `FK_DEF_GROUPS_REALM` FOREIGN KEY (`REALM_ID`) REFERENCES `REALM` (`ID`);

ALTER TABLE `REALM_ENABLED_EVENT_TYPES`
    ADD CONSTRAINT `FK_H846O4H0W8EPX5NWEDRF5Y69J` FOREIGN KEY (`REALM_ID`) REFERENCES `REALM` (`ID`);

ALTER TABLE `REALM_EVENTS_LISTENERS`
    ADD CONSTRAINT `FK_H846O4H0W8EPX5NXEV9F5Y69J` FOREIGN KEY (`REALM_ID`) REFERENCES `REALM` (`ID`);

ALTER TABLE `REALM_REQUIRED_CREDENTIAL`
    ADD CONSTRAINT `FK_5HG65LYBEVAVKQFKI3KPONH9V` FOREIGN KEY (`REALM_ID`) REFERENCES `REALM` (`ID`);

ALTER TABLE `REALM_SMTP_CONFIG`
    ADD CONSTRAINT `FK_70EJ8XDXGXD0B9HH6180IRR0O` FOREIGN KEY (`REALM_ID`) REFERENCES `REALM` (`ID`);

ALTER TABLE `REALM_SUPPORTED_LOCALES`
    ADD CONSTRAINT `FK_SUPPORTED_LOCALES_REALM` FOREIGN KEY (`REALM_ID`) REFERENCES `REALM` (`ID`);

ALTER TABLE `REDIRECT_URIS`
    ADD CONSTRAINT `FK_1BURS8PB4OUJ97H5WUPPAHV9F` FOREIGN KEY (`CLIENT_ID`) REFERENCES `CLIENT` (`ID`);

ALTER TABLE `REQUIRED_ACTION_PROVIDER`
    ADD CONSTRAINT `FK_REQ_ACT_REALM` FOREIGN KEY (`REALM_ID`) REFERENCES `REALM` (`ID`);

ALTER TABLE `RESOURCE_ATTRIBUTE`
    ADD CONSTRAINT `FK_5HRM2VLF9QL5FU022KQEPOVBR` FOREIGN KEY (`RESOURCE_ID`) REFERENCES `RESOURCE_SERVER_RESOURCE` (`ID`);

ALTER TABLE `RESOURCE_POLICY`
    ADD CONSTRAINT `FK_FRSRPOS53XCX4WNKOG82SSRFY` FOREIGN KEY (`RESOURCE_ID`) REFERENCES `RESOURCE_SERVER_RESOURCE` (`ID`),
    ADD CONSTRAINT `FK_FRSRPP213XCX4WNKOG82SSRFY` FOREIGN KEY (`POLICY_ID`) REFERENCES `RESOURCE_SERVER_POLICY` (`ID`);

ALTER TABLE `RESOURCE_SCOPE`
    ADD CONSTRAINT `FK_FRSRPOS13XCX4WNKOG82SSRFY` FOREIGN KEY (`RESOURCE_ID`) REFERENCES `RESOURCE_SERVER_RESOURCE` (`ID`),
    ADD CONSTRAINT `FK_FRSRPS213XCX4WNKOG82SSRFY` FOREIGN KEY (`SCOPE_ID`) REFERENCES `RESOURCE_SERVER_SCOPE` (`ID`);

ALTER TABLE `RESOURCE_SERVER_PERM_TICKET`
    ADD CONSTRAINT `FK_FRSRHO213XCX4WNKOG82SSPMT` FOREIGN KEY (`RESOURCE_SERVER_ID`) REFERENCES `RESOURCE_SERVER` (`ID`),
    ADD CONSTRAINT `FK_FRSRHO213XCX4WNKOG83SSPMT` FOREIGN KEY (`RESOURCE_ID`) REFERENCES `RESOURCE_SERVER_RESOURCE` (`ID`),
    ADD CONSTRAINT `FK_FRSRHO213XCX4WNKOG84SSPMT` FOREIGN KEY (`SCOPE_ID`) REFERENCES `RESOURCE_SERVER_SCOPE` (`ID`),
    ADD CONSTRAINT `FK_FRSRPO2128CX4WNKOG82SSRFY` FOREIGN KEY (`POLICY_ID`) REFERENCES `RESOURCE_SERVER_POLICY` (`ID`);

ALTER TABLE `RESOURCE_SERVER_POLICY`
    ADD CONSTRAINT `FK_FRSRPO213XCX4WNKOG82SSRFY` FOREIGN KEY (`RESOURCE_SERVER_ID`) REFERENCES `RESOURCE_SERVER` (`ID`);

ALTER TABLE `RESOURCE_SERVER_RESOURCE`
    ADD CONSTRAINT `FK_FRSRHO213XCX4WNKOG82SSRFY` FOREIGN KEY (`RESOURCE_SERVER_ID`) REFERENCES `RESOURCE_SERVER` (`ID`);

ALTER TABLE `RESOURCE_SERVER_SCOPE`
    ADD CONSTRAINT `FK_FRSRSO213XCX4WNKOG82SSRFY` FOREIGN KEY (`RESOURCE_SERVER_ID`) REFERENCES `RESOURCE_SERVER` (`ID`);

ALTER TABLE `RESOURCE_URIS`
    ADD CONSTRAINT `FK_RESOURCE_SERVER_URIS` FOREIGN KEY (`RESOURCE_ID`) REFERENCES `RESOURCE_SERVER_RESOURCE` (`ID`);

ALTER TABLE `ROLE_ATTRIBUTE`
    ADD CONSTRAINT `FK_ROLE_ATTRIBUTE_ID` FOREIGN KEY (`ROLE_ID`) REFERENCES `KEYCLOAK_ROLE` (`ID`);

ALTER TABLE `SCOPE_MAPPING`
    ADD CONSTRAINT `FK_OUSE064PLMLR732LXJCN1Q5F1` FOREIGN KEY (`CLIENT_ID`) REFERENCES `CLIENT` (`ID`);

ALTER TABLE `SCOPE_POLICY`
    ADD CONSTRAINT `FK_FRSRASP13XCX4WNKOG82SSRFY` FOREIGN KEY (`POLICY_ID`) REFERENCES `RESOURCE_SERVER_POLICY` (`ID`),
    ADD CONSTRAINT `FK_FRSRPASS3XCX4WNKOG82SSRFY` FOREIGN KEY (`SCOPE_ID`) REFERENCES `RESOURCE_SERVER_SCOPE` (`ID`);

ALTER TABLE `USER_ATTRIBUTE`
    ADD CONSTRAINT `FK_5HRM2VLF9QL5FU043KQEPOVBR` FOREIGN KEY (`USER_ID`) REFERENCES `USER_ENTITY` (`ID`);

ALTER TABLE `USER_CONSENT`
    ADD CONSTRAINT `FK_GRNTCSNT_USER` FOREIGN KEY (`USER_ID`) REFERENCES `USER_ENTITY` (`ID`);

ALTER TABLE `USER_CONSENT_CLIENT_SCOPE`
    ADD CONSTRAINT `FK_GRNTCSNT_CLSC_USC` FOREIGN KEY (`USER_CONSENT_ID`) REFERENCES `USER_CONSENT` (`ID`);

ALTER TABLE `USER_FEDERATION_CONFIG`
    ADD CONSTRAINT `FK_T13HPU1J94R2EBPEKR39X5EU5` FOREIGN KEY (`USER_FEDERATION_PROVIDER_ID`) REFERENCES `USER_FEDERATION_PROVIDER` (`ID`);

ALTER TABLE `USER_FEDERATION_MAPPER`
    ADD CONSTRAINT `FK_FEDMAPPERPM_FEDPRV` FOREIGN KEY (`FEDERATION_PROVIDER_ID`) REFERENCES `USER_FEDERATION_PROVIDER` (`ID`),
    ADD CONSTRAINT `FK_FEDMAPPERPM_REALM` FOREIGN KEY (`REALM_ID`) REFERENCES `REALM` (`ID`);

ALTER TABLE `USER_FEDERATION_MAPPER_CONFIG`
    ADD CONSTRAINT `FK_FEDMAPPER_CFG` FOREIGN KEY (`USER_FEDERATION_MAPPER_ID`) REFERENCES `USER_FEDERATION_MAPPER` (`ID`);

ALTER TABLE `USER_FEDERATION_PROVIDER`
    ADD CONSTRAINT `FK_1FJ32F6PTOLW2QY60CD8N01E8` FOREIGN KEY (`REALM_ID`) REFERENCES `REALM` (`ID`);

ALTER TABLE `USER_GROUP_MEMBERSHIP`
    ADD CONSTRAINT `FK_USER_GROUP_USER` FOREIGN KEY (`USER_ID`) REFERENCES `USER_ENTITY` (`ID`);

ALTER TABLE `USER_REQUIRED_ACTION`
    ADD CONSTRAINT `FK_6QJ3W1JW9CVAFHE19BWSIUVMD` FOREIGN KEY (`USER_ID`) REFERENCES `USER_ENTITY` (`ID`);

ALTER TABLE `USER_ROLE_MAPPING`
    ADD CONSTRAINT `FK_C4FQV34P1MBYLLOXANG7B1Q3L` FOREIGN KEY (`USER_ID`) REFERENCES `USER_ENTITY` (`ID`);

ALTER TABLE `USER_SESSION_NOTE`
    ADD CONSTRAINT `FK5EDFB00FF51D3472` FOREIGN KEY (`USER_SESSION`) REFERENCES `USER_SESSION` (`ID`);

ALTER TABLE `WEB_ORIGINS`
    ADD CONSTRAINT `FK_LOJPHO213XCX4WNKOG82SSRFY` FOREIGN KEY (`CLIENT_ID`) REFERENCES `CLIENT` (`ID`);
